plugin_id,cve,cvss_v3
210001,CVE-2024-30080,9.8
210001,CVE-2024-30068,8.8
210001,CVE-2024-30097,8.8
210001,CVE-2024-30078,8.8
210001,CVE-2024-30077,8.0
210001,CVE-2024-30091,7.8
210001,CVE-2024-30087,7.8
210001,CVE-2024-30062,7.8
210001,CVE-2024-35250,7.8
210001,CVE-2024-30094,7.8
210001,CVE-2024-30086,7.8
210001,CVE-2024-30095,7.8
210001,CVE-2024-30082,7.8
210001,CVE-2024-30083,7.5
210001,CVE-2024-30070,7.5
210001,CVE-2024-30093,7.3
210001,CVE-2024-30084,7.0
210001,CVE-2024-30088,7.0
210001,CVE-2024-30099,7.0
210001,CVE-2024-30090,7.0
210001,CVE-2024-30076,6.8
210001,CVE-2024-30063,6.7
210001,CVE-2024-30066,5.5
210001,CVE-2024-30065,5.5
210001,CVE-2024-30067,5.5
210001,CVE-2024-30069,4.7
210002,CVE-2024-38077,9.8
210002,CVE-2024-38076,9.8
210002,CVE-2024-38074,9.8
210002,CVE-2024-38060,8.8
210002,CVE-2024-28899,8.8
210002,CVE-2024-38104,8.8
210002,CVE-2024-38053,8.8
210002,CVE-2024-30013,8.8
210002,CVE-2024-37973,8.8
210002,CVE-2024-37984,8.4
210002,CVE-2024-37987,8.0
210002,CVE-2024-37989,8.0
210002,CVE-2024-37969,8.0
210002,CVE-2024-37986,8.0
210002,CVE-2024-37988,8.0
210002,CVE-2024-37974,8.0
210002,CVE-2024-37972,8.0
210002,CVE-2024-37975,8.0
210002,CVE-2024-37971,8.0
210002,CVE-2024-38011,8.0
210002,CVE-2024-38010,8.0
210002,CVE-2024-37970,8.0
210002,CVE-2024-38085,7.8
210002,CVE-2024-38047,7.8
210002,CVE-2024-38043,7.8
210002,CVE-2024-38034,7.8
210002,CVE-2024-38054,7.8
210002,CVE-2024-38057,7.8
210002,CVE-2024-30079,7.8
210002,CVE-2024-38051,7.8
210002,CVE-2024-38079,7.8
210002,CVE-2024-38100,7.8
210002,CVE-2024-38050,7.8
210002,CVE-2024-38066,7.8
210002,CVE-2024-38062,7.8
210002,CVE-2024-38070,7.8
210002,CVE-2024-38052,7.8
210002,CVE-2024-38073,7.5
210002,CVE-2024-38015,7.5
210002,CVE-2024-38112,7.5
210002,CVE-2024-38031,7.5
210002,CVE-2024-38071,7.5
210002,CVE-2024-38072,7.5
210002,CVE-2024-38068,7.5
210002,CVE-2024-38091,7.5
210002,CVE-2024-38067,7.5
210002,CVE-2024-30098,7.5
210002,CVE-2024-38064,7.5
210002,CVE-2024-38061,7.5
210002,CVE-2024-38033,7.3
210002,CVE-2024-38019,7.2
210002,CVE-2024-38025,7.2
210002,CVE-2024-38028,7.2
210002,CVE-2024-38044,7.2
210002,CVE-2024-30081,7.1
210002,CVE-2024-38069,7.0
210002,CVE-2024-38022,7.0
210002,CVE-2024-38065,6.8
210002,CVE-2024-38058,6.8
210002,CVE-2024-38013,6.7
210002,CVE-2024-38049,6.6
210002,CVE-2024-38048,6.5
210002,CVE-2024-38105,6.5
210002,CVE-2024-38027,6.5
210002,CVE-2024-38030,6.5
210002,CVE-2024-38101,6.5
210002,CVE-2024-38102,6.5
210002,CVE-2024-38099,5.9
210002,CVE-2024-38056,5.5
210002,CVE-2024-38017,5.5
210002,CVE-2024-38055,5.5
210002,CVE-2024-38041,5.5
210002,CVE-2024-35270,5.3
210002,CVE-2024-30071,4.7
210003,CVE-2024-38199,9.8
210003,CVE-2024-38140,9.8
210003,CVE-2024-38063,9.8
210003,CVE-2024-38160,9.1
210003,CVE-2024-38159,9.1
210003,CVE-2024-38180,8.8
210003,CVE-2024-38121,8.8
210003,CVE-2024-38128,8.8
210003,CVE-2024-38154,8.8
210003,CVE-2024-38131,8.8
210003,CVE-2024-38116,8.8
210003,CVE-2024-38115,8.8
210003,CVE-2024-38130,8.8
210003,CVE-2024-38144,8.8
210003,CVE-2024-38120,8.8
210003,CVE-2024-38114,8.8
210003,CVE-2024-29995,8.1
210003,CVE-2024-38141,7.8
210003,CVE-2024-38184,7.8
210003,CVE-2024-38117,7.8
210003,CVE-2024-38127,7.8
210003,CVE-2024-38193,7.8
210003,CVE-2024-38191,7.8
210003,CVE-2024-38142,7.8
210003,CVE-2024-38185,7.8
210003,CVE-2024-38107,7.8
210003,CVE-2024-38152,7.8
210003,CVE-2024-38186,7.8
210003,CVE-2024-38153,7.8
210003,CVE-2024-38125,7.8
210003,CVE-2024-38134,7.8
210003,CVE-2024-38196,7.8
210003,CVE-2024-38187,7.8
210003,CVE-2024-38198,7.5
210003,CVE-2024-38146,7.5
210003,CVE-2024-37968,7.5
210003,CVE-2024-38178,7.5
210003,CVE-2024-38145,7.5
210003,CVE-2024-38126,7.5
210003,CVE-2024-38132,7.5
210003,CVE-2024-38138,7.5
210003,CVE-2024-38202,7.3
210003,CVE-2024-38106,7.0
210003,CVE-2024-38223,6.8
210003,CVE-2024-21302,6.7
210003,CVE-2024-38214,6.5
210003,CVE-2024-38213,6.5
210003,CVE-2024-38118,5.5
210003,CVE-2024-38151,5.5
210003,CVE-2024-38122,5.5
210003,CVE-2024-38143,4.2
210004,CVE-2024-38260,8.8
210004,CVE-2024-43455,8.8
210004,CVE-2024-43461,8.8
210004,CVE-2024-38240,8.1
210004,CVE-2024-38243,7.8
210004,CVE-2024-38245,7.8
210004,CVE-2024-38250,7.8
210004,CVE-2024-38241,7.8
210004,CVE-2024-38237,7.8
210004,CVE-2024-38247,7.8
210004,CVE-2024-38014,7.8
210004,CVE-2024-38252,7.8
210004,CVE-2024-38249,7.8
210004,CVE-2024-38046,7.8
210004,CVE-2024-38244,7.8
210004,CVE-2024-38242,7.8
210004,CVE-2024-38238,7.8
210004,CVE-2024-30073,7.8
210004,CVE-2024-43458,7.7
210004,CVE-2024-38233,7.5
210004,CVE-2024-38257,7.5
210004,CVE-2024-38263,7.5
210004,CVE-2024-38236,7.5
210004,CVE-2024-38119,7.5
210004,CVE-2024-43467,7.5
210004,CVE-2024-38232,7.5
210004,CVE-2024-38239,7.2
210004,CVE-2024-43454,7.1
210004,CVE-2024-38234,6.5
210004,CVE-2024-38231,6.5
210004,CVE-2024-38258,6.5
210004,CVE-2024-38235,6.5
210004,CVE-2024-38230,6.5
210004,CVE-2024-43487,6.5
210004,CVE-2024-38254,5.5
210004,CVE-2024-38256,5.5
210004,CVE-2024-38217,5.4
210005,CVE-2024-38124,9.0
210005,CVE-2024-38212,8.8
210005,CVE-2024-38265,8.8
210005,CVE-2024-43599,8.8
210005,CVE-2024-43611,8.8
210005,CVE-2024-43549,8.8
210005,CVE-2024-43564,8.8
210005,CVE-2024-43607,8.8
210005,CVE-2024-43532,8.8
210005,CVE-2024-43453,8.8
210005,CVE-2024-43589,8.8
210005,CVE-2024-43519,8.8
210005,CVE-2024-43608,8.8
210005,CVE-2024-43592,8.8
210005,CVE-2024-43593,8.8
210005,CVE-2024-43518,8.8
210005,CVE-2024-43517,8.8
210005,CVE-2024-30092,8.0
210005,CVE-2024-43563,7.8
210005,CVE-2024-43516,7.8
210005,CVE-2024-38261,7.8
210005,CVE-2024-43514,7.8
210005,CVE-2024-43556,7.8
210005,CVE-2024-43509,7.8
210005,CVE-2024-43572,7.8
210005,CVE-2024-43551,7.8
210005,CVE-2024-43583,7.8
210005,CVE-2024-43560,7.8
210005,CVE-2024-43501,7.8
210005,CVE-2024-43545,7.5
210005,CVE-2024-43506,7.5
210005,CVE-2024-43567,7.5
210005,CVE-2024-43521,7.5
210005,CVE-2024-43541,7.5
210005,CVE-2024-43544,7.5
210005,CVE-2024-43575,7.5
210005,CVE-2024-38262,7.5
210005,CVE-2024-38149,7.5
210005,CVE-2024-43565,7.5
210005,CVE-2024-43562,7.5
210005,CVE-2024-43515,7.5
210005,CVE-2024-43553,7.4
210005,CVE-2024-43550,7.4
210005,CVE-2024-43511,7.0
210005,CVE-2024-43535,7.0
210005,CVE-2024-37982,6.7
210005,CVE-2024-37979,6.7
210005,CVE-2024-37976,6.7
210005,CVE-2024-37983,6.7
210005,CVE-2024-43534,6.5
210005,CVE-2024-43547,6.5
210005,CVE-2024-43573,6.5
210005,CVE-2024-43512,6.5
210005,CVE-2024-43570,6.4
210005,CVE-2024-43513,6.4
210005,CVE-2024-43554,5.5
210005,CVE-2024-43520,5.0
210005,CVE-2024-43456,4.8
210006,CVE-2024-43639,9.8
210006,CVE-2024-43621,8.8
210006,CVE-2024-43627,8.8
210006,CVE-2024-43628,8.8
210006,CVE-2024-49039,8.8
210006,CVE-2024-43622,8.8
210006,CVE-2024-43620,8.8
210006,CVE-2024-43635,8.8
210006,CVE-2024-49046,7.8
210006,CVE-2024-43636,7.8
210006,CVE-2024-43644,7.8
210006,CVE-2024-43626,7.8
210006,CVE-2024-49019,7.8
210006,CVE-2024-43641,7.8
210006,CVE-2024-43623,7.8
210006,CVE-2024-43450,7.5
210006,CVE-2024-43643,6.8
210006,CVE-2024-43634,6.8
210006,CVE-2024-43449,6.8
210006,CVE-2024-43638,6.8
210006,CVE-2024-43637,6.8
210006,CVE-2024-43646,6.7
210006,CVE-2024-43645,6.7
210006,CVE-2024-43451,6.5
210006,CVE-2024-38203,6.2
210007,CVE-2024-49112,9.8
210007,CVE-2024-49104,8.8
210007,CVE-2024-49085,8.8
210007,CVE-2024-49102,8.8
210007,CVE-2024-49080,8.8
210007,CVE-2024-49125,8.8
210007,CVE-2024-49086,8.8
210007,CVE-2024-49105,8.4
210007,CVE-2024-49106,8.1
210007,CVE-2024-49127,8.1
210007,CVE-2024-49126,8.1
210007,CVE-2024-49120,8.1
210007,CVE-2024-49118,8.1
210007,CVE-2024-49122,8.1
210007,CVE-2024-49108,8.1
210007,CVE-2024-49116,8.1
210007,CVE-2024-49124,8.1
210007,CVE-2024-49115,8.1
210007,CVE-2024-49128,8.1
210007,CVE-2024-49119,8.1
210007,CVE-2024-49079,7.8
210007,CVE-2024-49088,7.8
210007,CVE-2024-49072,7.8
210007,CVE-2024-49090,7.8
210007,CVE-2024-49138,7.8
210007,CVE-2024-49113,7.5
210007,CVE-2024-49129,7.5
210007,CVE-2024-49121,7.5
210007,CVE-2024-49096,7.5
210007,CVE-2024-49107,7.3
210007,CVE-2024-49091,7.2
210007,CVE-2024-49089,7.2
210007,CVE-2024-49084,7.0
210007,CVE-2024-49082,6.8
210008,CVE-2025-21307,9.8
210008,CVE-2025-21298,9.8
210008,CVE-2025-21266,8.8
210008,CVE-2025-21233,8.8
210008,CVE-2025-21248,8.8
210008,CVE-2025-21238,8.8
210008,CVE-2025-21413,8.8
210008,CVE-2025-21417,8.8
210008,CVE-2025-21306,8.8
210008,CVE-2025-21339,8.8
210008,CVE-2025-21303,8.8
210008,CVE-2025-21250,8.8
210008,CVE-2025-21241,8.8
210008,CVE-2025-21286,8.8
210008,CVE-2025-21409,8.8
210008,CVE-2025-21244,8.8
210008,CVE-2025-21305,8.8
210008,CVE-2025-21239,8.8
210008,CVE-2025-21243,8.8
210008,CVE-2025-21273,8.8
210008,CVE-2025-21282,8.8
210008,CVE-2025-21246,8.8
210008,CVE-2025-21302,8.8
210008,CVE-2025-21245,8.8
210008,CVE-2025-21240,8.8
210008,CVE-2025-21293,8.8
210008,CVE-2025-21236,8.8
210008,CVE-2025-21252,8.8
210008,CVE-2025-21237,8.8
210008,CVE-2025-21411,8.8
210008,CVE-2025-21223,8.8
210008,CVE-2025-21294,8.1
210008,CVE-2025-21309,8.1
210008,CVE-2025-21297,8.1
210008,CVE-2025-21295,8.1
210008,CVE-2025-21287,7.8
210008,CVE-2025-21378,7.8
210008,CVE-2025-21304,7.8
210008,CVE-2025-21338,7.8
210008,CVE-2025-21281,7.8
210008,CVE-2025-21220,7.5
210008,CVE-2025-21277,7.5
210008,CVE-2025-21251,7.5
210008,CVE-2025-21276,7.5
210008,CVE-2025-21285,7.5
210008,CVE-2025-21218,7.5
210008,CVE-2025-21270,7.5
210008,CVE-2025-21290,7.5
210008,CVE-2025-21289,7.5
210008,CVE-2025-21231,7.5
210008,CVE-2025-21296,7.5
210008,CVE-2025-21389,7.5
210008,CVE-2025-21230,7.5
210008,CVE-2025-21300,7.5
210008,CVE-2025-21331,7.3
210008,CVE-2025-21299,7.1
210008,CVE-2025-21211,6.8
210008,CVE-2025-21232,6.6
210008,CVE-2025-21228,6.6
210008,CVE-2025-21327,6.6
210008,CVE-2025-21227,6.6
210008,CVE-2025-21341,6.6
210008,CVE-2025-21261,6.6
210008,CVE-2025-21310,6.6
210008,CVE-2025-21249,6.6
210008,CVE-2025-21260,6.6
210008,CVE-2025-21226,6.6
210008,CVE-2025-21258,6.6
210008,CVE-2025-21229,6.6
210008,CVE-2025-21324,6.6
210008,CVE-2025-21265,6.6
210008,CVE-2025-21263,6.6
210008,CVE-2025-21255,6.6
210008,CVE-2025-21256,6.6
210008,CVE-2025-21308,6.5
210008,CVE-2025-21193,6.5
210008,CVE-2025-21217,6.5
210008,CVE-2025-21272,6.5
210008,CVE-2025-21314,6.5
210008,CVE-2025-21301,6.5
210008,CVE-2025-21288,6.5
210008,CVE-2025-21278,6.2
210008,CVE-2025-21202,6.1
210008,CVE-2025-21225,5.9
210008,CVE-2025-21242,5.9
210008,CVE-2025-21336,5.6
210008,CVE-2025-21318,5.5
210008,CVE-2025-21316,5.5
210008,CVE-2025-21284,5.5
210008,CVE-2025-21280,5.5
210008,CVE-2025-21274,5.5
210008,CVE-2025-21323,5.5
210008,CVE-2025-21257,5.5
210008,CVE-2025-21320,5.5
210008,CVE-2025-21321,5.5
210008,CVE-2025-21319,5.5
210008,CVE-2025-21374,5.5
210008,CVE-2025-21215,4.6
210008,CVE-2025-21213,4.6
210008,CVE-2025-21328,4.3
210008,CVE-2025-21269,4.3
210008,CVE-2025-21268,4.3
210008,CVE-2025-21332,4.3
210008,CVE-2025-21329,4.3
210008,CVE-2025-21189,4.3
210008,CVE-2025-21219,4.3
210008,CVE-2025-21210,4.2
210008,CVE-2025-21214,4.2
210008,CVE-2025-21312,2.4
210009,CVE-2025-21368,8.8
210009,CVE-2025-21369,8.8
210009,CVE-2025-21406,8.8
210009,CVE-2025-21410,8.8
210009,CVE-2025-21407,8.8
210009,CVE-2025-21200,8.8
210009,CVE-2025-21190,8.8
210009,CVE-2025-21208,8.8
210009,CVE-2025-21371,8.8
210009,CVE-2025-21201,8.8
210009,CVE-2025-21376,8.1
210009,CVE-2025-21418,7.8
210009,CVE-2025-21358,7.8
210009,CVE-2025-21420,7.8
210009,CVE-2025-21375,7.8
210009,CVE-2025-21359,7.8
210009,CVE-2025-21373,7.8
210009,CVE-2025-21181,7.5
210009,CVE-2025-21351,7.5
210009,CVE-2025-21391,7.1
210009,CVE-2025-21419,7.1
210009,CVE-2025-21184,7.0
210009,CVE-2025-21414,7.0
210009,CVE-2025-21349,6.8
210009,CVE-2025-21377,6.5
210009,CVE-2025-21254,6.5
210009,CVE-2025-21212,6.5
210009,CVE-2025-21352,6.5
210009,CVE-2025-21216,6.5
210009,CVE-2025-21347,6.0
210009,CVE-2025-21350,5.9
210009,CVE-2025-21337,3.3
210010,CVE-2025-24051,8.8
210010,CVE-2025-26645,8.8
210010,CVE-2025-24056,8.8
210010,CVE-2025-24064,8.1
210010,CVE-2025-24045,8.1
210010,CVE-2025-24035,8.1
210010,CVE-2025-21180,7.8
210010,CVE-2025-24993,7.8
210010,CVE-2025-24048,7.8
210010,CVE-2025-24061,7.8
210010,CVE-2025-24046,7.8
210010,CVE-2025-24066,7.8
210010,CVE-2025-24059,7.8
210010,CVE-2025-24044,7.8
210010,CVE-2025-24072,7.8
210010,CVE-2025-24067,7.8
210010,CVE-2025-24985,7.8
210010,CVE-2025-24050,7.8
210010,CVE-2025-24995,7.8
210010,CVE-2025-26634,7.5
210010,CVE-2025-25008,7.1
210010,CVE-2025-26633,7.0
210010,CVE-2025-24983,7.0
210010,CVE-2025-24988,6.6
210010,CVE-2025-24987,6.6
210010,CVE-2025-24996,6.5
210010,CVE-2025-24054,6.5
210010,CVE-2025-24071,6.5
210010,CVE-2025-24992,5.5
210010,CVE-2025-24991,5.5
210010,CVE-2025-24984,4.6
210010,CVE-2025-24055,4.3
210010,CVE-2025-21247,4.3
210011,CVE-2025-26669,8.8
210011,CVE-2025-26647,8.8
210011,CVE-2025-27481,8.8
210011,CVE-2025-27477,8.8
210011,CVE-2025-27740,8.8
210011,CVE-2025-21205,8.8
210011,CVE-2025-21222,8.8
210011,CVE-2025-21221,8.8
210011,CVE-2025-27737,8.6
210011,CVE-2025-26663,8.1
210011,CVE-2025-26671,8.1
210011,CVE-2025-26670,8.1
210011,CVE-2025-27480,8.1
210011,CVE-2025-27482,8.1
210011,CVE-2025-27487,8.0
210011,CVE-2025-26679,7.8
210011,CVE-2025-21204,7.8
210011,CVE-2025-27483,7.8
210011,CVE-2025-27727,7.8
210011,CVE-2025-27741,7.8
210011,CVE-2025-26688,7.8
210011,CVE-2025-26648,7.8
210011,CVE-2025-24073,7.8
210011,CVE-2025-27733,7.8
210011,CVE-2025-29824,7.8
210011,CVE-2025-26680,7.5
210011,CVE-2025-27486,7.5
210011,CVE-2025-26673,7.5
210011,CVE-2025-21174,7.5
210011,CVE-2025-27479,7.5
210011,CVE-2025-27473,7.5
210011,CVE-2025-27484,7.5
210011,CVE-2025-27469,7.5
210011,CVE-2025-26687,7.5
210011,CVE-2025-27470,7.5
210011,CVE-2025-27485,7.5
210011,CVE-2025-26641,7.5
210011,CVE-2025-26668,7.5
210011,CVE-2025-26686,7.5
210011,CVE-2025-29810,7.5
210011,CVE-2025-26652,7.5
210011,CVE-2025-27491,7.1
210011,CVE-2025-29809,7.1
210011,CVE-2025-26665,7.0
210011,CVE-2025-21191,7.0
210011,CVE-2025-27478,7.0
210011,CVE-2025-27732,7.0
210011,CVE-2025-26637,6.8
210011,CVE-2025-26664,6.5
210011,CVE-2025-26667,6.5
210011,CVE-2025-26676,6.5
210011,CVE-2025-26672,6.5
210011,CVE-2025-21203,6.5
210011,CVE-2025-27738,6.5
210011,CVE-2025-21197,6.5
210011,CVE-2025-27474,6.5
210011,CVE-2025-27735,6.0
210011,CVE-2025-27471,5.9
210011,CVE-2025-27736,5.5
210011,CVE-2025-27742,5.5
210012,CVE-2025-29962,8.8
210012,CVE-2025-29966,8.8
210012,CVE-2025-29967,8.8
210012,CVE-2025-29840,8.8
210012,CVE-2025-32706,7.8
210012,CVE-2025-24063,7.8
210012,CVE-2025-32701,7.8
210012,CVE-2025-32709,7.8
210012,CVE-2025-32707,7.8
210012,CVE-2025-30385,7.8
210012,CVE-2025-30388,7.8
210012,CVE-2025-29833,7.7
210012,CVE-2025-29842,7.5
210012,CVE-2025-29969,7.5
210012,CVE-2025-29831,7.5
210012,CVE-2025-26677,7.5
210012,CVE-2025-30397,7.5
210012,CVE-2025-27468,7.0
210012,CVE-2025-29961,6.5
210012,CVE-2025-29968,6.5
210012,CVE-2025-29830,6.5
210012,CVE-2025-29960,6.5
210012,CVE-2025-29835,6.5
210012,CVE-2025-29958,6.5
210012,CVE-2025-29836,6.5
210012,CVE-2025-29959,6.5
210012,CVE-2025-29832,6.5
210012,CVE-2025-29957,6.2
210012,CVE-2025-29954,5.9
210012,CVE-2025-30394,5.9
210012,CVE-2025-29974,5.7
210012,CVE-2025-29837,5.5
210012,CVE-2025-29829,5.5
210012,CVE-2025-29956,5.4
210012,CVE-2025-29839,4.0
210013,CVE-2025-33073,8.8
210013,CVE-2025-33053,8.8
210013,CVE-2025-33064,8.8
210013,CVE-2025-33066,8.8
210013,CVE-2025-33067,8.4
210013,CVE-2025-33071,8.1
210013,CVE-2025-33070,8.1
210013,CVE-2025-32710,8.1
210013,CVE-2025-33075,7.8
210013,CVE-2025-32712,7.8
210013,CVE-2025-32716,7.8
210013,CVE-2025-32718,7.8
210013,CVE-2025-47955,7.8
210013,CVE-2025-32714,7.8
210013,CVE-2025-32713,7.8
210013,CVE-2025-33068,7.5
210013,CVE-2025-32724,7.5
210013,CVE-2025-32725,7.5
210013,CVE-2025-33050,7.5
210013,CVE-2025-33056,7.5
210013,CVE-2025-32721,7.3
210013,CVE-2025-33057,6.5
210013,CVE-2025-32715,6.5
210013,CVE-2025-24068,5.5
210013,CVE-2025-24065,5.5
210013,CVE-2025-24069,5.5
210013,CVE-2025-33055,5.5
210013,CVE-2025-33058,5.5
210013,CVE-2025-33065,5.5
210013,CVE-2025-33061,5.5
210013,CVE-2025-33062,5.5
210013,CVE-2025-33059,5.5
210013,CVE-2025-33060,5.5
210013,CVE-2025-32719,5.5
210013,CVE-2025-32720,5.5
210013,CVE-2025-32722,5.5
210013,CVE-2025-47160,5.4
210014,CVE-2025-47981,9.8
210014,CVE-2025-47986,8.8
210014,CVE-2025-47998,8.8
210014,CVE-2025-49687,8.8
210014,CVE-2025-49657,8.8
210014,CVE-2025-49729,8.8
210014,CVE-2025-49668,8.8
210014,CVE-2025-49674,8.8
210014,CVE-2025-49676,8.8
210014,CVE-2025-49663,8.8
210014,CVE-2025-49740,8.8
210014,CVE-2025-49672,8.8
210014,CVE-2025-49673,8.8
210014,CVE-2025-49669,8.8
210014,CVE-2025-49688,8.8
210014,CVE-2025-49753,8.8
210014,CVE-2025-48824,8.8
210014,CVE-2025-48817,8.8
210014,CVE-2025-48822,8.6
210014,CVE-2025-49735,8.1
210014,CVE-2025-47972,8.0
210014,CVE-2025-49691,8.0
210014,CVE-2025-47985,7.8
210014,CVE-2025-47159,7.8
210014,CVE-2025-49661,7.8
210014,CVE-2025-49726,7.8
210014,CVE-2025-47996,7.8
210014,CVE-2025-47976,7.8
210014,CVE-2025-47971,7.8
210014,CVE-2025-47987,7.8
210014,CVE-2025-47973,7.8
210014,CVE-2025-47982,7.8
210014,CVE-2025-47991,7.8
210014,CVE-2025-48805,7.8
210014,CVE-2025-49732,7.8
210014,CVE-2025-49667,7.8
210014,CVE-2025-49683,7.8
210014,CVE-2025-49725,7.8
210014,CVE-2025-49659,7.8
210014,CVE-2025-49679,7.8
210014,CVE-2025-49689,7.8
210014,CVE-2025-48000,7.8
210014,CVE-2025-48815,7.8
210014,CVE-2025-49721,7.8
210014,CVE-2025-49686,7.8
210014,CVE-2025-49660,7.8
210014,CVE-2025-48820,7.8
210014,CVE-2025-48816,7.8
210014,CVE-2025-48806,7.8
210014,CVE-2025-49730,7.8
210014,CVE-2025-49675,7.8
210014,CVE-2025-49665,7.8
210014,CVE-2025-49742,7.8
210014,CVE-2025-47984,7.5
210014,CVE-2025-49716,7.5
210014,CVE-2025-48814,7.5
210014,CVE-2025-49680,7.3
210014,CVE-2025-49666,7.2
210014,CVE-2025-48819,7.1
210014,CVE-2025-48821,7.1
210014,CVE-2025-47975,7.0
210014,CVE-2025-49727,7.0
210014,CVE-2025-49744,7.0
210014,CVE-2025-49678,7.0
210014,CVE-2025-48800,6.8
210014,CVE-2025-47999,6.8
210014,CVE-2025-48001,6.8
210014,CVE-2025-48804,6.8
210014,CVE-2025-48818,6.8
210014,CVE-2025-48811,6.7
210014,CVE-2025-48803,6.7
210014,CVE-2025-49671,6.5
210014,CVE-2025-49681,6.5
210014,CVE-2025-49670,6.5
210014,CVE-2025-47980,6.2
210014,CVE-2025-48823,5.9
210014,CVE-2025-49722,5.7
210014,CVE-2025-48808,5.5
210014,CVE-2025-49658,5.5
210014,CVE-2025-49684,5.5
210014,CVE-2025-49664,5.5
210014,CVE-2025-49760,3.5
210015,CVE-2025-53766,9.8
210015,CVE-2025-53143,8.8
210015,CVE-2025-53778,8.8
210015,CVE-2025-53144,8.8
210015,CVE-2025-50163,8.8
210015,CVE-2025-53145,8.8
210015,CVE-2025-49757,8.8
210015,CVE-2025-50177,8.1
210015,CVE-2025-50160,8.0
210015,CVE-2025-50164,8.0
210015,CVE-2025-53720,8.0
210015,CVE-2025-50162,8.0
210015,CVE-2025-53723,7.8
210015,CVE-2025-49761,7.8
210015,CVE-2025-53152,7.8
210015,CVE-2025-53726,7.8
210015,CVE-2025-53725,7.8
210015,CVE-2025-53141,7.8
210015,CVE-2025-53789,7.8
210015,CVE-2025-53149,7.8
210015,CVE-2025-50153,7.8
210015,CVE-2025-53155,7.8
210015,CVE-2025-53724,7.8
210015,CVE-2025-50173,7.8
210015,CVE-2025-50155,7.8
210015,CVE-2025-53154,7.8
210015,CVE-2025-55230,7.8
210015,CVE-2025-53132,7.8
210015,CVE-2025-55231,7.5
210015,CVE-2025-53722,7.5
210015,CVE-2025-50161,7.3
210015,CVE-2025-50159,7.3
210015,CVE-2025-53134,7.0
210015,CVE-2025-49762,7.0
210015,CVE-2025-53147,7.0
210015,CVE-2025-53718,7.0
210015,CVE-2025-53140,7.0
210015,CVE-2025-53137,7.0
210015,CVE-2025-50158,7.0
210015,CVE-2025-53135,7.0
210015,CVE-2025-50167,7.0
210015,CVE-2025-49751,6.8
210015,CVE-2025-48807,6.7
210015,CVE-2025-49743,6.7
210015,CVE-2025-50166,6.5
210015,CVE-2025-50154,6.5
210015,CVE-2025-53138,5.7
210015,CVE-2025-53153,5.7
210015,CVE-2025-53719,5.7
210015,CVE-2025-53148,5.7
210015,CVE-2025-50156,5.7
210015,CVE-2025-50157,5.7
210015,CVE-2025-53136,5.5
210015,CVE-2025-55229,5.3
210017,CVE-2025-59287,9.8
210017,CVE-2025-58718,8.8
210017,CVE-2025-58716,8.8
210017,CVE-2025-58715,8.8
210017,CVE-2025-59295,8.8
210017,CVE-2025-24052,7.8
210017,CVE-2025-59278,7.8
210017,CVE-2025-50152,7.8
210017,CVE-2025-59275,7.8
210017,CVE-2025-58714,7.8
210017,CVE-2025-24990,7.8
210017,CVE-2025-59201,7.8
210017,CVE-2025-55701,7.8
210017,CVE-2025-58722,7.8
210017,CVE-2025-59277,7.8
210017,CVE-2025-59242,7.8
210017,CVE-2025-59192,7.8
210017,CVE-2025-59187,7.8
210017,CVE-2025-59230,7.8
210017,CVE-2025-59254,7.8
210017,CVE-2025-55328,7.8
210017,CVE-2025-55692,7.8
210017,CVE-2025-59200,7.7
210017,CVE-2025-58726,7.5
210017,CVE-2025-55335,7.4
210017,CVE-2025-55687,7.4
210017,CVE-2025-25004,7.3
210017,CVE-2025-59208,7.1
210017,CVE-2025-58734,7.0
210017,CVE-2025-58730,7.0
210017,CVE-2025-59202,7.0
210017,CVE-2025-58732,7.0
210017,CVE-2025-55678,7.0
210017,CVE-2025-58733,7.0
210017,CVE-2025-58737,7.0
210017,CVE-2025-58735,7.0
210017,CVE-2025-58725,7.0
210017,CVE-2025-58736,7.0
210017,CVE-2025-59205,7.0
210017,CVE-2025-59282,7.0
210017,CVE-2025-59196,7.0
210017,CVE-2025-58729,6.5
210017,CVE-2025-59259,6.5
210017,CVE-2025-59185,6.5
210017,CVE-2025-59214,6.5
210017,CVE-2025-59244,6.5
210017,CVE-2025-58739,6.5
210017,CVE-2025-58717,6.5
210017,CVE-2025-55700,6.5
210017,CVE-2025-59258,6.2
210017,CVE-2025-55333,6.1
210017,CVE-2025-55338,6.1
210017,CVE-2025-55325,5.5
210017,CVE-2025-55695,5.5
210017,CVE-2025-59209,5.5
210017,CVE-2025-59186,5.5
210017,CVE-2025-55683,5.5
210017,CVE-2025-59260,5.5
210017,CVE-2025-55699,5.5
210017,CVE-2025-59203,5.5
210017,CVE-2025-59197,5.5
210017,CVE-2025-59188,5.5
210017,CVE-2025-59253,5.5
210017,CVE-2025-59211,5.5
210017,CVE-2025-59184,5.5
210017,CVE-2025-59190,5.5
210017,CVE-2025-59198,5.0
210017,CVE-2025-58719,4.7
210017,CVE-2025-59280,3.1
210017,CVE-2025-59294,2.1
210018,CVE-2025-60724,9.8
210018,CVE-2025-60715,8.0
210018,CVE-2025-62452,8.0
210018,CVE-2025-60713,7.8
210018,CVE-2025-60703,7.8
210018,CVE-2025-60720,7.8
210018,CVE-2025-60714,7.8
210018,CVE-2025-60709,7.8
210018,CVE-2025-60705,7.8
210018,CVE-2025-59512,7.8
210018,CVE-2025-59505,7.8
210018,CVE-2025-59514,7.8
210018,CVE-2025-60704,7.5
210018,CVE-2025-59508,7.0
210018,CVE-2025-59506,7.0
210018,CVE-2025-62217,7.0
210018,CVE-2025-60719,7.0
210018,CVE-2025-62213,7.0
210018,CVE-2025-59507,7.0
210018,CVE-2025-60708,6.5
210018,CVE-2025-60706,5.5
210018,CVE-2025-62208,5.5
210018,CVE-2025-62209,5.5
210018,CVE-2025-59510,5.5
210018,CVE-2025-59513,5.5
210019,CVE-2025-64678,8.8
210019,CVE-2025-62549,8.8
210019,CVE-2025-62466,7.8
210019,CVE-2025-62571,7.8
210019,CVE-2025-62470,7.8
210019,CVE-2025-62455,7.8
210019,CVE-2025-62472,7.8
210019,CVE-2025-64680,7.8
210019,CVE-2025-62474,7.8
210019,CVE-2025-62458,7.8
210019,CVE-2025-59517,7.8
210019,CVE-2025-64661,7.8
210019,CVE-2025-54100,7.8
210019,CVE-2025-64679,7.8
210019,CVE-2025-62565,7.3
210019,CVE-2025-62573,7.0
210019,CVE-2025-62473,6.5
210019,CVE-2025-62567,5.3
210020,CVE-2026-20868,8.8
210020,CVE-2026-20856,8.1
210020,CVE-2026-20931,8.0
210020,CVE-2026-20816,7.8
210020,CVE-2026-20831,7.8
210020,CVE-2026-20860,7.8
210020,CVE-2026-20840,7.8
210020,CVE-2026-20843,7.8
210020,CVE-2026-20820,7.8
210020,CVE-2026-20809,7.8
210020,CVE-2026-20940,7.8
210020,CVE-2026-20922,7.8
210020,CVE-2026-20826,7.8
210020,CVE-2026-20832,7.8
210020,CVE-2026-20822,7.8
210020,CVE-2026-20804,7.7
210020,CVE-2026-20852,7.7
210020,CVE-2026-20848,7.5
210020,CVE-2026-20921,7.5
210020,CVE-2026-20919,7.5
210020,CVE-2026-20926,7.5
210020,CVE-2026-20934,7.5
210020,CVE-2026-20875,7.5
210020,CVE-2026-0386,7.5
210020,CVE-2026-20929,7.5
210020,CVE-2026-20849,7.5
210020,CVE-2026-20844,7.4
210020,CVE-2026-20814,7.0
210020,CVE-2026-20836,7.0
210020,CVE-2026-20869,7.0
210020,CVE-2026-20925,6.5
210020,CVE-2026-20812,6.5
210020,CVE-2026-20847,6.5
210020,CVE-2026-20872,6.5
210020,CVE-2026-21265,6.4
210020,CVE-2026-20821,6.2
210020,CVE-2026-20818,6.2
210020,CVE-2026-20932,5.5
210020,CVE-2026-20827,5.5
210020,CVE-2026-20824,5.5
210020,CVE-2026-20833,5.5
210020,CVE-2026-20805,5.5
210020,CVE-2026-20939,5.5
210020,CVE-2026-20839,5.5
210020,CVE-2026-20823,5.5
210020,CVE-2026-20937,5.5
210020,CVE-2026-20927,5.3
210020,CVE-2026-20834,4.6
210020,CVE-2026-20828,4.6
210020,CVE-2026-20936,4.3
210021,CVE-2026-21513,8.8
210021,CVE-2026-21255,8.8
210021,CVE-2026-21510,8.8
210021,CVE-2026-21231,7.8
210021,CVE-2026-21236,7.8
210021,CVE-2026-21246,7.8
210021,CVE-2026-21533,7.8
210021,CVE-2026-21238,7.8
210021,CVE-2026-21251,7.8
210021,CVE-2026-21239,7.8
210021,CVE-2026-21519,7.8
210021,CVE-2026-20846,7.5
210021,CVE-2026-21247,7.3
210021,CVE-2026-21244,7.3
210021,CVE-2026-21248,7.3
210021,CVE-2026-21235,7.3
210021,CVE-2026-21253,7.0
210021,CVE-2026-21508,7.0
210021,CVE-2026-21525,6.2
210021,CVE-2026-21222,5.5
210021,CVE-2026-21249,3.3
210022,CVE-2026-25188,8.8
210022,CVE-2026-23669,8.8
210022,CVE-2026-25177,8.8
210022,CVE-2026-25173,8.0
210022,CVE-2026-25172,8.0
210022,CVE-2026-26111,8.0
210022,CVE-2026-25187,7.8
210022,CVE-2026-25190,7.8
210022,CVE-2026-23673,7.8
210022,CVE-2026-24289,7.8
210022,CVE-2026-25175,7.8
210022,CVE-2026-26128,7.8
210022,CVE-2026-25176,7.8
210022,CVE-2026-25174,7.8
210022,CVE-2026-25165,7.8
210022,CVE-2026-24291,7.8
210022,CVE-2026-24294,7.8
210022,CVE-2026-23672,7.8
210022,CVE-2026-25181,7.5
210022,CVE-2026-23674,7.5
210022,CVE-2026-24285,7.0
210022,CVE-2026-24295,7.0
210022,CVE-2026-24296,7.0
210022,CVE-2026-25171,7.0
210022,CVE-2026-23671,7.0
210022,CVE-2026-23668,7.0
210022,CVE-2026-25179,7.0
210022,CVE-2026-25178,7.0
210022,CVE-2026-24297,6.5
210022,CVE-2026-25169,6.2
210022,CVE-2026-25168,6.2
210022,CVE-2026-25186,5.5
210022,CVE-2026-25180,5.5
210022,CVE-2026-25185,5.3
210023,CVE-2026-33824,9.8
210023,CVE-2026-26167,8.8
210023,CVE-2026-32225,8.8
210023,CVE-2026-26178,8.8
210023,CVE-2026-32157,8.8
210023,CVE-2026-27928,8.7
210023,CVE-2026-32091,8.4
210023,CVE-2026-33827,8.1
210023,CVE-2026-27912,8.0
210023,CVE-2026-33826,8.0
210023,CVE-2026-32164,7.8
210023,CVE-2026-26183,7.8
210023,CVE-2026-26156,7.8
210023,CVE-2026-32183,7.8
210023,CVE-2026-32090,7.8
210023,CVE-2026-32077,7.8
210023,CVE-2026-26180,7.8
210023,CVE-2026-32154,7.8
210023,CVE-2026-26159,7.8
210023,CVE-2026-32089,7.8
210023,CVE-2026-33098,7.8
210023,CVE-2026-26162,7.8
210023,CVE-2026-26176,7.8
210023,CVE-2026-27911,7.8
210023,CVE-2026-27923,7.8
210023,CVE-2026-27920,7.8
210023,CVE-2026-27914,7.8
210023,CVE-2026-27909,7.8
210023,CVE-2026-27916,7.8
210023,CVE-2026-27910,7.8
210023,CVE-2026-26163,7.8
210023,CVE-2026-27915,7.8
210023,CVE-2026-27919,7.8
210023,CVE-2026-26168,7.8
210023,CVE-2026-26170,7.8
210023,CVE-2026-26160,7.8
210023,CVE-2026-27913,7.7
210023,CVE-2026-26154,7.5
210023,CVE-2026-32071,7.5
210023,CVE-2026-32156,7.4
210023,CVE-2026-32149,7.3
210023,CVE-2026-26151,7.1
210023,CVE-2026-26182,7.0
210023,CVE-2026-26174,7.0
210023,CVE-2026-27922,7.0
210023,CVE-2026-33100,7.0
210023,CVE-2026-33104,7.0
210023,CVE-2026-32087,7.0
210023,CVE-2026-33099,7.0
210023,CVE-2026-32150,7.0
210023,CVE-2026-32068,7.0
210023,CVE-2026-26173,7.0
210023,CVE-2026-32093,7.0
210023,CVE-2026-27908,7.0
210023,CVE-2026-27929,7.0
210023,CVE-2026-27917,7.0
210023,CVE-2026-27921,7.0
210023,CVE-2026-32083,7.0
210023,CVE-2026-32073,7.0
210023,CVE-2026-32070,7.0
210023,CVE-2026-26177,7.0
210023,CVE-2026-32082,7.0
210023,CVE-2026-32075,7.0
210023,CVE-2026-32080,7.0
210023,CVE-2026-26152,7.0
210023,CVE-2026-32086,7.0
210023,CVE-2026-0390,6.7
210023,CVE-2026-32151,6.5
210023,CVE-2026-27925,6.5
210023,CVE-2026-26155,6.5
210023,CVE-2026-32072,6.2
210023,CVE-2026-26169,6.1
210023,CVE-2026-23670,5.7
210023,CVE-2026-32081,5.5
210023,CVE-2026-32212,5.5
210023,CVE-2026-32217,5.5
210023,CVE-2026-32085,5.5
210023,CVE-2026-32214,5.5
210023,CVE-2026-32079,5.5
210023,CVE-2026-27930,5.5
210023,CVE-2026-32084,5.5
210023,CVE-2026-20928,4.6
210023,CVE-2026-26175,4.6
210023,CVE-2026-32202,4.3
210023,CVE-2026-33829,4.3
210024,CVE-2026-41089,9.8
210024,CVE-2026-40403,8.8
210024,CVE-2026-34329,8.8
210024,CVE-2026-33834,7.8
210024,CVE-2026-33838,7.8
210024,CVE-2026-33837,7.8
210024,CVE-2026-40382,7.8
210024,CVE-2026-40377,7.8
210024,CVE-2026-40407,7.8
210024,CVE-2026-34351,7.8
210024,CVE-2026-41095,7.8
210024,CVE-2026-40408,7.8
210024,CVE-2026-40399,7.8
210024,CVE-2026-40398,7.8
210024,CVE-2026-35420,7.8
210024,CVE-2026-35421,7.8
210024,CVE-2026-35415,7.8
210024,CVE-2026-34338,7.8
210024,CVE-2026-34343,7.8
210024,CVE-2026-34333,7.8
210024,CVE-2026-34344,7.8
210024,CVE-2026-40397,7.8
210024,CVE-2026-34330,7.8
210024,CVE-2026-34334,7.8
210024,CVE-2026-34336,7.8
210024,CVE-2026-35424,7.5
210024,CVE-2026-32161,7.5
210024,CVE-2026-40406,7.5
210024,CVE-2026-40413,7.4
210024,CVE-2026-40414,7.4
210024,CVE-2026-40401,7.1
210024,CVE-2026-34342,7.0
210024,CVE-2026-34331,7.0
210024,CVE-2026-35416,7.0
210024,CVE-2026-40410,7.0
210024,CVE-2026-34347,7.0
210024,CVE-2026-34345,7.0
210024,CVE-2026-34341,7.0
210024,CVE-2026-42825,7.0
210024,CVE-2026-21530,6.7
210024,CVE-2026-32170,6.7
210024,CVE-2026-35422,6.5
210024,CVE-2026-40380,6.2
210024,CVE-2026-34339,5.5
210024,CVE-2026-35423,5.4
210024,CVE-2026-32209,4.4
210025,CVE-2026-44815,9.8
210025,CVE-2026-47291,9.8
210025,CVE-2026-45602,9.1
210025,CVE-2026-42985,8.8
210025,CVE-2026-47653,8.8
210025,CVE-2026-47289,8.8
210025,CVE-2026-45607,8.4
210025,CVE-2026-45635,8.1
210025,CVE-2026-42987,8.1
210025,CVE-2026-45599,8.1
210025,CVE-2026-47656,7.9
210025,CVE-2026-48576,7.9
210025,CVE-2026-48578,7.9
210025,CVE-2026-45588,7.9
210025,CVE-2026-48575,7.9
210025,CVE-2026-48568,7.9
210025,CVE-2026-48570,7.9
210025,CVE-2026-48573,7.9
210025,CVE-2026-33828,7.8
210025,CVE-2026-45638,7.8
210025,CVE-2026-45656,7.8
210025,CVE-2026-45586,7.8
210025,CVE-2026-42916,7.8
210025,CVE-2026-48583,7.8
210025,CVE-2026-44812,7.8
210025,CVE-2026-44803,7.8
210025,CVE-2026-45658,7.8
210025,CVE-2026-41092,7.8
210025,CVE-2026-42989,7.8
210025,CVE-2026-48574,7.8
210025,CVE-2026-45605,7.8
210025,CVE-2026-45592,7.8
210025,CVE-2026-42980,7.8
210025,CVE-2026-42986,7.8
210025,CVE-2026-42905,7.8
210025,CVE-2026-45636,7.8
210025,CVE-2026-40409,7.8
210025,CVE-2026-40404,7.8
210025,CVE-2026-42992,7.5
210025,CVE-2026-44799,7.5
210025,CVE-2026-42909,7.5
210025,CVE-2026-47654,7.5
210025,CVE-2026-44801,7.5
210025,CVE-2026-45639,7.5
210025,CVE-2026-42908,7.5
210025,CVE-2026-49160,7.5
210025,CVE-2026-47288,7.1
210025,CVE-2026-47648,7.0
210025,CVE-2026-41108,7.0
210025,CVE-2026-34335,7.0
210025,CVE-2026-42912,7.0
210025,CVE-2026-45598,7.0
210025,CVE-2026-45601,7.0
210025,CVE-2026-45603,7.0
210025,CVE-2026-45653,7.0
210025,CVE-2026-42911,7.0
210025,CVE-2026-42836,7.0
210025,CVE-2026-45596,7.0
210025,CVE-2026-45608,6.8
210025,CVE-2026-50507,6.8
210025,CVE-2026-50508,6.5
210025,CVE-2026-42903,6.5
210025,CVE-2026-42969,5.5
210025,CVE-2026-45594,5.5
210025,CVE-2026-45606,5.5
210025,CVE-2026-42968,5.5
210025,CVE-2026-45634,5.5
210025,CVE-2026-42972,5.5
210025,CVE-2026-42970,5.5
210025,CVE-2026-42971,5.5
210025,CVE-2026-42973,5.5
210025,CVE-2026-45595,5.4
210025,CVE-2026-45655,5.3
210025,CVE-2026-42914,5.3
210025,CVE-2026-45642,3.9
210026,CVE-2026-57092,9.9
210026,CVE-2026-56190,9.8
210026,CVE-2026-56188,9.8
210026,CVE-2026-56159,9.8
210026,CVE-2026-50447,9.8
210026,CVE-2026-42990,9.8
210026,CVE-2026-50518,9.8
210026,CVE-2026-50380,9.6
210026,CVE-2026-49798,9.3
210026,CVE-2026-56194,8.8
210026,CVE-2026-57090,8.8
210026,CVE-2026-57094,8.8
210026,CVE-2026-50692,8.8
210026,CVE-2026-50477,8.8
210026,CVE-2026-48564,8.8
210026,CVE-2026-50666,8.8
210026,CVE-2026-50489,8.8
210026,CVE-2026-50370,8.8
210026,CVE-2026-50474,8.8
210026,CVE-2026-57087,8.8
210026,CVE-2026-58534,8.8
210026,CVE-2026-58608,8.8
210026,CVE-2026-58594,8.8
210026,CVE-2026-56647,8.8
210026,CVE-2026-50369,8.8
210026,CVE-2026-54982,8.8
210026,CVE-2026-54107,8.8
210026,CVE-2026-54121,8.8
210026,CVE-2026-49178,8.8
210026,CVE-2026-50444,8.8
210026,CVE-2026-54999,8.8
210026,CVE-2026-54128,8.4
210026,CVE-2026-49184,8.4
210026,CVE-2026-54992,8.4
210026,CVE-2026-54122,8.4
210026,CVE-2026-50429,8.2
210026,CVE-2026-49164,8.1
210026,CVE-2026-42900,8.1
210026,CVE-2026-50439,8.1
210026,CVE-2026-50686,8.1
210026,CVE-2026-54995,8.1
210026,CVE-2026-56186,8.1
210026,CVE-2026-50694,8.1
210026,CVE-2026-40400,8.0
210026,CVE-2026-50502,8.0
210026,CVE-2026-50683,8.0
210026,CVE-2026-42975,8.0
210026,CVE-2026-50365,8.0
210026,CVE-2026-57096,7.8
210026,CVE-2026-57091,7.8
210026,CVE-2026-56643,7.8
210026,CVE-2026-56189,7.8
210026,CVE-2026-56176,7.8
210026,CVE-2026-56155,7.8
210026,CVE-2026-56182,7.8
210026,CVE-2026-56175,7.8
210026,CVE-2026-50308,7.8
210026,CVE-2026-50441,7.8
210026,CVE-2026-50388,7.8
210026,CVE-2026-50688,7.8
210026,CVE-2026-55001,7.8
210026,CVE-2026-50417,7.8
210026,CVE-2026-50386,7.8
210026,CVE-2026-50509,7.8
210026,CVE-2026-50391,7.8
210026,CVE-2026-50471,7.8
210026,CVE-2026-50422,7.8
210026,CVE-2026-50655,7.8
210026,CVE-2026-50309,7.8
210026,CVE-2026-50673,7.8
210026,CVE-2026-50494,7.8
210026,CVE-2026-50400,7.8
210026,CVE-2026-50337,7.8
210026,CVE-2026-50462,7.8
210026,CVE-2026-50311,7.8
210026,CVE-2026-54986,7.8
210026,CVE-2026-49796,7.8
210026,CVE-2026-54115,7.8
210026,CVE-2026-54109,7.8
210026,CVE-2026-50351,7.8
210026,CVE-2026-50333,7.8
210026,CVE-2026-49797,7.8
210026,CVE-2026-49793,7.8
210026,CVE-2026-49176,7.8
210026,CVE-2026-49783,7.8
210026,CVE-2026-50387,7.8
210026,CVE-2026-50498,7.8
210026,CVE-2026-50313,7.8
210026,CVE-2026-50346,7.8
210026,CVE-2026-50405,7.8
210026,CVE-2026-50421,7.8
210026,CVE-2026-50412,7.8
210026,CVE-2026-50433,7.8
210026,CVE-2026-50363,7.8
210026,CVE-2026-56644,7.8
210026,CVE-2026-50476,7.8
210026,CVE-2026-50480,7.8
210026,CVE-2026-50347,7.8
210026,CVE-2026-50331,7.8
210026,CVE-2026-50318,7.8
210026,CVE-2026-50321,7.8
210026,CVE-2026-50667,7.8
210026,CVE-2026-50332,7.8
210026,CVE-2026-50357,7.8
210026,CVE-2026-55004,7.8
210026,CVE-2026-50402,7.8
210026,CVE-2026-50306,7.8
210026,CVE-2026-50362,7.8
210026,CVE-2026-50344,7.8
210026,CVE-2026-50407,7.8
210026,CVE-2026-50697,7.8
210026,CVE-2026-56650,7.8
210026,CVE-2026-58601,7.8
210026,CVE-2026-58541,7.8
210026,CVE-2026-58540,7.8
210026,CVE-2026-58530,7.8
210026,CVE-2026-58632,7.8
210026,CVE-2026-58609,7.8
210026,CVE-2026-58532,7.8
210026,CVE-2026-58610,7.8
210026,CVE-2026-50435,7.8
210026,CVE-2026-49792,7.8
210026,CVE-2026-50448,7.8
210026,CVE-2026-50461,7.8
210026,CVE-2026-42982,7.8
210026,CVE-2026-54987,7.8
210026,CVE-2026-50411,7.5
210026,CVE-2026-50330,7.5
210026,CVE-2026-49787,7.5
210026,CVE-2026-50328,7.5
210026,CVE-2026-50304,7.5
210026,CVE-2026-54983,7.5
210026,CVE-2026-49171,7.5
210026,CVE-2026-49788,7.5
210026,CVE-2026-49181,7.5
210026,CVE-2026-54119,7.5
210026,CVE-2026-50470,7.5
210026,CVE-2026-50647,7.5
210026,CVE-2026-40378,7.5
210026,CVE-2026-50685,7.5
210026,CVE-2026-50368,7.5
210026,CVE-2026-50695,7.5
210026,CVE-2026-50355,7.5
210026,CVE-2026-57089,7.5
210026,CVE-2026-58531,7.5
210026,CVE-2026-50500,7.5
210026,CVE-2026-50505,7.5
210026,CVE-2026-50496,7.5
210026,CVE-2026-58627,7.5
210026,CVE-2026-56648,7.5
210026,CVE-2026-49790,7.3
210026,CVE-2026-49789,7.3
210026,CVE-2026-50482,7.3
210026,CVE-2026-58640,7.3
210026,CVE-2026-49791,7.1
210026,CVE-2026-50451,7.1
210026,CVE-2026-50354,7.1
210026,CVE-2026-49165,7.1
210026,CVE-2026-50490,7.0
210026,CVE-2026-50390,7.0
210026,CVE-2026-58629,7.0
210026,CVE-2026-58619,7.0
210026,CVE-2026-58637,7.0
210026,CVE-2026-50491,7.0
210026,CVE-2026-50297,7.0
210026,CVE-2026-50397,7.0
210026,CVE-2026-50669,7.0
210026,CVE-2026-57093,7.0
210026,CVE-2026-50359,7.0
210026,CVE-2026-49805,7.0
210026,CVE-2026-50358,7.0
210026,CVE-2026-50371,7.0
210026,CVE-2026-54989,7.0
210026,CVE-2026-50296,7.0
210026,CVE-2026-50325,7.0
210026,CVE-2026-50356,7.0
210026,CVE-2026-50372,7.0
210026,CVE-2026-49784,7.0
210026,CVE-2026-49803,7.0
210026,CVE-2026-50299,6.8
210026,CVE-2026-50668,6.8
210026,CVE-2026-49168,6.8
210026,CVE-2026-50298,6.8
210026,CVE-2026-50426,6.8
210026,CVE-2026-50492,6.8
210026,CVE-2026-54132,6.8
210026,CVE-2026-49804,6.6
210026,CVE-2026-57979,6.5
210026,CVE-2026-50445,6.5
210026,CVE-2026-50504,6.5
210026,CVE-2026-49799,6.5
210026,CVE-2026-50497,6.5
210026,CVE-2026-54126,6.5
210026,CVE-2026-57976,6.5
210026,CVE-2026-57982,6.5
210026,CVE-2026-58533,6.5
210026,CVE-2026-58539,6.5
210026,CVE-2026-58535,6.5
210026,CVE-2026-50376,6.5
210026,CVE-2026-50366,6.5
210026,CVE-2026-55003,6.5
210026,CVE-2026-58546,6.5
210026,CVE-2026-57097,6.4
210026,CVE-2026-57095,6.2
210026,CVE-2026-50294,6.2
210026,CVE-2026-50661,6.1
210026,CVE-2026-50453,6.1
210026,CVE-2026-58638,6.0
210026,CVE-2026-56649,5.9
210026,CVE-2026-50324,5.9
210026,CVE-2026-58614,5.5
210026,CVE-2026-58545,5.5
210026,CVE-2026-57084,5.5
210026,CVE-2026-33842,5.5
210026,CVE-2026-57083,5.5
210026,CVE-2026-50430,5.5
210026,CVE-2026-50431,5.5
210026,CVE-2026-50456,5.5
210026,CVE-2026-50475,5.5
210026,CVE-2026-50455,5.5
210026,CVE-2026-50394,5.5
210026,CVE-2026-50690,5.5
210026,CVE-2026-50442,5.5
210026,CVE-2026-50409,5.5
210026,CVE-2026-41087,5.5
210026,CVE-2026-40422,5.5
210026,CVE-2026-57085,5.5
210026,CVE-2026-50473,5.5
210026,CVE-2026-50389,5.5
210026,CVE-2026-50300,5.5
210026,CVE-2026-50377,5.5
210026,CVE-2026-50352,5.5
210026,CVE-2026-49177,5.5
210026,CVE-2026-49801,5.5
210026,CVE-2026-34346,5.5
210026,CVE-2026-49180,5.5
210026,CVE-2026-50681,5.5
210026,CVE-2026-50334,5.5
210026,CVE-2026-50341,5.5
210026,CVE-2026-50437,5.5
210026,CVE-2026-54997,5.5
210026,CVE-2026-50432,5.3
210026,CVE-2026-44806,5.3
210026,CVE-2026-50684,4.8
210026,CVE-2026-50312,4.7
210026,CVE-2026-49794,4.6
210026,CVE-2026-50485,4.5
210026,CVE-2026-50419,3.3
210027,CVE-2026-65791,9.8
210027,CVE-2026-62893,9.8
210027,CVE-2026-62878,9.8
210027,CVE-2026-62784,8.8
210027,CVE-2026-62785,8.8
210027,CVE-2026-62795,8.8
210027,CVE-2026-62790,8.8
210027,CVE-2026-62824,8.8
210027,CVE-2026-62800,8.8
210027,CVE-2026-62816,8.8
210027,CVE-2026-62823,8.8
210027,CVE-2026-62818,8.8
210027,CVE-2026-49179,8.8
210027,CVE-2026-62822,8.8
210027,CVE-2026-65789,8.1
210027,CVE-2026-65796,8.1
210027,CVE-2026-65679,8.1
210027,CVE-2026-62781,8.1
210027,CVE-2026-62792,8.1
210027,CVE-2026-62889,8.1
210027,CVE-2026-62778,8.1
210027,CVE-2026-62819,8.1
210027,CVE-2026-62820,8.1
210027,CVE-2026-62812,7.8
210027,CVE-2026-65774,7.8
210027,CVE-2026-62768,7.8
210027,CVE-2026-62761,7.8
210027,CVE-2026-62700,7.8
210027,CVE-2026-65786,7.8
210027,CVE-2026-65790,7.8
210027,CVE-2026-62754,7.8
210027,CVE-2026-62752,7.8
210027,CVE-2026-62877,7.8
210027,CVE-2026-65814,7.8
210027,CVE-2026-65775,7.8
210027,CVE-2026-65787,7.8
210027,CVE-2026-65671,7.8
210027,CVE-2026-62719,7.8
210027,CVE-2026-62710,7.8
210027,CVE-2026-62733,7.8
210027,CVE-2026-62707,7.8
210027,CVE-2026-62735,7.8
210027,CVE-2026-62721,7.8
210027,CVE-2026-54984,7.8
210027,CVE-2026-61365,7.8
210027,CVE-2026-70344,7.8
210027,CVE-2026-70345,7.8
210027,CVE-2026-70347,7.8
210027,CVE-2026-70346,7.8
210027,CVE-2026-61932,7.8
210027,CVE-2026-61937,7.8
210027,CVE-2026-61926,7.8
210027,CVE-2026-66799,7.8
210027,CVE-2026-62890,7.8
210027,CVE-2026-62692,7.8
210027,CVE-2026-62755,7.8
210027,CVE-2026-62696,7.8
210027,CVE-2026-62876,7.8
210027,CVE-2026-62797,7.8
210027,CVE-2026-62776,7.8
210027,CVE-2026-62894,7.8
210027,CVE-2026-62885,7.8
210027,CVE-2026-62770,7.8
210027,CVE-2026-62803,7.8
210027,CVE-2026-62698,7.8
210027,CVE-2026-62732,7.8
210027,CVE-2026-62807,7.8
210027,CVE-2026-62880,7.8
210027,CVE-2026-62711,7.8
210027,CVE-2026-59127,7.8
210027,CVE-2026-61353,7.8
210027,CVE-2026-61364,7.8
210027,CVE-2026-61367,7.8
210027,CVE-2026-61930,7.8
210027,CVE-2026-42976,7.8
210027,CVE-2026-62777,7.8
210027,CVE-2026-61925,7.8
210027,CVE-2026-62741,7.8
210027,CVE-2026-61349,7.8
210027,CVE-2026-62747,7.8
210027,CVE-2026-62758,7.8
210027,CVE-2026-62701,7.8
210027,CVE-2026-62717,7.8
210027,CVE-2026-62712,7.8
210027,CVE-2026-65681,7.5
210027,CVE-2026-61352,7.5
210027,CVE-2026-61363,7.5
210027,CVE-2026-59132,7.5
210027,CVE-2026-62787,7.5
210027,CVE-2026-54113,7.5
210027,CVE-2026-59134,7.5
210027,CVE-2026-61939,7.0
210027,CVE-2026-50472,7.0
210027,CVE-2026-62729,7.0
210027,CVE-2026-62748,7.0
210027,CVE-2026-62908,7.0
210027,CVE-2026-62734,7.0
210027,CVE-2026-65678,7.0
210027,CVE-2026-68820,7.0
210027,CVE-2026-62727,7.0
210027,CVE-2026-59122,7.0
210027,CVE-2026-62724,7.0
210027,CVE-2026-62723,7.0
210027,CVE-2026-62774,7.0
210027,CVE-2026-62725,7.0
210027,CVE-2026-62773,7.0
210027,CVE-2026-62728,7.0
210027,CVE-2026-59125,7.0
210027,CVE-2026-62753,7.0
210027,CVE-2026-61366,7.0
210027,CVE-2026-70307,7.0
210027,CVE-2026-62726,7.0
210027,CVE-2026-61348,7.0
210027,CVE-2026-62699,6.8
210027,CVE-2026-65797,6.7
210027,CVE-2026-65798,6.7
210027,CVE-2026-65799,6.7
210027,CVE-2026-70304,6.7
210027,CVE-2026-62881,6.7
210027,CVE-2026-70330,6.7
210027,CVE-2026-62883,6.7
210027,CVE-2026-65795,6.7
210027,CVE-2026-62769,6.7
210027,CVE-2026-61920,6.6
210027,CVE-2026-62714,6.5
210027,CVE-2026-62715,6.5
210027,CVE-2026-61924,6.5
210027,CVE-2026-61921,6.5
210027,CVE-2026-61918,6.5
210027,CVE-2026-65794,6.5
210027,CVE-2026-62742,6.5
210027,CVE-2026-62720,6.5
210027,CVE-2026-62782,6.5
210027,CVE-2026-62718,6.5
210027,CVE-2026-62814,6.5
210027,CVE-2026-62745,6.5
210027,CVE-2026-62750,6.5
210027,CVE-2026-61345,6.5
210027,CVE-2026-62716,6.5
210027,CVE-2026-59138,6.5
210027,CVE-2026-68819,5.9
210027,CVE-2026-59130,5.6
210027,CVE-2026-59131,5.6
210027,CVE-2026-65662,5.5
210027,CVE-2026-65784,5.5
210027,CVE-2026-62743,5.5
210027,CVE-2026-62887,5.5
210027,CVE-2026-62709,5.5
210027,CVE-2026-62746,5.5
210027,CVE-2026-61347,5.5
210027,CVE-2026-62786,5.5
210027,CVE-2026-62793,5.5
210027,CVE-2026-62738,5.5
210027,CVE-2026-62730,5.5
210027,CVE-2026-62796,5.5
210027,CVE-2026-59137,5.5
210027,CVE-2026-62740,5.5
210027,CVE-2026-61928,5.5
210027,CVE-2026-59135,5.5
210027,CVE-2026-59128,5.5
210027,CVE-2026-59136,5.5
210027,CVE-2026-61360,5.5
210027,CVE-2026-62757,5.3
210027,CVE-2026-61368,5.0
210027,CVE-2026-61350,4.6
210028,CVE-2026-68839,9.8
210028,CVE-2026-69493,9.8
210028,CVE-2026-72982,9.8
210028,CVE-2026-69595,9.8
210028,CVE-2026-77493,9.8
210028,CVE-2026-72983,9.8
210028,CVE-2026-69819,9.8
210028,CVE-2026-69829,9.8
210028,CVE-2026-69496,9.8
210028,CVE-2026-69525,9.8
210028,CVE-2026-69579,9.8
210028,CVE-2026-69590,9.8
210028,CVE-2026-69769,9.8
210028,CVE-2026-69730,9.8
210028,CVE-2026-78445,9.8
210028,CVE-2026-73025,9.8
210028,CVE-2026-69768,9.8
210028,CVE-2026-72979,9.8
210028,CVE-2026-70296,9.8
210028,CVE-2026-69408,9.8
210028,CVE-2026-73009,9.8
210028,CVE-2026-69276,9.8
210028,CVE-2026-69586,9.8
210028,CVE-2026-69845,9.8
210028,CVE-2026-69824,9.8
210028,CVE-2026-69431,9.8
210028,CVE-2026-69910,9.8
210028,CVE-2026-69491,9.8
210028,CVE-2026-69715,9.8
210028,CVE-2026-69463,9.8
210028,CVE-2026-69712,8.8
210028,CVE-2026-80096,8.8
210028,CVE-2026-71336,8.8
210028,CVE-2026-77504,8.8
210028,CVE-2026-71352,8.8
210028,CVE-2026-73018,8.8
210028,CVE-2026-73012,8.8
210028,CVE-2026-69495,8.8
210028,CVE-2026-69291,8.8
210028,CVE-2026-69499,8.8
210028,CVE-2026-69601,8.8
210028,CVE-2026-69494,8.8
210028,CVE-2026-69511,8.8
210028,CVE-2026-69434,8.8
210028,CVE-2026-69551,8.8
210028,CVE-2026-69547,8.8
210028,CVE-2026-69860,8.8
210028,CVE-2026-81955,8.8
210028,CVE-2026-69334,8.8
210028,CVE-2026-69628,8.8
210028,CVE-2026-62706,8.8
210028,CVE-2026-69266,8.8
210028,CVE-2026-73023,8.8
210028,CVE-2026-69598,8.8
210028,CVE-2026-69676,8.8
210028,CVE-2026-70203,8.8
210028,CVE-2026-69461,8.8
210028,CVE-2026-69485,8.8
210028,CVE-2026-69669,8.8
210028,CVE-2026-72950,8.8
210028,CVE-2026-69772,8.8
210028,CVE-2026-72960,8.8
210028,CVE-2026-70586,8.8
210028,CVE-2026-72933,8.8
210028,CVE-2026-69603,8.8
210028,CVE-2026-72959,8.8
210028,CVE-2026-73006,8.8
210028,CVE-2026-69518,8.8
210028,CVE-2026-72986,8.8
210028,CVE-2026-68828,8.8
210028,CVE-2026-83996,8.8
210028,CVE-2026-73016,8.8
210028,CVE-2026-73013,8.8
210028,CVE-2026-69360,8.8
210028,CVE-2026-77495,8.8
210028,CVE-2026-83992,8.8
210028,CVE-2026-83998,8.8
210028,CVE-2026-77503,8.4
210028,CVE-2026-69638,8.4
210028,CVE-2026-69479,8.4
210028,CVE-2026-69846,8.2
210028,CVE-2026-72961,8.2
210028,CVE-2026-69906,8.2
210028,CVE-2026-69546,8.1
210028,CVE-2026-77505,8.1
210028,CVE-2026-69786,8.1
210028,CVE-2026-69325,8.1
210028,CVE-2026-69813,8.1
210028,CVE-2026-70563,8.1
210028,CVE-2026-72981,8.1
210028,CVE-2026-72987,8.1
210028,CVE-2026-69782,8.1
210028,CVE-2026-69524,8.1
210028,CVE-2026-69827,8.1
210028,CVE-2026-69438,8.1
210028,CVE-2026-69989,8.1
210028,CVE-2026-69732,8.1
210028,CVE-2026-69510,8.1
210028,CVE-2026-69680,8.1
210028,CVE-2026-78449,8.1
210028,CVE-2026-69620,8.1
210028,CVE-2026-70342,8.1
210028,CVE-2026-69346,8.0
210028,CVE-2026-69481,8.0
210028,CVE-2026-69623,8.0
210028,CVE-2026-69643,8.0
210028,CVE-2026-69423,8.0
210028,CVE-2026-69301,8.0
210028,CVE-2026-69332,8.0
210028,CVE-2026-69727,8.0
210028,CVE-2026-69462,8.0
210028,CVE-2026-69371,8.0
210028,CVE-2026-69412,8.0
210028,CVE-2026-69418,8.0
210028,CVE-2026-69619,8.0
210028,CVE-2026-68880,8.0
210028,CVE-2026-68876,8.0
210028,CVE-2026-69427,8.0
210028,CVE-2026-69826,8.0
210028,CVE-2026-69773,8.0
210028,CVE-2026-69512,8.0
210028,CVE-2026-69271,8.0
210028,CVE-2026-69876,8.0
210028,CVE-2026-69681,8.0
210028,CVE-2026-69807,8.0
210028,CVE-2026-68838,8.0
210028,CVE-2026-68894,8.0
210028,CVE-2026-69458,8.0
210028,CVE-2026-68827,8.0
210028,CVE-2026-68834,8.0
210028,CVE-2026-68878,8.0
210028,CVE-2026-69717,8.0
210028,CVE-2026-69847,8.0
210028,CVE-2026-69714,8.0
210028,CVE-2026-69505,8.0
210028,CVE-2026-77489,7.8
210028,CVE-2026-77904,7.8
210028,CVE-2026-69907,7.8
210028,CVE-2026-73015,7.8
210028,CVE-2026-73014,7.8
210028,CVE-2026-69445,7.8
210028,CVE-2026-83972,7.8
210028,CVE-2026-83967,7.8
210028,CVE-2026-83977,7.8
210028,CVE-2026-83954,7.8
210028,CVE-2026-83983,7.8
210028,CVE-2026-83955,7.8
210028,CVE-2026-83975,7.8
210028,CVE-2026-83988,7.8
210028,CVE-2026-83968,7.8
210028,CVE-2026-83978,7.8
210028,CVE-2026-83974,7.8
210028,CVE-2026-68841,7.8
210028,CVE-2026-68890,7.8
210028,CVE-2026-83976,7.8
210028,CVE-2026-83987,7.8
210028,CVE-2026-83981,7.8
210028,CVE-2026-72997,7.8
210028,CVE-2026-72995,7.8
210028,CVE-2026-72941,7.8
210028,CVE-2026-72993,7.8
210028,CVE-2026-72967,7.8
210028,CVE-2026-72957,7.8
210028,CVE-2026-72990,7.8
210028,CVE-2026-69787,7.8
210028,CVE-2026-72994,7.8
210028,CVE-2026-69538,7.8
210028,CVE-2026-69391,7.8
210028,CVE-2026-69269,7.8
210028,CVE-2026-70583,7.8
210028,CVE-2026-70289,7.8
210028,CVE-2026-70581,7.8
210028,CVE-2026-70574,7.8
210028,CVE-2026-69475,7.8
210028,CVE-2026-69582,7.8
210028,CVE-2026-72965,7.8
210028,CVE-2026-69420,7.8
210028,CVE-2026-72991,7.8
210028,CVE-2026-70584,7.8
210028,CVE-2026-72988,7.8
210028,CVE-2026-72996,7.8
210028,CVE-2026-69270,7.8
210028,CVE-2026-70572,7.8
210028,CVE-2026-83969,7.8
210028,CVE-2026-69541,7.8
210028,CVE-2026-69844,7.8
210028,CVE-2026-69323,7.8
210028,CVE-2026-69841,7.8
210028,CVE-2026-70564,7.8
210028,CVE-2026-71334,7.8
210028,CVE-2026-73020,7.8
210028,CVE-2026-83973,7.8
210028,CVE-2026-83995,7.8
210028,CVE-2026-73021,7.8
210028,CVE-2026-68875,7.8
210028,CVE-2026-83979,7.8
210028,CVE-2026-83982,7.8
210028,CVE-2026-73001,7.8
210028,CVE-2026-73011,7.8
210028,CVE-2026-83986,7.8
210028,CVE-2026-83970,7.8
210028,CVE-2026-83971,7.8
210028,CVE-2026-69277,7.8
210028,CVE-2026-69685,7.8
210028,CVE-2026-69731,7.8
210028,CVE-2026-69307,7.8
210028,CVE-2026-69456,7.8
210028,CVE-2026-69324,7.8
210028,CVE-2026-69476,7.8
210028,CVE-2026-69295,7.8
210028,CVE-2026-69571,7.8
210028,CVE-2026-69561,7.8
210028,CVE-2026-62810,7.8
210028,CVE-2026-84000,7.8
210028,CVE-2026-69478,7.8
210028,CVE-2026-69432,7.8
210028,CVE-2026-69612,7.8
210028,CVE-2026-69293,7.8
210028,CVE-2026-69592,7.8
210028,CVE-2026-72992,7.8
210028,CVE-2026-69604,7.8
210028,CVE-2026-69509,7.8
210028,CVE-2026-69534,7.8
210028,CVE-2026-69444,7.8
210028,CVE-2026-69450,7.8
210028,CVE-2026-69298,7.8
210028,CVE-2026-73024,7.8
210028,CVE-2026-73002,7.8
210028,CVE-2026-73007,7.8
210028,CVE-2026-69687,7.8
210028,CVE-2026-69352,7.8
210028,CVE-2026-69290,7.8
210028,CVE-2026-69283,7.8
210028,CVE-2026-69738,7.8
210028,CVE-2026-69368,7.8
210028,CVE-2026-69821,7.8
210028,CVE-2026-69389,7.8
210028,CVE-2026-69359,7.8
210028,CVE-2026-69707,7.8
210028,CVE-2026-69407,7.8
210028,CVE-2026-69584,7.8
210028,CVE-2026-69576,7.8
210028,CVE-2026-69691,7.8
210028,CVE-2026-69426,7.8
210028,CVE-2026-69709,7.8
210028,CVE-2026-69265,7.8
210028,CVE-2026-69785,7.8
210028,CVE-2026-69424,7.8
210028,CVE-2026-72944,7.8
210028,CVE-2026-69328,7.8
210028,CVE-2026-69608,7.8
210028,CVE-2026-69593,7.8
210028,CVE-2026-69489,7.8
210028,CVE-2026-69312,7.8
210028,CVE-2026-69289,7.8
210028,CVE-2026-69585,7.8
210028,CVE-2026-69421,7.8
210028,CVE-2026-69455,7.8
210028,CVE-2026-69758,7.8
210028,CVE-2026-69532,7.8
210028,CVE-2026-69284,7.8
210028,CVE-2026-68844,7.8
210028,CVE-2026-83985,7.8
210028,CVE-2026-68892,7.8
210028,CVE-2026-68877,7.8
210028,CVE-2026-68888,7.8
210028,CVE-2026-68832,7.8
210028,CVE-2026-68848,7.8
210028,CVE-2026-69589,7.8
210028,CVE-2026-83980,7.8
210028,CVE-2026-69433,7.8
210028,CVE-2026-69583,7.8
210028,CVE-2026-69580,7.8
210028,CVE-2026-80075,7.8
210028,CVE-2026-78447,7.8
210028,CVE-2026-73026,7.8
210028,CVE-2026-77500,7.8
210028,CVE-2026-78448,7.8
210028,CVE-2026-56177,7.8
210028,CVE-2026-71345,7.8
210028,CVE-2026-85880,7.8
210028,CVE-2026-68845,7.8
210028,CVE-2026-73000,7.8
210028,CVE-2026-71343,7.8
210028,CVE-2026-68885,7.8
210028,CVE-2026-77494,7.5
210028,CVE-2026-77499,7.5
210028,CVE-2026-69793,7.5
210028,CVE-2026-77502,7.5
210028,CVE-2026-77895,7.5
210028,CVE-2026-77888,7.5
210028,CVE-2026-77893,7.5
210028,CVE-2026-72943,7.5
210028,CVE-2026-69631,7.5
210028,CVE-2026-81355,7.5
210028,CVE-2026-70065,7.5
210028,CVE-2026-69760,7.5
210028,CVE-2026-70570,7.5
210028,CVE-2026-70587,7.5
210028,CVE-2026-69852,7.5
210028,CVE-2026-77890,7.5
210028,CVE-2026-77501,7.5
210028,CVE-2026-77889,7.5
210028,CVE-2026-77498,7.5
210028,CVE-2026-69342,7.5
210028,CVE-2026-77886,7.5
210028,CVE-2026-71330,7.5
210028,CVE-2026-69607,7.5
210028,CVE-2026-69428,7.5
210028,CVE-2026-69514,7.5
210028,CVE-2026-69329,7.5
210028,CVE-2026-72932,7.5
210028,CVE-2026-69539,7.5
210028,CVE-2026-62759,7.5
210028,CVE-2026-83989,7.5
210028,CVE-2026-68887,7.5
210028,CVE-2026-72954,7.5
210028,CVE-2026-84001,7.5
210028,CVE-2026-62813,7.5
210028,CVE-2026-69347,7.4
210028,CVE-2026-69272,7.1
210028,CVE-2026-69366,7.1
210028,CVE-2026-69451,7.1
210028,CVE-2026-68889,7.1
210028,CVE-2026-69482,7.1
210028,CVE-2026-69274,7.1
210028,CVE-2026-69337,7.1
210028,CVE-2026-69706,7.1
210028,CVE-2026-69364,7.1
210028,CVE-2026-69396,7.1
210028,CVE-2026-69358,7.1
210028,CVE-2026-69338,7.1
210028,CVE-2026-69688,7.1
210028,CVE-2026-69761,7.1
210028,CVE-2026-69340,7.1
210028,CVE-2026-69336,7.1
210028,CVE-2026-69313,7.1
210028,CVE-2026-69384,7.1
210028,CVE-2026-69357,7.1
210028,CVE-2026-68893,7.1
210028,CVE-2026-69305,7.1
210028,CVE-2026-68846,7.1
210028,CVE-2026-69314,7.1
210028,CVE-2026-68835,7.1
210028,CVE-2026-69296,7.1
210028,CVE-2026-83940,7.0
210028,CVE-2026-68837,7.0
210028,CVE-2026-68884,7.0
210028,CVE-2026-69492,7.0
210028,CVE-2026-70283,7.0
210028,CVE-2026-70568,7.0
210028,CVE-2026-77905,7.0
210028,CVE-2026-69280,7.0
210028,CVE-2026-69652,7.0
210028,CVE-2026-69404,7.0
210028,CVE-2026-69573,7.0
210028,CVE-2026-69694,7.0
210028,CVE-2026-69394,7.0
210028,CVE-2026-69575,7.0
210028,CVE-2026-69385,7.0
210028,CVE-2026-69292,7.0
210028,CVE-2026-70573,7.0
210028,CVE-2026-69287,7.0
210028,CVE-2026-69621,7.0
210028,CVE-2026-69472,7.0
210028,CVE-2026-69834,7.0
210028,CVE-2026-69341,7.0
210028,CVE-2026-69735,7.0
210028,CVE-2026-69779,7.0
210028,CVE-2026-69567,7.0
210028,CVE-2026-69311,7.0
210028,CVE-2026-69564,7.0
210028,CVE-2026-69362,7.0
210028,CVE-2026-69331,7.0
210028,CVE-2026-69581,7.0
210028,CVE-2026-69466,7.0
210028,CVE-2026-69630,7.0
210028,CVE-2026-69319,7.0
210028,CVE-2026-69563,7.0
210028,CVE-2026-69611,7.0
210028,CVE-2026-70585,7.0
210028,CVE-2026-70565,7.0
210028,CVE-2026-69441,7.0
210028,CVE-2026-72963,7.0
210028,CVE-2026-69488,7.0
210028,CVE-2026-69613,7.0
210028,CVE-2026-69817,7.0
210028,CVE-2026-69410,7.0
210028,CVE-2026-69310,7.0
210028,CVE-2026-69838,7.0
210028,CVE-2026-69275,7.0
210028,CVE-2026-69711,7.0
210028,CVE-2026-69500,7.0
210028,CVE-2026-69578,7.0
210028,CVE-2026-50349,7.0
210028,CVE-2026-70562,7.0
210028,CVE-2026-69470,7.0
210028,CVE-2026-69816,7.0
210028,CVE-2026-69413,7.0
210028,CVE-2026-69645,7.0
210028,CVE-2026-69911,7.0
210028,CVE-2026-72930,7.0
210028,CVE-2026-69654,7.0
210028,CVE-2026-69610,7.0
210028,CVE-2026-72926,7.0
210028,CVE-2026-69891,7.0
210028,CVE-2026-62694,7.0
210028,CVE-2026-69430,7.0
210028,CVE-2026-69309,7.0
210028,CVE-2026-69692,7.0
210028,CVE-2026-69560,7.0
210028,CVE-2026-69859,7.0
210028,CVE-2026-71332,7.0
210028,CVE-2026-71342,7.0
210028,CVE-2026-71351,7.0
210028,CVE-2026-71340,7.0
210028,CVE-2026-71333,7.0
210028,CVE-2026-71353,7.0
210028,CVE-2026-77894,7.0
210028,CVE-2026-85360,7.0
210028,CVE-2026-69600,7.0
210028,CVE-2026-69468,7.0
210028,CVE-2026-69473,7.0
210028,CVE-2026-69693,7.0
210028,CVE-2026-69335,7.0
210028,CVE-2026-73005,7.0
210028,CVE-2026-68840,7.0
210028,CVE-2026-68897,7.0
210028,CVE-2026-69490,6.8
210028,CVE-2026-71350,6.8
210028,CVE-2026-71349,6.8
210028,CVE-2026-71348,6.8
210028,CVE-2026-71329,6.8
210028,CVE-2026-69415,6.8
210028,CVE-2026-72985,6.8
210028,CVE-2026-69566,6.8
210028,CVE-2026-72999,6.8
210028,CVE-2026-68833,6.8
210028,CVE-2026-77892,6.8
210028,CVE-2026-72935,6.7
210028,CVE-2026-72927,6.7
210028,CVE-2026-71339,6.7
210028,CVE-2026-69350,6.7
210028,CVE-2026-69449,6.7
210028,CVE-2026-72948,6.7
210028,CVE-2026-69373,6.7
210028,CVE-2026-77896,6.5
210028,CVE-2026-62801,6.5
210028,CVE-2026-69395,6.5
210028,CVE-2026-69624,6.5
210028,CVE-2026-69297,6.5
210028,CVE-2026-69497,6.5
210028,CVE-2026-69839,6.5
210028,CVE-2026-72939,6.5
210028,CVE-2026-62762,6.5
210028,CVE-2026-78453,6.5
210028,CVE-2026-68898,6.5
210028,CVE-2026-72942,6.5
210028,CVE-2026-71338,6.4
210028,CVE-2026-77887,6.4
210028,CVE-2026-69878,6.4
210028,CVE-2026-72947,6.4
210028,CVE-2026-70582,6.4
210028,CVE-2026-77891,6.4
210028,CVE-2026-69929,5.9
210028,CVE-2026-69930,5.9
210028,CVE-2026-70124,5.9
210028,CVE-2026-70091,5.9
210028,CVE-2026-72978,5.9
210028,CVE-2026-69803,5.9
210028,CVE-2026-78523,5.9
210028,CVE-2026-69679,5.7
210028,CVE-2026-69372,5.7
210028,CVE-2026-69349,5.7
210028,CVE-2026-69552,5.7
210028,CVE-2026-69723,5.7
210028,CVE-2026-69416,5.7
210028,CVE-2026-69393,5.7
210028,CVE-2026-69317,5.7
210028,CVE-2026-69637,5.7
210028,CVE-2026-68874,5.7
210028,CVE-2026-69572,5.7
210028,CVE-2026-69569,5.7
210028,CVE-2026-69405,5.7
210028,CVE-2026-69832,5.6
210028,CVE-2026-69286,5.5
210028,CVE-2026-68843,5.5
210028,CVE-2026-69351,5.5
210028,CVE-2026-72964,5.5
210028,CVE-2026-69862,5.5
210028,CVE-2026-68851,5.5
210028,CVE-2026-73008,5.5
210028,CVE-2026-69303,5.5
210028,CVE-2026-69390,5.5
210028,CVE-2026-69353,5.5
210028,CVE-2026-69406,5.5
210028,CVE-2026-69318,5.5
210028,CVE-2026-69369,5.5
210028,CVE-2026-72945,5.5
210028,CVE-2026-72966,5.5
210028,CVE-2026-77492,5.5
210028,CVE-2026-69343,5.5
210028,CVE-2026-72937,5.5
210028,CVE-2026-69554,5.5
210028,CVE-2026-69684,5.5
210028,CVE-2026-69627,5.5
210028,CVE-2026-71341,5.5
210028,CVE-2026-69403,5.5
210028,CVE-2026-68895,5.5
210028,CVE-2026-69770,5.5
210028,CVE-2026-68831,5.5
210028,CVE-2026-68886,5.5
210028,CVE-2026-69531,5.5
210028,CVE-2026-69618,5.5
210028,CVE-2026-77491,5.5
210028,CVE-2026-69288,5.5
210028,CVE-2026-70145,5.5
210028,CVE-2026-69527,5.5
210028,CVE-2026-69457,5.5
210028,CVE-2026-69453,5.5
210028,CVE-2026-69308,5.5
210028,CVE-2026-69367,5.5
210028,CVE-2026-68881,5.5
210028,CVE-2026-68830,5.5
210028,CVE-2026-68852,5.5
210028,CVE-2026-70290,5.5
210028,CVE-2026-69321,5.5
210028,CVE-2026-69568,5.5
210028,CVE-2026-78454,5.5
210028,CVE-2026-69609,5.5
210028,CVE-2026-69376,5.5
210028,CVE-2026-69794,5.5
210028,CVE-2026-69616,5.5
210028,CVE-2026-69672,5.5
210028,CVE-2026-69504,5.5
210028,CVE-2026-69808,5.5
210028,CVE-2026-69345,5.5
210028,CVE-2026-78446,5.3
210028,CVE-2026-69474,4.8
210028,CVE-2026-69853,4.7
210028,CVE-2026-69483,4.7
210028,CVE-2026-69792,4.7
210028,CVE-2026-72931,4.7
210028,CVE-2026-69316,4.7
210028,CVE-2026-68891,4.7
210028,CVE-2026-69895,4.7
210028,CVE-2026-78508,4.6
210028,CVE-2026-69548,4.6
210028,CVE-2026-69381,4.6
210028,CVE-2026-72980,4.4
210028,CVE-2026-69713,4.4
210028,CVE-2026-73019,4.3
210028,CVE-2026-78455,4.3
210028,CVE-2026-78516,4.3
210029,CVE-2024-30080,9.8
210029,CVE-2024-30068,8.8
210029,CVE-2024-30078,8.8
210029,CVE-2024-30097,8.8
210029,CVE-2024-30077,8.0
210029,CVE-2024-30091,7.8
210029,CVE-2024-30094,7.8
210029,CVE-2024-30085,7.8
210029,CVE-2024-35250,7.8
210029,CVE-2024-30082,7.8
210029,CVE-2024-30095,7.8
210029,CVE-2024-30062,7.8
210029,CVE-2024-30089,7.8
210029,CVE-2024-30087,7.8
210029,CVE-2024-30086,7.8
210029,CVE-2024-30083,7.5
210029,CVE-2024-30070,7.5
210029,CVE-2024-30093,7.3
210029,CVE-2024-30084,7.0
210029,CVE-2024-30088,7.0
210029,CVE-2024-30099,7.0
210029,CVE-2024-30090,7.0
210029,CVE-2024-35265,7.0
210029,CVE-2024-30076,6.8
210029,CVE-2024-30063,6.7
210029,CVE-2024-30065,5.5
210029,CVE-2024-30066,5.5
210029,CVE-2024-30096,5.5
210029,CVE-2024-30067,5.5
210029,CVE-2024-30069,4.7
210030,CVE-2024-38077,9.8
210030,CVE-2024-38074,9.8
210030,CVE-2024-38076,9.8
210030,CVE-2024-38053,8.8
210030,CVE-2024-38060,8.8
210030,CVE-2024-37973,8.8
210030,CVE-2024-21417,8.8
210030,CVE-2024-38104,8.8
210030,CVE-2024-28899,8.8
210030,CVE-2024-30013,8.8
210030,CVE-2024-37984,8.4
210030,CVE-2024-38011,8.0
210030,CVE-2024-37969,8.0
210030,CVE-2024-37970,8.0
210030,CVE-2024-37971,8.0
210030,CVE-2024-37981,8.0
210030,CVE-2024-37974,8.0
210030,CVE-2024-37989,8.0
210030,CVE-2024-37987,8.0
210030,CVE-2024-37988,8.0
210030,CVE-2024-38010,8.0
210030,CVE-2024-37972,8.0
210030,CVE-2024-37975,8.0
210030,CVE-2024-37986,8.0
210030,CVE-2024-38062,7.8
210030,CVE-2024-38085,7.8
210030,CVE-2024-38047,7.8
210030,CVE-2024-38043,7.8
210030,CVE-2024-38066,7.8
210030,CVE-2024-38057,7.8
210030,CVE-2024-38054,7.8
210030,CVE-2024-30079,7.8
210030,CVE-2024-38079,7.8
210030,CVE-2024-38100,7.8
210030,CVE-2024-38034,7.8
210030,CVE-2024-38050,7.8
210030,CVE-2024-38052,7.8
210030,CVE-2024-38051,7.8
210030,CVE-2024-38070,7.8
210030,CVE-2024-38031,7.5
210030,CVE-2024-38112,7.5
210030,CVE-2024-38015,7.5
210030,CVE-2024-38073,7.5
210030,CVE-2024-38071,7.5
210030,CVE-2024-30098,7.5
210030,CVE-2024-38091,7.5
210030,CVE-2024-38064,7.5
210030,CVE-2024-38067,7.5
210030,CVE-2024-38068,7.5
210030,CVE-2024-38072,7.5
210030,CVE-2024-38061,7.5
210030,CVE-2024-38033,7.3
210030,CVE-2024-38019,7.2
210030,CVE-2024-38028,7.2
210030,CVE-2024-38025,7.2
210030,CVE-2024-38044,7.2
210030,CVE-2024-30081,7.1
210030,CVE-2024-38022,7.0
210030,CVE-2024-38069,7.0
210030,CVE-2024-38058,6.8
210030,CVE-2024-38065,6.8
210030,CVE-2024-38013,6.7
210030,CVE-2024-38049,6.6
210030,CVE-2024-38048,6.5
210030,CVE-2024-38105,6.5
210030,CVE-2024-38101,6.5
210030,CVE-2024-38030,6.5
210030,CVE-2024-38027,6.5
210030,CVE-2024-38102,6.5
210030,CVE-2024-38099,5.9
210030,CVE-2024-38017,5.5
210030,CVE-2024-38056,5.5
210030,CVE-2024-38041,5.5
210030,CVE-2024-38055,5.5
210030,CVE-2024-35270,5.3
210030,CVE-2024-30071,4.7
210031,CVE-2024-38063,9.8
210031,CVE-2024-38199,9.8
210031,CVE-2024-38140,9.8
210031,CVE-2024-38144,8.8
210031,CVE-2024-38120,8.8
210031,CVE-2024-38180,8.8
210031,CVE-2024-38121,8.8
210031,CVE-2024-38114,8.8
210031,CVE-2024-38131,8.8
210031,CVE-2024-38130,8.8
210031,CVE-2024-38115,8.8
210031,CVE-2024-38128,8.8
210031,CVE-2024-38154,8.8
210031,CVE-2024-38116,8.8
210031,CVE-2024-29995,8.1
210031,CVE-2024-38152,7.8
210031,CVE-2024-38184,7.8
210031,CVE-2024-38153,7.8
210031,CVE-2024-38141,7.8
210031,CVE-2024-38125,7.8
210031,CVE-2024-38186,7.8
210031,CVE-2024-38127,7.8
210031,CVE-2024-38191,7.8
210031,CVE-2024-38117,7.8
210031,CVE-2024-38193,7.8
210031,CVE-2024-38185,7.8
210031,CVE-2024-38134,7.8
210031,CVE-2024-38196,7.8
210031,CVE-2024-38107,7.8
210031,CVE-2024-38142,7.8
210031,CVE-2024-38187,7.8
210031,CVE-2024-38133,7.8
210031,CVE-2024-38215,7.8
210031,CVE-2024-38126,7.5
210031,CVE-2024-38198,7.5
210031,CVE-2024-38146,7.5
210031,CVE-2024-38178,7.5
210031,CVE-2024-38145,7.5
210031,CVE-2024-38132,7.5
210031,CVE-2024-37968,7.5
210031,CVE-2024-38138,7.5
210031,CVE-2024-38202,7.3
210031,CVE-2024-38106,7.0
210031,CVE-2024-38136,7.0
210031,CVE-2024-38223,6.8
210031,CVE-2024-38161,6.8
210031,CVE-2024-21302,6.7
210031,CVE-2024-38214,6.5
210031,CVE-2024-38213,6.5
210031,CVE-2024-38151,5.5
210031,CVE-2024-38118,5.5
210031,CVE-2024-38122,5.5
210031,CVE-2024-38143,4.2
210032,CVE-2024-43461,8.8
210032,CVE-2024-43455,8.8
210032,CVE-2024-38260,8.8
210032,CVE-2024-38240,8.1
210032,CVE-2024-38045,8.1
210032,CVE-2024-21416,8.1
210032,CVE-2024-38237,7.8
210032,CVE-2024-38243,7.8
210032,CVE-2024-38250,7.8
210032,CVE-2024-38241,7.8
210032,CVE-2024-38252,7.8
210032,CVE-2024-38014,7.8
210032,CVE-2024-38046,7.8
210032,CVE-2024-38245,7.8
210032,CVE-2024-38238,7.8
210032,CVE-2024-38249,7.8
210032,CVE-2024-38247,7.8
210032,CVE-2024-38244,7.8
210032,CVE-2024-38242,7.8
210032,CVE-2024-30073,7.8
210032,CVE-2024-38263,7.5
210032,CVE-2024-38257,7.5
210032,CVE-2024-38236,7.5
210032,CVE-2024-43467,7.5
210032,CVE-2024-38119,7.5
210032,CVE-2024-38239,7.2
210032,CVE-2024-43454,7.1
210032,CVE-2024-38234,6.5
210032,CVE-2024-38235,6.5
210032,CVE-2024-38231,6.5
210032,CVE-2024-38258,6.5
210032,CVE-2024-38230,6.5
210032,CVE-2024-43487,6.5
210032,CVE-2024-38254,5.5
210032,CVE-2024-38256,5.5
210032,CVE-2024-38217,5.4
210033,CVE-2024-38124,9.0
210033,CVE-2024-38212,8.8
210033,CVE-2024-38265,8.8
210033,CVE-2024-43453,8.8
210033,CVE-2024-43518,8.8
210033,CVE-2024-43519,8.8
210033,CVE-2024-43608,8.8
210033,CVE-2024-43592,8.8
210033,CVE-2024-43593,8.8
210033,CVE-2024-43517,8.8
210033,CVE-2024-43564,8.8
210033,CVE-2024-43549,8.8
210033,CVE-2024-43607,8.8
210033,CVE-2024-43611,8.8
210033,CVE-2024-43599,8.8
210033,CVE-2024-43532,8.8
210033,CVE-2024-43589,8.8
210033,CVE-2024-43582,8.1
210033,CVE-2024-30092,8.0
210033,CVE-2024-43516,7.8
210033,CVE-2024-43556,7.8
210033,CVE-2024-43509,7.8
210033,CVE-2024-43551,7.8
210033,CVE-2024-43583,7.8
210033,CVE-2024-43514,7.8
210033,CVE-2024-43572,7.8
210033,CVE-2024-38261,7.8
210033,CVE-2024-43501,7.8
210033,CVE-2024-43560,7.8
210033,CVE-2024-43563,7.8
210033,CVE-2024-43528,7.8
210033,CVE-2024-38149,7.5
210033,CVE-2024-43541,7.5
210033,CVE-2024-43521,7.5
210033,CVE-2024-43565,7.5
210033,CVE-2024-43562,7.5
210033,CVE-2024-43545,7.5
210033,CVE-2024-43567,7.5
210033,CVE-2024-43506,7.5
210033,CVE-2024-43544,7.5
210033,CVE-2024-38262,7.5
210033,CVE-2024-43515,7.5
210033,CVE-2024-43575,7.5
210033,CVE-2024-43550,7.4
210033,CVE-2024-43553,7.4
210033,CVE-2024-43502,7.1
210033,CVE-2024-20659,7.1
210033,CVE-2024-43581,7.1
210033,CVE-2024-43615,7.1
210033,CVE-2024-43511,7.0
210033,CVE-2024-43535,7.0
210033,CVE-2024-43524,6.8
210033,CVE-2024-43525,6.8
210033,CVE-2024-43523,6.8
210033,CVE-2024-43526,6.8
210033,CVE-2024-43536,6.8
210033,CVE-2024-43543,6.8
210033,CVE-2024-37976,6.7
210033,CVE-2024-37983,6.7
210033,CVE-2024-37979,6.7
210033,CVE-2024-37982,6.7
210033,CVE-2024-43534,6.5
210033,CVE-2024-43557,6.5
210033,CVE-2024-43573,6.5
210033,CVE-2024-43547,6.5
210033,CVE-2024-43555,6.5
210033,CVE-2024-43538,6.5
210033,CVE-2024-43542,6.5
210033,CVE-2024-43561,6.5
210033,CVE-2024-43537,6.5
210033,CVE-2024-43559,6.5
210033,CVE-2024-43540,6.5
210033,CVE-2024-43512,6.5
210033,CVE-2024-43558,6.5
210033,CVE-2024-43513,6.4
210033,CVE-2024-43570,6.4
210033,CVE-2024-43585,5.5
210033,CVE-2024-43554,5.5
210033,CVE-2024-43520,5.0
210033,CVE-2024-43456,4.8
210034,CVE-2024-43639,9.8
210034,CVE-2024-49039,8.8
210034,CVE-2024-43627,8.8
210034,CVE-2024-43628,8.8
210034,CVE-2024-43621,8.8
210034,CVE-2024-43622,8.8
210034,CVE-2024-43635,8.8
210034,CVE-2024-43624,8.8
210034,CVE-2024-43620,8.8
210034,CVE-2024-49019,7.8
210034,CVE-2024-49046,7.8
210034,CVE-2024-43626,7.8
210034,CVE-2024-43641,7.8
210034,CVE-2024-43636,7.8
210034,CVE-2024-43644,7.8
210034,CVE-2024-43629,7.8
210034,CVE-2024-43623,7.8
210034,CVE-2024-43450,7.5
210034,CVE-2024-43452,7.5
210034,CVE-2024-43643,6.8
210034,CVE-2024-43638,6.8
210034,CVE-2024-43449,6.8
210034,CVE-2024-43634,6.8
210034,CVE-2024-43637,6.8
210034,CVE-2024-43645,6.7
210034,CVE-2024-43646,6.7
210034,CVE-2024-43451,6.5
210034,CVE-2024-38203,6.2
210035,CVE-2024-49112,9.8
210035,CVE-2024-49102,8.8
210035,CVE-2024-49080,8.8
210035,CVE-2024-49104,8.8
210035,CVE-2024-49125,8.8
210035,CVE-2024-49085,8.8
210035,CVE-2024-49086,8.8
210035,CVE-2024-49105,8.4
210035,CVE-2024-49127,8.1
210035,CVE-2024-49132,8.1
210035,CVE-2024-49116,8.1
210035,CVE-2024-49123,8.1
210035,CVE-2024-49128,8.1
210035,CVE-2024-49126,8.1
210035,CVE-2024-49118,8.1
210035,CVE-2024-49106,8.1
210035,CVE-2024-49122,8.1
210035,CVE-2024-49119,8.1
210035,CVE-2024-49108,8.1
210035,CVE-2024-49115,8.1
210035,CVE-2024-49120,8.1
210035,CVE-2024-49124,8.1
210035,CVE-2024-49079,7.8
210035,CVE-2024-49138,7.8
210035,CVE-2024-49090,7.8
210035,CVE-2024-49076,7.8
210035,CVE-2024-49114,7.8
210035,CVE-2024-49072,7.8
210035,CVE-2024-49088,7.8
210035,CVE-2024-49074,7.8
210035,CVE-2024-49129,7.5
210035,CVE-2024-49096,7.5
210035,CVE-2024-49075,7.5
210035,CVE-2024-49113,7.5
210035,CVE-2024-49121,7.5
210035,CVE-2024-49107,7.3
210035,CVE-2024-49089,7.2
210035,CVE-2024-49091,7.2
210035,CVE-2024-49084,7.0
210035,CVE-2024-49097,7.0
210035,CVE-2024-49095,7.0
210035,CVE-2024-49073,6.8
210035,CVE-2024-49082,6.8
210035,CVE-2024-49110,6.8
210035,CVE-2024-49077,6.8
210035,CVE-2024-49083,6.8
210035,CVE-2024-49078,6.8
210035,CVE-2024-49092,6.8
210035,CVE-2024-49101,6.6
210035,CVE-2024-49094,6.6
210035,CVE-2024-49111,6.6
210035,CVE-2024-49109,6.6
210035,CVE-2024-49081,6.6
210035,CVE-2024-49087,4.6
210035,CVE-2024-49098,4.3
210035,CVE-2024-49099,4.3
210035,CVE-2024-49103,4.3
210036,CVE-2025-21307,9.8
210036,CVE-2025-21298,9.8
210036,CVE-2025-21266,8.8
210036,CVE-2025-21241,8.8
210036,CVE-2025-21417,8.8
210036,CVE-2025-21303,8.8
210036,CVE-2025-21246,8.8
210036,CVE-2025-21413,8.8
210036,CVE-2025-21238,8.8
210036,CVE-2025-21250,8.8
210036,CVE-2025-21411,8.8
210036,CVE-2025-21245,8.8
210036,CVE-2025-21339,8.8
210036,CVE-2025-21306,8.8
210036,CVE-2025-21248,8.8
210036,CVE-2025-21273,8.8
210036,CVE-2025-21302,8.8
210036,CVE-2025-21286,8.8
210036,CVE-2025-21223,8.8
210036,CVE-2025-21233,8.8
210036,CVE-2025-21409,8.8
210036,CVE-2025-21305,8.8
210036,CVE-2025-21244,8.8
210036,CVE-2025-21291,8.8
210036,CVE-2025-21293,8.8
210036,CVE-2025-21236,8.8
210036,CVE-2025-21252,8.8
210036,CVE-2025-21292,8.8
210036,CVE-2025-21239,8.8
210036,CVE-2025-21243,8.8
210036,CVE-2025-21282,8.8
210036,CVE-2025-21237,8.8
210036,CVE-2025-21240,8.8
210036,CVE-2025-21309,8.1
210036,CVE-2025-21294,8.1
210036,CVE-2025-21297,8.1
210036,CVE-2025-21295,8.1
210036,CVE-2025-21378,7.8
210036,CVE-2025-21271,7.8
210036,CVE-2025-21382,7.8
210036,CVE-2025-21281,7.8
210036,CVE-2025-21304,7.8
210036,CVE-2025-21338,7.8
210036,CVE-2025-21287,7.8
210036,CVE-2025-21277,7.5
210036,CVE-2025-21285,7.5
210036,CVE-2025-21220,7.5
210036,CVE-2025-21300,7.5
210036,CVE-2025-21230,7.5
210036,CVE-2025-21251,7.5
210036,CVE-2025-21276,7.5
210036,CVE-2025-21296,7.5
210036,CVE-2025-21218,7.5
210036,CVE-2025-21270,7.5
210036,CVE-2025-21289,7.5
210036,CVE-2025-21231,7.5
210036,CVE-2025-21290,7.5
210036,CVE-2025-21389,7.5
210036,CVE-2025-21330,7.5
210036,CVE-2025-21207,7.5
210036,CVE-2025-21331,7.3
210036,CVE-2025-21299,7.1
210036,CVE-2025-21211,6.8
210036,CVE-2025-21256,6.6
210036,CVE-2025-21324,6.6
210036,CVE-2025-21255,6.6
210036,CVE-2025-21263,6.6
210036,CVE-2025-21327,6.6
210036,CVE-2025-21226,6.6
210036,CVE-2025-21260,6.6
210036,CVE-2025-21261,6.6
210036,CVE-2025-21310,6.6
210036,CVE-2025-21341,6.6
210036,CVE-2025-21229,6.6
210036,CVE-2025-21258,6.6
210036,CVE-2025-21249,6.6
210036,CVE-2025-21232,6.6
210036,CVE-2025-21265,6.6
210036,CVE-2025-21227,6.6
210036,CVE-2025-21228,6.6
210036,CVE-2025-21217,6.5
210036,CVE-2025-21193,6.5
210036,CVE-2025-21308,6.5
210036,CVE-2025-21288,6.5
210036,CVE-2025-21272,6.5
210036,CVE-2025-21301,6.5
210036,CVE-2025-21314,6.5
210036,CVE-2025-21278,6.2
210036,CVE-2025-21202,6.1
210036,CVE-2025-21225,5.9
210036,CVE-2025-21242,5.9
210036,CVE-2025-21336,5.6
210036,CVE-2025-21318,5.5
210036,CVE-2025-21316,5.5
210036,CVE-2025-21323,5.5
210036,CVE-2025-21284,5.5
210036,CVE-2025-21280,5.5
210036,CVE-2025-21340,5.5
210036,CVE-2025-21274,5.5
210036,CVE-2025-21257,5.5
210036,CVE-2025-21320,5.5
210036,CVE-2025-21321,5.5
210036,CVE-2025-21319,5.5
210036,CVE-2025-21374,5.5
210036,CVE-2025-21215,4.6
210036,CVE-2025-21213,4.6
210036,CVE-2025-21269,4.3
210036,CVE-2025-21328,4.3
210036,CVE-2025-21268,4.3
210036,CVE-2025-21332,4.3
210036,CVE-2025-21329,4.3
210036,CVE-2025-21189,4.3
210036,CVE-2025-21219,4.3
210036,CVE-2025-21210,4.2
210036,CVE-2025-21214,4.2
210036,CVE-2025-21312,2.4
210037,CVE-2025-21369,8.8
210037,CVE-2025-21371,8.8
210037,CVE-2025-21368,8.8
210037,CVE-2025-21406,8.8
210037,CVE-2025-21410,8.8
210037,CVE-2025-21407,8.8
210037,CVE-2025-21200,8.8
210037,CVE-2025-21190,8.8
210037,CVE-2025-21208,8.8
210037,CVE-2025-21201,8.8
210037,CVE-2025-21376,8.1
210037,CVE-2025-21359,7.8
210037,CVE-2025-21418,7.8
210037,CVE-2025-21358,7.8
210037,CVE-2025-21420,7.8
210037,CVE-2025-21375,7.8
210037,CVE-2025-21367,7.8
210037,CVE-2025-21373,7.8
210037,CVE-2025-21181,7.5
210037,CVE-2025-21351,7.5
210037,CVE-2025-21391,7.1
210037,CVE-2025-21419,7.1
210037,CVE-2025-21414,7.0
210037,CVE-2025-21184,7.0
210037,CVE-2025-21349,6.8
210037,CVE-2025-21377,6.5
210037,CVE-2025-21254,6.5
210037,CVE-2025-21212,6.5
210037,CVE-2025-21352,6.5
210037,CVE-2025-21216,6.5
210037,CVE-2025-21347,6.0
210037,CVE-2025-21350,5.9
210037,CVE-2025-21337,3.3
210038,CVE-2025-24051,8.8
210038,CVE-2025-24056,8.8
210038,CVE-2025-26645,8.8
210038,CVE-2025-24045,8.1
210038,CVE-2025-24064,8.1
210038,CVE-2025-24035,8.1
210038,CVE-2025-24993,7.8
210038,CVE-2025-24048,7.8
210038,CVE-2025-24067,7.8
210038,CVE-2025-24046,7.8
210038,CVE-2025-24066,7.8
210038,CVE-2025-24059,7.8
210038,CVE-2025-24072,7.8
210038,CVE-2025-24061,7.8
210038,CVE-2025-24985,7.8
210038,CVE-2025-24044,7.8
210038,CVE-2025-21180,7.8
210038,CVE-2025-24995,7.8
210038,CVE-2025-24050,7.8
210038,CVE-2025-26634,7.5
210038,CVE-2025-25008,7.1
210038,CVE-2025-26633,7.0
210038,CVE-2025-24987,6.6
210038,CVE-2025-24988,6.6
210038,CVE-2025-24996,6.5
210038,CVE-2025-24054,6.5
210038,CVE-2025-24071,6.5
210038,CVE-2025-24992,5.5
210038,CVE-2025-24991,5.5
210038,CVE-2025-24984,4.6
210038,CVE-2025-24055,4.3
210038,CVE-2025-21247,4.3
210039,CVE-2025-26647,8.8
210039,CVE-2025-26669,8.8
210039,CVE-2025-27477,8.8
210039,CVE-2025-27481,8.8
210039,CVE-2025-21205,8.8
210039,CVE-2025-27740,8.8
210039,CVE-2025-21221,8.8
210039,CVE-2025-21222,8.8
210039,CVE-2025-27737,8.6
210039,CVE-2025-26678,8.4
210039,CVE-2025-26663,8.1
210039,CVE-2025-26670,8.1
210039,CVE-2025-27480,8.1
210039,CVE-2025-26671,8.1
210039,CVE-2025-27482,8.1
210039,CVE-2025-27487,8.0
210039,CVE-2025-27467,7.8
210039,CVE-2025-24060,7.8
210039,CVE-2025-24074,7.8
210039,CVE-2025-27739,7.8
210039,CVE-2025-27476,7.8
210039,CVE-2025-26648,7.8
210039,CVE-2025-24058,7.8
210039,CVE-2025-29824,7.8
210039,CVE-2025-24073,7.8
210039,CVE-2025-26679,7.8
210039,CVE-2025-26674,7.8
210039,CVE-2025-26688,7.8
210039,CVE-2025-27727,7.8
210039,CVE-2025-27741,7.8
210039,CVE-2025-21204,7.8
210039,CVE-2025-27731,7.8
210039,CVE-2025-27730,7.8
210039,CVE-2025-27483,7.8
210039,CVE-2025-26666,7.8
210039,CVE-2025-27733,7.8
210039,CVE-2025-29810,7.5
210039,CVE-2025-27479,7.5
210039,CVE-2025-21174,7.5
210039,CVE-2025-26668,7.5
210039,CVE-2025-26686,7.5
210039,CVE-2025-26673,7.5
210039,CVE-2025-26680,7.5
210039,CVE-2025-26687,7.5
210039,CVE-2025-27473,7.5
210039,CVE-2025-27484,7.5
210039,CVE-2025-27470,7.5
210039,CVE-2025-27469,7.5
210039,CVE-2025-27486,7.5
210039,CVE-2025-27485,7.5
210039,CVE-2025-26641,7.5
210039,CVE-2025-26652,7.5
210039,CVE-2025-27491,7.1
210039,CVE-2025-29809,7.1
210039,CVE-2025-21191,7.0
210039,CVE-2025-26640,7.0
210039,CVE-2025-27478,7.0
210039,CVE-2025-26665,7.0
210039,CVE-2025-27732,7.0
210039,CVE-2025-26637,6.8
210039,CVE-2025-26664,6.5
210039,CVE-2025-27474,6.5
210039,CVE-2025-26672,6.5
210039,CVE-2025-26676,6.5
210039,CVE-2025-26667,6.5
210039,CVE-2025-26635,6.5
210039,CVE-2025-21203,6.5
210039,CVE-2025-27738,6.5
210039,CVE-2025-21197,6.5
210039,CVE-2025-27735,6.0
210039,CVE-2025-27471,5.9
210039,CVE-2025-27736,5.5
210039,CVE-2025-27742,5.5
210039,CVE-2025-26644,5.1
210040,CVE-2025-29963,8.8
210040,CVE-2025-29840,8.8
210040,CVE-2025-29962,8.8
210040,CVE-2025-29964,8.8
210040,CVE-2025-29966,8.8
210040,CVE-2025-29967,8.8
210040,CVE-2025-24063,7.8
210040,CVE-2025-30385,7.8
210040,CVE-2025-30400,7.8
210040,CVE-2025-30388,7.8
210040,CVE-2025-32701,7.8
210040,CVE-2025-32706,7.8
210040,CVE-2025-32707,7.8
210040,CVE-2025-32709,7.8
210040,CVE-2025-29833,7.7
210040,CVE-2025-26677,7.5
210040,CVE-2025-29969,7.5
210040,CVE-2025-29842,7.5
210040,CVE-2025-30397,7.5
210040,CVE-2025-29831,7.5
210040,CVE-2025-27468,7.0
210040,CVE-2025-27488,6.7
210040,CVE-2025-29961,6.5
210040,CVE-2025-29958,6.5
210040,CVE-2025-29836,6.5
210040,CVE-2025-29960,6.5
210040,CVE-2025-29968,6.5
210040,CVE-2025-29835,6.5
210040,CVE-2025-29832,6.5
210040,CVE-2025-29959,6.5
210040,CVE-2025-29830,6.5
210040,CVE-2025-29957,6.2
210040,CVE-2025-29954,5.9
210040,CVE-2025-30394,5.9
210040,CVE-2025-29974,5.7
210040,CVE-2025-29837,5.5
210040,CVE-2025-29829,5.5
210040,CVE-2025-29956,5.4
210040,CVE-2025-29839,4.0
210041,CVE-2025-33073,8.8
210041,CVE-2025-33053,8.8
210041,CVE-2025-33066,8.8
210041,CVE-2025-33064,8.8
210041,CVE-2025-33067,8.4
210041,CVE-2025-33070,8.1
210041,CVE-2025-33071,8.1
210041,CVE-2025-32710,8.1
210041,CVE-2025-32716,7.8
210041,CVE-2025-32712,7.8
210041,CVE-2025-32713,7.8
210041,CVE-2025-32714,7.8
210041,CVE-2025-33075,7.8
210041,CVE-2025-32718,7.8
210041,CVE-2025-47955,7.8
210041,CVE-2025-32724,7.5
210041,CVE-2025-33050,7.5
210041,CVE-2025-33068,7.5
210041,CVE-2025-32725,7.5
210041,CVE-2025-33056,7.5
210041,CVE-2025-32721,7.3
210041,CVE-2025-33057,6.5
210041,CVE-2025-32715,6.5
210041,CVE-2025-33065,5.5
210041,CVE-2025-24068,5.5
210041,CVE-2025-24069,5.5
210041,CVE-2025-24065,5.5
210041,CVE-2025-33058,5.5
210041,CVE-2025-33055,5.5
210041,CVE-2025-33063,5.5
210041,CVE-2025-33060,5.5
210041,CVE-2025-33052,5.5
210041,CVE-2025-33061,5.5
210041,CVE-2025-33059,5.5
210041,CVE-2025-33062,5.5
210041,CVE-2025-32719,5.5
210041,CVE-2025-32720,5.5
210041,CVE-2025-32722,5.5
210041,CVE-2025-47160,5.4
210042,CVE-2025-47981,9.8
210042,CVE-2025-47986,8.8
210042,CVE-2025-47998,8.8
210042,CVE-2025-48817,8.8
210042,CVE-2025-49657,8.8
210042,CVE-2025-49687,8.8
210042,CVE-2025-48824,8.8
210042,CVE-2025-49688,8.8
210042,CVE-2025-49729,8.8
210042,CVE-2025-49723,8.8
210042,CVE-2025-49668,8.8
210042,CVE-2025-49673,8.8
210042,CVE-2025-49674,8.8
210042,CVE-2025-49724,8.8
210042,CVE-2025-49676,8.8
210042,CVE-2025-49663,8.8
210042,CVE-2025-49740,8.8
210042,CVE-2025-49672,8.8
210042,CVE-2025-49753,8.8
210042,CVE-2025-49669,8.8
210042,CVE-2025-48822,8.6
210042,CVE-2025-49735,8.1
210042,CVE-2025-49691,8.0
210042,CVE-2025-47972,8.0
210042,CVE-2025-49667,7.8
210042,CVE-2025-49665,7.8
210042,CVE-2025-49675,7.8
210042,CVE-2025-49726,7.8
210042,CVE-2025-49742,7.8
210042,CVE-2025-48806,7.8
210042,CVE-2025-48816,7.8
210042,CVE-2025-48805,7.8
210042,CVE-2025-47991,7.8
210042,CVE-2025-47976,7.8
210042,CVE-2025-47985,7.8
210042,CVE-2025-47159,7.8
210042,CVE-2025-47971,7.8
210042,CVE-2025-47996,7.8
210042,CVE-2025-47987,7.8
210042,CVE-2025-48000,7.8
210042,CVE-2025-47973,7.8
210042,CVE-2025-47982,7.8
210042,CVE-2025-49732,7.8
210042,CVE-2025-49659,7.8
210042,CVE-2025-49689,7.8
210042,CVE-2025-49661,7.8
210042,CVE-2025-49725,7.8
210042,CVE-2025-48815,7.8
210042,CVE-2025-49686,7.8
210042,CVE-2025-49733,7.8
210042,CVE-2025-49721,7.8
210042,CVE-2025-48820,7.8
210042,CVE-2025-49660,7.8
210042,CVE-2025-49683,7.8
210042,CVE-2025-49679,7.8
210042,CVE-2025-49730,7.8
210042,CVE-2025-47984,7.5
210042,CVE-2025-48814,7.5
210042,CVE-2025-49716,7.5
210042,CVE-2025-49690,7.4
210042,CVE-2025-49680,7.3
210042,CVE-2025-49666,7.2
210042,CVE-2025-48821,7.1
210042,CVE-2025-48819,7.1
210042,CVE-2025-49678,7.0
210042,CVE-2025-49727,7.0
210042,CVE-2025-47975,7.0
210042,CVE-2025-49685,7.0
210042,CVE-2025-49744,7.0
210042,CVE-2025-47999,6.8
210042,CVE-2025-48804,6.8
210042,CVE-2025-48001,6.8
210042,CVE-2025-48003,6.8
210042,CVE-2025-48818,6.8
210042,CVE-2025-48800,6.8
210042,CVE-2025-48803,6.7
210042,CVE-2025-48811,6.7
210042,CVE-2025-49671,6.5
210042,CVE-2025-49681,6.5
210042,CVE-2025-49670,6.5
210042,CVE-2025-47980,6.2
210042,CVE-2025-48823,5.9
210042,CVE-2025-49722,5.7
210042,CVE-2025-48808,5.5
210042,CVE-2025-49658,5.5
210042,CVE-2025-49684,5.5
210042,CVE-2025-49664,5.5
210042,CVE-2025-49760,3.5
210043,CVE-2025-53766,9.8
210043,CVE-2025-53143,8.8
210043,CVE-2025-53778,8.8
210043,CVE-2025-53145,8.8
210043,CVE-2025-53144,8.8
210043,CVE-2025-49757,8.8
210043,CVE-2025-50163,8.8
210043,CVE-2025-53131,8.8
210043,CVE-2025-50177,8.1
210043,CVE-2025-53720,8.0
210043,CVE-2025-50162,8.0
210043,CVE-2025-50164,8.0
210043,CVE-2025-50160,8.0
210043,CVE-2025-53723,7.8
210043,CVE-2025-53151,7.8
210043,CVE-2025-55230,7.8
210043,CVE-2025-50155,7.8
210043,CVE-2025-49761,7.8
210043,CVE-2025-50153,7.8
210043,CVE-2025-50170,7.8
210043,CVE-2025-53132,7.8
210043,CVE-2025-53154,7.8
210043,CVE-2025-53149,7.8
210043,CVE-2025-53726,7.8
210043,CVE-2025-53789,7.8
210043,CVE-2025-53141,7.8
210043,CVE-2025-53725,7.8
210043,CVE-2025-53155,7.8
210043,CVE-2025-53152,7.8
210043,CVE-2025-50173,7.8
210043,CVE-2025-53724,7.8
210043,CVE-2025-55231,7.5
210043,CVE-2025-53722,7.5
210043,CVE-2025-50161,7.3
210043,CVE-2025-50159,7.3
210043,CVE-2025-49762,7.0
210043,CVE-2025-53718,7.0
210043,CVE-2025-53134,7.0
210043,CVE-2025-53140,7.0
210043,CVE-2025-53721,7.0
210043,CVE-2025-53147,7.0
210043,CVE-2025-50158,7.0
210043,CVE-2025-53137,7.0
210043,CVE-2025-53135,7.0
210043,CVE-2025-50167,7.0
210043,CVE-2025-49751,6.8
210043,CVE-2025-49743,6.7
210043,CVE-2025-48807,6.7
210043,CVE-2025-50172,6.5
210043,CVE-2025-53716,6.5
210043,CVE-2025-50154,6.5
210043,CVE-2025-50166,6.5
210043,CVE-2025-53138,5.7
210043,CVE-2025-53153,5.7
210043,CVE-2025-53719,5.7
210043,CVE-2025-53148,5.7
210043,CVE-2025-50156,5.7
210043,CVE-2025-50157,5.7
210043,CVE-2025-53136,5.5
210043,CVE-2025-55229,5.3
210044,CVE-2025-55234,8.8
210044,CVE-2025-54113,8.8
210044,CVE-2025-54918,8.8
210044,CVE-2025-54110,8.8
210044,CVE-2025-54106,8.8
210044,CVE-2025-54895,7.8
210044,CVE-2025-55224,7.8
210044,CVE-2025-53800,7.8
210044,CVE-2025-54912,7.8
210044,CVE-2025-54894,7.8
210044,CVE-2025-54102,7.8
210044,CVE-2025-54913,7.8
210044,CVE-2025-54091,7.8
210044,CVE-2025-54111,7.8
210044,CVE-2025-54098,7.8
210044,CVE-2025-54916,7.8
210044,CVE-2025-54092,7.8
210044,CVE-2025-53801,7.8
210044,CVE-2025-54919,7.5
210044,CVE-2025-55236,7.3
210044,CVE-2025-54116,7.3
210044,CVE-2025-54911,7.3
210044,CVE-2025-49734,7.0
210044,CVE-2025-54099,7.0
210044,CVE-2025-54115,7.0
210044,CVE-2025-54112,7.0
210044,CVE-2025-55223,7.0
210044,CVE-2025-54093,7.0
210044,CVE-2025-53807,7.0
210044,CVE-2025-55226,6.7
210044,CVE-2025-53808,6.7
210044,CVE-2025-53810,6.7
210044,CVE-2025-54094,6.7
210044,CVE-2025-54104,6.7
210044,CVE-2025-54915,6.7
210044,CVE-2025-54109,6.7
210044,CVE-2025-54096,6.5
210044,CVE-2025-55225,6.5
210044,CVE-2025-53796,6.5
210044,CVE-2025-53806,6.5
210044,CVE-2025-53798,6.5
210044,CVE-2025-53797,6.5
210044,CVE-2025-54097,6.5
210044,CVE-2025-54095,6.5
210044,CVE-2025-53803,5.5
210044,CVE-2025-53804,5.5
210044,CVE-2025-53799,5.5
210044,CVE-2025-54101,4.8
210044,CVE-2025-54107,4.3
210044,CVE-2025-54917,4.3
210045,CVE-2025-49708,9.9
210045,CVE-2025-59287,9.8
210045,CVE-2025-58715,8.8
210045,CVE-2025-58716,8.8
210045,CVE-2025-58718,8.8
210045,CVE-2025-59295,8.8
210045,CVE-2025-58728,7.8
210045,CVE-2025-55701,7.8
210045,CVE-2025-58722,7.8
210045,CVE-2025-58720,7.8
210045,CVE-2025-55680,7.8
210045,CVE-2025-24052,7.8
210045,CVE-2025-59201,7.8
210045,CVE-2025-59191,7.8
210045,CVE-2025-59254,7.8
210045,CVE-2025-59192,7.8
210045,CVE-2025-59207,7.8
210045,CVE-2025-59255,7.8
210045,CVE-2025-59242,7.8
210045,CVE-2025-59199,7.8
210045,CVE-2025-59277,7.8
210045,CVE-2025-55328,7.8
210045,CVE-2025-55692,7.8
210045,CVE-2025-59230,7.8
210045,CVE-2025-55696,7.8
210045,CVE-2025-24990,7.8
210045,CVE-2025-53150,7.8
210045,CVE-2025-58714,7.8
210045,CVE-2025-50175,7.8
210045,CVE-2025-59187,7.8
210045,CVE-2025-59278,7.8
210045,CVE-2025-50152,7.8
210045,CVE-2025-59275,7.8
210045,CVE-2025-59200,7.7
210045,CVE-2025-59502,7.5
210045,CVE-2025-55326,7.5
210045,CVE-2025-58726,7.5
210045,CVE-2025-55687,7.4
210045,CVE-2025-55335,7.4
210045,CVE-2025-25004,7.3
210045,CVE-2025-59208,7.1
210045,CVE-2025-58733,7.0
210045,CVE-2025-58737,7.0
210045,CVE-2025-58736,7.0
210045,CVE-2025-59196,7.0
210045,CVE-2025-59205,7.0
210045,CVE-2025-59202,7.0
210045,CVE-2025-59282,7.0
210045,CVE-2025-55681,7.0
210045,CVE-2025-59195,7.0
210045,CVE-2025-58732,7.0
210045,CVE-2025-58735,7.0
210045,CVE-2025-58725,7.0
210045,CVE-2025-58730,7.0
210045,CVE-2025-58738,7.0
210045,CVE-2025-58734,7.0
210045,CVE-2025-59193,7.0
210045,CVE-2025-55678,7.0
210045,CVE-2025-58729,6.5
210045,CVE-2025-58739,6.5
210045,CVE-2025-55700,6.5
210045,CVE-2025-59244,6.5
210045,CVE-2025-59259,6.5
210045,CVE-2025-58717,6.5
210045,CVE-2025-59214,6.5
210045,CVE-2025-59185,6.5
210045,CVE-2025-48813,6.3
210045,CVE-2025-59258,6.2
210045,CVE-2025-55338,6.1
210045,CVE-2025-55332,6.1
210045,CVE-2025-55333,6.1
210045,CVE-2025-55336,5.5
210045,CVE-2025-59204,5.5
210045,CVE-2025-55699,5.5
210045,CVE-2025-55325,5.5
210045,CVE-2025-59203,5.5
210045,CVE-2025-59209,5.5
210045,CVE-2025-59253,5.5
210045,CVE-2025-59260,5.5
210045,CVE-2025-59188,5.5
210045,CVE-2025-55695,5.5
210045,CVE-2025-55683,5.5
210045,CVE-2025-59197,5.5
210045,CVE-2025-59186,5.5
210045,CVE-2025-59184,5.5
210045,CVE-2025-59211,5.5
210045,CVE-2025-59190,5.5
210045,CVE-2025-55679,5.1
210045,CVE-2025-59198,5.0
210045,CVE-2025-58719,4.7
210045,CVE-2025-59280,3.1
210045,CVE-2025-59294,2.1
210046,CVE-2025-60724,9.8
210046,CVE-2025-62452,8.0
210046,CVE-2025-60715,8.0
210046,CVE-2025-60703,7.8
210046,CVE-2025-60713,7.8
210046,CVE-2025-60714,7.8
210046,CVE-2025-60709,7.8
210046,CVE-2025-60720,7.8
210046,CVE-2025-60705,7.8
210046,CVE-2025-59511,7.8
210046,CVE-2025-59512,7.8
210046,CVE-2025-59514,7.8
210046,CVE-2025-59505,7.8
210046,CVE-2025-60707,7.8
210046,CVE-2025-60704,7.5
210046,CVE-2025-60719,7.0
210046,CVE-2025-60716,7.0
210046,CVE-2025-59508,7.0
210046,CVE-2025-59506,7.0
210046,CVE-2025-59515,7.0
210046,CVE-2025-62215,7.0
210046,CVE-2025-60717,7.0
210046,CVE-2025-59507,7.0
210046,CVE-2025-62217,7.0
210046,CVE-2025-62213,7.0
210046,CVE-2025-60708,6.5
210046,CVE-2025-60723,6.3
210046,CVE-2025-60706,5.5
210046,CVE-2025-62208,5.5
210046,CVE-2025-62209,5.5
210046,CVE-2025-59510,5.5
210046,CVE-2025-59509,5.5
210046,CVE-2025-59513,5.5
210047,CVE-2025-62549,8.8
210047,CVE-2025-64678,8.8
210047,CVE-2025-62466,7.8
210047,CVE-2025-62571,7.8
210047,CVE-2025-55233,7.8
210047,CVE-2025-62462,7.8
210047,CVE-2025-62454,7.8
210047,CVE-2025-62455,7.8
210047,CVE-2025-62461,7.8
210047,CVE-2025-62458,7.8
210047,CVE-2025-62221,7.8
210047,CVE-2025-62464,7.8
210047,CVE-2025-62457,7.8
210047,CVE-2025-59517,7.8
210047,CVE-2025-59516,7.8
210047,CVE-2025-62470,7.8
210047,CVE-2025-62467,7.8
210047,CVE-2025-64679,7.8
210047,CVE-2025-62474,7.8
210047,CVE-2025-64680,7.8
210047,CVE-2025-62472,7.8
210047,CVE-2025-54100,7.8
210047,CVE-2025-64673,7.8
210047,CVE-2025-64661,7.8
210047,CVE-2025-64658,7.5
210047,CVE-2025-62565,7.3
210047,CVE-2025-62573,7.0
210047,CVE-2025-62473,6.5
210047,CVE-2025-62567,5.3
210048,CVE-2026-20868,8.8
210048,CVE-2026-20856,8.1
210048,CVE-2026-20931,8.0
210048,CVE-2026-20809,7.8
210048,CVE-2026-20816,7.8
210048,CVE-2026-20940,7.8
210048,CVE-2026-20873,7.8
210048,CVE-2026-20874,7.8
210048,CVE-2026-20820,7.8
210048,CVE-2026-20840,7.8
210048,CVE-2026-20822,7.8
210048,CVE-2026-20860,7.8
210048,CVE-2026-20831,7.8
210048,CVE-2026-20858,7.8
210048,CVE-2026-20866,7.8
210048,CVE-2026-20826,7.8
210048,CVE-2026-20843,7.8
210048,CVE-2026-20865,7.8
210048,CVE-2026-20867,7.8
210048,CVE-2026-20923,7.8
210048,CVE-2026-20832,7.8
210048,CVE-2026-20857,7.8
210048,CVE-2026-20922,7.8
210048,CVE-2026-20877,7.8
210048,CVE-2026-20918,7.8
210048,CVE-2026-20864,7.8
210048,CVE-2026-20861,7.8
210048,CVE-2026-20837,7.8
210048,CVE-2026-20810,7.8
210048,CVE-2026-20924,7.8
210048,CVE-2026-20852,7.7
210048,CVE-2026-20804,7.7
210048,CVE-2026-20848,7.5
210048,CVE-2026-0386,7.5
210048,CVE-2026-20921,7.5
210048,CVE-2026-20919,7.5
210048,CVE-2026-20849,7.5
210048,CVE-2026-20926,7.5
210048,CVE-2026-20934,7.5
210048,CVE-2026-20875,7.5
210048,CVE-2026-20929,7.5
210048,CVE-2026-20844,7.4
210048,CVE-2026-20836,7.0
210048,CVE-2026-20869,7.0
210048,CVE-2026-20814,7.0
210048,CVE-2026-20847,6.5
210048,CVE-2026-20925,6.5
210048,CVE-2026-20812,6.5
210048,CVE-2026-20872,6.5
210048,CVE-2026-21265,6.4
210048,CVE-2026-20818,6.2
210048,CVE-2026-20821,6.2
210048,CVE-2026-20805,5.5
210048,CVE-2026-20829,5.5
210048,CVE-2026-20827,5.5
210048,CVE-2026-20939,5.5
210048,CVE-2026-20823,5.5
210048,CVE-2026-20937,5.5
210048,CVE-2026-20833,5.5
210048,CVE-2026-20862,5.5
210048,CVE-2026-20824,5.5
210048,CVE-2026-20932,5.5
210048,CVE-2026-20839,5.5
210048,CVE-2026-20927,5.3
210048,CVE-2026-20834,4.6
210048,CVE-2026-20828,4.6
210048,CVE-2026-20962,4.4
210048,CVE-2026-20825,4.4
210048,CVE-2026-20936,4.3
210049,CVE-2026-21510,8.8
210049,CVE-2026-21513,8.8
210049,CVE-2026-21255,8.8
210049,CVE-2026-21231,7.8
210049,CVE-2026-21251,7.8
210049,CVE-2026-21246,7.8
210049,CVE-2026-21238,7.8
210049,CVE-2026-21236,7.8
210049,CVE-2026-21519,7.8
210049,CVE-2026-21239,7.8
210049,CVE-2026-21533,7.8
210049,CVE-2026-21240,7.8
210049,CVE-2026-20846,7.5
210049,CVE-2026-21243,7.5
210049,CVE-2026-21244,7.3
210049,CVE-2026-21247,7.3
210049,CVE-2026-21235,7.3
210049,CVE-2026-21248,7.3
210049,CVE-2026-21508,7.0
210049,CVE-2026-21253,7.0
210049,CVE-2026-21234,7.0
210049,CVE-2026-21525,6.2
210049,CVE-2026-21222,5.5
210049,CVE-2026-21249,3.3
210050,CVE-2026-25188,8.8
210050,CVE-2026-23669,8.8
210050,CVE-2026-25177,8.8
210050,CVE-2026-26111,8.0
210050,CVE-2026-25173,8.0
210050,CVE-2026-25172,8.0
210050,CVE-2026-25189,7.8
210050,CVE-2026-25190,7.8
210050,CVE-2026-24291,7.8
210050,CVE-2026-24287,7.8
210050,CVE-2026-24292,7.8
210050,CVE-2026-24289,7.8
210050,CVE-2026-23673,7.8
210050,CVE-2026-24290,7.8
210050,CVE-2026-25175,7.8
210050,CVE-2026-25187,7.8
210050,CVE-2026-25176,7.8
210050,CVE-2026-25174,7.8
210050,CVE-2026-25165,7.8
210050,CVE-2026-24294,7.8
210050,CVE-2026-23672,7.8
210050,CVE-2026-26128,7.8
210050,CVE-2026-23674,7.5
210050,CVE-2026-25181,7.5
210050,CVE-2026-24295,7.0
210050,CVE-2026-24285,7.0
210050,CVE-2026-23671,7.0
210050,CVE-2026-24296,7.0
210050,CVE-2026-23668,7.0
210050,CVE-2026-25179,7.0
210050,CVE-2026-25178,7.0
210050,CVE-2026-25171,7.0
210050,CVE-2026-24297,6.5
210050,CVE-2026-25169,6.2
210050,CVE-2026-25168,6.2
210050,CVE-2026-25180,5.5
210050,CVE-2026-25186,5.5
210050,CVE-2026-25185,5.3
210051,CVE-2026-33824,9.8
210051,CVE-2026-26178,8.8
210051,CVE-2026-32157,8.8
210051,CVE-2026-32225,8.8
210051,CVE-2026-26167,8.8
210051,CVE-2026-27928,8.7
210051,CVE-2026-32091,8.4
210051,CVE-2026-32162,8.4
210051,CVE-2026-33827,8.1
210051,CVE-2026-27912,8.0
210051,CVE-2026-33826,8.0
210051,CVE-2026-32158,7.8
210051,CVE-2026-32163,7.8
210051,CVE-2026-32165,7.8
210051,CVE-2026-32077,7.8
210051,CVE-2026-26162,7.8
210051,CVE-2026-27916,7.8
210051,CVE-2026-32164,7.8
210051,CVE-2026-32159,7.8
210051,CVE-2026-32089,7.8
210051,CVE-2026-27911,7.8
210051,CVE-2026-26184,7.8
210051,CVE-2026-26168,7.8
210051,CVE-2026-26163,7.8
210051,CVE-2026-32078,7.8
210051,CVE-2026-32090,7.8
210051,CVE-2026-32074,7.8
210051,CVE-2026-26156,7.8
210051,CVE-2026-26159,7.8
210051,CVE-2026-26170,7.8
210051,CVE-2026-26160,7.8
210051,CVE-2026-26180,7.8
210051,CVE-2026-32183,7.8
210051,CVE-2026-27909,7.8
210051,CVE-2026-27914,7.8
210051,CVE-2026-27927,7.8
210051,CVE-2026-32069,7.8
210051,CVE-2026-32160,7.8
210051,CVE-2026-20930,7.8
210051,CVE-2026-33098,7.8
210051,CVE-2026-27918,7.8
210051,CVE-2026-27920,7.8
210051,CVE-2026-27919,7.8
210051,CVE-2026-27915,7.8
210051,CVE-2026-26161,7.8
210051,CVE-2026-26183,7.8
210051,CVE-2026-26153,7.8
210051,CVE-2026-32154,7.8
210051,CVE-2026-27923,7.8
210051,CVE-2026-26176,7.8
210051,CVE-2026-27910,7.8
210051,CVE-2026-27913,7.7
210051,CVE-2026-32071,7.5
210051,CVE-2026-26154,7.5
210051,CVE-2026-32156,7.4
210051,CVE-2026-32149,7.3
210051,CVE-2026-26151,7.1
210051,CVE-2026-32087,7.0
210051,CVE-2026-33099,7.0
210051,CVE-2026-32070,7.0
210051,CVE-2026-33100,7.0
210051,CVE-2026-33104,7.0
210051,CVE-2026-32086,7.0
210051,CVE-2026-26173,7.0
210051,CVE-2026-32073,7.0
210051,CVE-2026-32082,7.0
210051,CVE-2026-32083,7.0
210051,CVE-2026-32075,7.0
210051,CVE-2026-32080,7.0
210051,CVE-2026-32068,7.0
210051,CVE-2026-32093,7.0
210051,CVE-2026-32150,7.0
210051,CVE-2026-27908,7.0
210051,CVE-2026-27929,7.0
210051,CVE-2026-27917,7.0
210051,CVE-2026-27921,7.0
210051,CVE-2026-26177,7.0
210051,CVE-2026-27926,7.0
210051,CVE-2026-27922,7.0
210051,CVE-2026-26182,7.0
210051,CVE-2026-26174,7.0
210051,CVE-2026-26152,7.0
210051,CVE-2026-0390,6.7
210051,CVE-2026-26155,6.5
210051,CVE-2026-32151,6.5
210051,CVE-2026-27925,6.5
210051,CVE-2026-32072,6.2
210051,CVE-2026-32088,6.1
210051,CVE-2026-26169,6.1
210051,CVE-2026-23670,5.7
210051,CVE-2026-20806,5.5
210051,CVE-2026-32079,5.5
210051,CVE-2026-32081,5.5
210051,CVE-2026-32085,5.5
210051,CVE-2026-32212,5.5
210051,CVE-2026-32084,5.5
210051,CVE-2026-32214,5.5
210051,CVE-2026-32217,5.5
210051,CVE-2026-27930,5.5
210051,CVE-2026-32215,5.5
210051,CVE-2026-20928,4.6
210051,CVE-2026-26175,4.6
210051,CVE-2026-32202,4.3
210051,CVE-2026-33829,4.3
210052,CVE-2026-41089,9.8
210052,CVE-2026-40403,8.8
210052,CVE-2026-34329,8.8
210052,CVE-2026-40415,8.1
210052,CVE-2026-33834,7.8
210052,CVE-2026-33835,7.8
210052,CVE-2026-40382,7.8
210052,CVE-2026-40397,7.8
210052,CVE-2026-40398,7.8
210052,CVE-2026-40407,7.8
210052,CVE-2026-40377,7.8
210052,CVE-2026-40399,7.8
210052,CVE-2026-40408,7.8
210052,CVE-2026-34334,7.8
210052,CVE-2026-34330,7.8
210052,CVE-2026-34333,7.8
210052,CVE-2026-34337,7.8
210052,CVE-2026-34351,7.8
210052,CVE-2026-41095,7.8
210052,CVE-2026-34344,7.8
210052,CVE-2026-33838,7.8
210052,CVE-2026-33837,7.8
210052,CVE-2026-35420,7.8
210052,CVE-2026-34336,7.8
210052,CVE-2026-35421,7.8
210052,CVE-2026-35417,7.8
210052,CVE-2026-35415,7.8
210052,CVE-2026-35418,7.8
210052,CVE-2026-34338,7.8
210052,CVE-2026-34343,7.8
210052,CVE-2026-40406,7.5
210052,CVE-2026-35424,7.5
210052,CVE-2026-32161,7.5
210052,CVE-2026-40414,7.4
210052,CVE-2026-40413,7.4
210052,CVE-2026-40401,7.1
210052,CVE-2026-33839,7.0
210052,CVE-2026-40410,7.0
210052,CVE-2026-35416,7.0
210052,CVE-2026-34331,7.0
210052,CVE-2026-42825,7.0
210052,CVE-2026-34340,7.0
210052,CVE-2026-34345,7.0
210052,CVE-2026-34342,7.0
210052,CVE-2026-34341,7.0
210052,CVE-2026-34347,7.0
210052,CVE-2026-21530,6.7
210052,CVE-2026-41097,6.7
210052,CVE-2026-32170,6.7
210052,CVE-2026-35422,6.5
210052,CVE-2026-40380,6.2
210052,CVE-2026-34339,5.5
210052,CVE-2026-35423,5.4
210052,CVE-2026-32209,4.4
210053,CVE-2026-44815,9.8
210053,CVE-2026-47291,9.8
210053,CVE-2026-45602,9.1
210053,CVE-2026-47289,8.8
210053,CVE-2026-42985,8.8
210053,CVE-2026-47653,8.8
210053,CVE-2026-45607,8.4
210053,CVE-2026-45635,8.1
210053,CVE-2026-45599,8.1
210053,CVE-2026-42987,8.1
210053,CVE-2026-48578,7.9
210053,CVE-2026-48568,7.9
210053,CVE-2026-48575,7.9
210053,CVE-2026-45588,7.9
210053,CVE-2026-48576,7.9
210053,CVE-2026-48570,7.9
210053,CVE-2026-47656,7.9
210053,CVE-2026-48573,7.9
210053,CVE-2026-45605,7.8
210053,CVE-2026-33828,7.8
210053,CVE-2026-44812,7.8
210053,CVE-2026-45636,7.8
210053,CVE-2026-45637,7.8
210053,CVE-2026-44802,7.8
210053,CVE-2026-41092,7.8
210053,CVE-2026-42983,7.8
210053,CVE-2026-42979,7.8
210053,CVE-2026-42837,7.8
210053,CVE-2026-42991,7.8
210053,CVE-2026-42977,7.8
210053,CVE-2026-42828,7.8
210053,CVE-2026-45593,7.8
210053,CVE-2026-40409,7.8
210053,CVE-2026-40404,7.8
210053,CVE-2026-44803,7.8
210053,CVE-2026-48583,7.8
210053,CVE-2026-45656,7.8
210053,CVE-2026-45586,7.8
210053,CVE-2026-48574,7.8
210053,CVE-2026-45658,7.8
210053,CVE-2026-42978,7.8
210053,CVE-2026-42905,7.8
210053,CVE-2026-42980,7.8
210053,CVE-2026-42986,7.8
210053,CVE-2026-42989,7.8
210053,CVE-2026-45592,7.8
210053,CVE-2026-45638,7.8
210053,CVE-2026-42916,7.8
210053,CVE-2026-42908,7.5
210053,CVE-2026-42992,7.5
210053,CVE-2026-42909,7.5
210053,CVE-2026-49160,7.5
210053,CVE-2026-44801,7.5
210053,CVE-2026-44799,7.5
210053,CVE-2026-47654,7.5
210053,CVE-2026-48563,7.5
210053,CVE-2026-45639,7.5
210053,CVE-2026-47288,7.1
210053,CVE-2026-47648,7.0
210053,CVE-2026-45601,7.0
210053,CVE-2026-45603,7.0
210053,CVE-2026-42912,7.0
210053,CVE-2026-42911,7.0
210053,CVE-2026-42984,7.0
210053,CVE-2026-45653,7.0
210053,CVE-2026-34335,7.0
210053,CVE-2026-45598,7.0
210053,CVE-2026-45596,7.0
210053,CVE-2026-42836,7.0
210053,CVE-2026-41108,7.0
210053,CVE-2026-50507,6.8
210053,CVE-2026-45608,6.8
210053,CVE-2026-42907,6.5
210053,CVE-2026-42903,6.5
210053,CVE-2026-44805,5.5
210053,CVE-2026-42969,5.5
210053,CVE-2026-45634,5.5
210053,CVE-2026-45594,5.5
210053,CVE-2026-42968,5.5
210053,CVE-2026-45606,5.5
210053,CVE-2026-42972,5.5
210053,CVE-2026-42970,5.5
210053,CVE-2026-42971,5.5
210053,CVE-2026-42973,5.5
210053,CVE-2026-45595,5.4
210053,CVE-2026-45655,5.3
210053,CVE-2026-42914,5.3
210053,CVE-2026-45642,3.9
210054,CVE-2026-57092,9.9
210054,CVE-2026-50447,9.8
210054,CVE-2026-42990,9.8
210054,CVE-2026-56190,9.8
210054,CVE-2026-50518,9.8
210054,CVE-2026-49172,9.8
210054,CVE-2026-56188,9.8
210054,CVE-2026-56159,9.8
210054,CVE-2026-50380,9.6
210054,CVE-2026-49798,9.3
210054,CVE-2026-50474,8.8
210054,CVE-2026-58594,8.8
210054,CVE-2026-54121,8.8
210054,CVE-2026-58534,8.8
210054,CVE-2026-58608,8.8
210054,CVE-2026-48564,8.8
210054,CVE-2026-50489,8.8
210054,CVE-2026-50666,8.8
210054,CVE-2026-57090,8.8
210054,CVE-2026-57094,8.8
210054,CVE-2026-50444,8.8
210054,CVE-2026-50477,8.8
210054,CVE-2026-50692,8.8
210054,CVE-2026-57087,8.8
210054,CVE-2026-49178,8.8
210054,CVE-2026-49795,8.8
210054,CVE-2026-56647,8.8
210054,CVE-2026-54999,8.8
210054,CVE-2026-54107,8.8
210054,CVE-2026-50382,8.8
210054,CVE-2026-50670,8.8
210054,CVE-2026-50370,8.8
210054,CVE-2026-50369,8.8
210054,CVE-2026-56194,8.8
210054,CVE-2026-54982,8.8
210054,CVE-2026-54128,8.4
210054,CVE-2026-49184,8.4
210054,CVE-2026-54122,8.4
210054,CVE-2026-54992,8.4
210054,CVE-2026-50429,8.2
210054,CVE-2026-50680,8.2
210054,CVE-2026-49164,8.1
210054,CVE-2026-50460,8.1
210054,CVE-2026-50686,8.1
210054,CVE-2026-56186,8.1
210054,CVE-2026-50694,8.1
210054,CVE-2026-50439,8.1
210054,CVE-2026-54995,8.1
210054,CVE-2026-42900,8.1
210054,CVE-2026-50502,8.0
210054,CVE-2026-50365,8.0
210054,CVE-2026-50683,8.0
210054,CVE-2026-40400,8.0
210054,CVE-2026-42975,8.0
210054,CVE-2026-49797,7.8
210054,CVE-2026-58536,7.8
210054,CVE-2026-58610,7.8
210054,CVE-2026-42982,7.8
210054,CVE-2026-58530,7.8
210054,CVE-2026-54993,7.8
210054,CVE-2026-58632,7.8
210054,CVE-2026-54114,7.8
210054,CVE-2026-49176,7.8
210054,CVE-2026-50333,7.8
210054,CVE-2026-49783,7.8
210054,CVE-2026-49170,7.8
210054,CVE-2026-49800,7.8
210054,CVE-2026-49793,7.8
210054,CVE-2026-49796,7.8
210054,CVE-2026-50697,7.8
210054,CVE-2026-50362,7.8
210054,CVE-2026-50498,7.8
210054,CVE-2026-50387,7.8
210054,CVE-2026-50313,7.8
210054,CVE-2026-50308,7.8
210054,CVE-2026-50351,7.8
210054,CVE-2026-50461,7.8
210054,CVE-2026-50479,7.8
210054,CVE-2026-50417,7.8
210054,CVE-2026-50469,7.8
210054,CVE-2026-56643,7.8
210054,CVE-2026-56189,7.8
210054,CVE-2026-57091,7.8
210054,CVE-2026-57096,7.8
210054,CVE-2026-55001,7.8
210054,CVE-2026-50332,7.8
210054,CVE-2026-50457,7.8
210054,CVE-2026-50357,7.8
210054,CVE-2026-50407,7.8
210054,CVE-2026-50344,7.8
210054,CVE-2026-50476,7.8
210054,CVE-2026-55004,7.8
210054,CVE-2026-50402,7.8
210054,CVE-2026-57088,7.8
210054,CVE-2026-50306,7.8
210054,CVE-2026-50688,7.8
210054,CVE-2026-50367,7.8
210054,CVE-2026-50478,7.8
210054,CVE-2026-50321,7.8
210054,CVE-2026-50331,7.8
210054,CVE-2026-50667,7.8
210054,CVE-2026-50318,7.8
210054,CVE-2026-50347,7.8
210054,CVE-2026-50435,7.8
210054,CVE-2026-50378,7.8
210054,CVE-2026-50329,7.8
210054,CVE-2026-50309,7.8
210054,CVE-2026-50391,7.8
210054,CVE-2026-50471,7.8
210054,CVE-2026-50405,7.8
210054,CVE-2026-50655,7.8
210054,CVE-2026-50441,7.8
210054,CVE-2026-50448,7.8
210054,CVE-2026-50386,7.8
210054,CVE-2026-50673,7.8
210054,CVE-2026-50484,7.8
210054,CVE-2026-50421,7.8
210054,CVE-2026-50427,7.8
210054,CVE-2026-50311,7.8
210054,CVE-2026-50373,7.8
210054,CVE-2026-50335,7.8
210054,CVE-2026-50363,7.8
210054,CVE-2026-50509,7.8
210054,CVE-2026-50400,7.8
210054,CVE-2026-50494,7.8
210054,CVE-2026-50433,7.8
210054,CVE-2026-50388,7.8
210054,CVE-2026-50343,7.8
210054,CVE-2026-50337,7.8
210054,CVE-2026-50346,7.8
210054,CVE-2026-50493,7.8
210054,CVE-2026-50462,7.8
210054,CVE-2026-50412,7.8
210054,CVE-2026-50689,7.8
210054,CVE-2026-50499,7.8
210054,CVE-2026-50450,7.8
210054,CVE-2026-50422,7.8
210054,CVE-2026-54115,7.8
210054,CVE-2026-54112,7.8
210054,CVE-2026-49792,7.8
210054,CVE-2026-54125,7.8
210054,CVE-2026-54109,7.8
210054,CVE-2026-54987,7.8
210054,CVE-2026-56155,7.8
210054,CVE-2026-56650,7.8
210054,CVE-2026-54986,7.8
210054,CVE-2026-56175,7.8
210054,CVE-2026-56644,7.8
210054,CVE-2026-58628,7.8
210054,CVE-2026-56176,7.8
210054,CVE-2026-56182,7.8
210054,CVE-2026-58538,7.8
210054,CVE-2026-58541,7.8
210054,CVE-2026-58613,7.8
210054,CVE-2026-58601,7.8
210054,CVE-2026-58532,7.8
210054,CVE-2026-58540,7.8
210054,CVE-2026-58609,7.8
210054,CVE-2026-58635,7.8
210054,CVE-2026-58531,7.5
210054,CVE-2026-58627,7.5
210054,CVE-2026-54983,7.5
210054,CVE-2026-54119,7.5
210054,CVE-2026-40378,7.5
210054,CVE-2026-49788,7.5
210054,CVE-2026-49171,7.5
210054,CVE-2026-50685,7.5
210054,CVE-2026-50496,7.5
210054,CVE-2026-50505,7.5
210054,CVE-2026-50463,7.5
210054,CVE-2026-50470,7.5
210054,CVE-2026-56648,7.5
210054,CVE-2026-57089,7.5
210054,CVE-2026-50500,7.5
210054,CVE-2026-50695,7.5
210054,CVE-2026-50368,7.5
210054,CVE-2026-50696,7.5
210054,CVE-2026-50355,7.5
210054,CVE-2026-50647,7.5
210054,CVE-2026-50330,7.5
210054,CVE-2026-50411,7.5
210054,CVE-2026-50304,7.5
210054,CVE-2026-50328,7.5
210054,CVE-2026-49181,7.5
210054,CVE-2026-49787,7.5
210054,CVE-2026-49789,7.3
210054,CVE-2026-58640,7.3
210054,CVE-2026-49790,7.3
210054,CVE-2026-50482,7.3
210054,CVE-2026-49791,7.1
210054,CVE-2026-49165,7.1
210054,CVE-2026-50354,7.1
210054,CVE-2026-50451,7.1
210054,CVE-2026-50359,7.0
210054,CVE-2026-50356,7.0
210054,CVE-2026-57093,7.0
210054,CVE-2026-56173,7.0
210054,CVE-2026-49183,7.0
210054,CVE-2026-58637,7.0
210054,CVE-2026-58629,7.0
210054,CVE-2026-58526,7.0
210054,CVE-2026-50348,7.0
210054,CVE-2026-50307,7.0
210054,CVE-2026-50490,7.0
210054,CVE-2026-50384,7.0
210054,CVE-2026-50297,7.0
210054,CVE-2026-50390,7.0
210054,CVE-2026-49803,7.0
210054,CVE-2026-58619,7.0
210054,CVE-2026-49805,7.0
210054,CVE-2026-49784,7.0
210054,CVE-2026-50325,7.0
210054,CVE-2026-50410,7.0
210054,CVE-2026-50371,7.0
210054,CVE-2026-54129,7.0
210054,CVE-2026-50672,7.0
210054,CVE-2026-50296,7.0
210054,CVE-2026-50449,7.0
210054,CVE-2026-50372,7.0
210054,CVE-2026-54989,7.0
210054,CVE-2026-50358,7.0
210054,CVE-2026-50669,7.0
210054,CVE-2026-50491,7.0
210054,CVE-2026-50397,7.0
210054,CVE-2026-50452,7.0
210054,CVE-2026-50426,6.8
210054,CVE-2026-50668,6.8
210054,CVE-2026-58528,6.8
210054,CVE-2026-49168,6.8
210054,CVE-2026-50298,6.8
210054,CVE-2026-50299,6.8
210054,CVE-2026-50492,6.8
210054,CVE-2026-54132,6.8
210054,CVE-2026-49804,6.6
210054,CVE-2026-57979,6.5
210054,CVE-2026-58535,6.5
210054,CVE-2026-49799,6.5
210054,CVE-2026-55003,6.5
210054,CVE-2026-57976,6.5
210054,CVE-2026-34348,6.5
210054,CVE-2026-58539,6.5
210054,CVE-2026-58533,6.5
210054,CVE-2026-58546,6.5
210054,CVE-2026-57982,6.5
210054,CVE-2026-50504,6.5
210054,CVE-2026-50497,6.5
210054,CVE-2026-50376,6.5
210054,CVE-2026-50366,6.5
210054,CVE-2026-50445,6.5
210054,CVE-2026-54126,6.5
210054,CVE-2026-57097,6.4
210054,CVE-2026-50375,6.3
210054,CVE-2026-50374,6.3
210054,CVE-2026-57095,6.2
210054,CVE-2026-49807,6.2
210054,CVE-2026-50294,6.2
210054,CVE-2026-50383,6.1
210054,CVE-2026-50661,6.1
210054,CVE-2026-50453,6.1
210054,CVE-2026-50495,6.1
210054,CVE-2026-49174,6.1
210054,CVE-2026-58638,6.0
210054,CVE-2026-56649,5.9
210054,CVE-2026-50324,5.9
210054,CVE-2026-34349,5.5
210054,CVE-2026-58614,5.5
210054,CVE-2026-49801,5.5
210054,CVE-2026-33842,5.5
210054,CVE-2026-34328,5.5
210054,CVE-2026-34346,5.5
210054,CVE-2026-50334,5.5
210054,CVE-2026-50300,5.5
210054,CVE-2026-50377,5.5
210054,CVE-2026-54997,5.5
210054,CVE-2026-50352,5.5
210054,CVE-2026-50341,5.5
210054,CVE-2026-50389,5.5
210054,CVE-2026-50339,5.5
210054,CVE-2026-50303,5.5
210054,CVE-2026-58547,5.5
210054,CVE-2026-41087,5.5
210054,CVE-2026-50401,5.5
210054,CVE-2026-50430,5.5
210054,CVE-2026-57085,5.5
210054,CVE-2026-50409,5.5
210054,CVE-2026-50455,5.5
210054,CVE-2026-50437,5.5
210054,CVE-2026-50681,5.5
210054,CVE-2026-50475,5.5
210054,CVE-2026-50431,5.5
210054,CVE-2026-50394,5.5
210054,CVE-2026-50442,5.5
210054,CVE-2026-50456,5.5
210054,CVE-2026-50473,5.5
210054,CVE-2026-50690,5.5
210054,CVE-2026-57084,5.5
210054,CVE-2026-58545,5.5
210054,CVE-2026-49180,5.5
210054,CVE-2026-49177,5.5
210054,CVE-2026-40422,5.5
210054,CVE-2026-57083,5.5
210054,CVE-2026-44806,5.3
210054,CVE-2026-50415,5.3
210054,CVE-2026-50432,5.3
210054,CVE-2026-50684,4.8
210054,CVE-2026-49167,4.7
210054,CVE-2026-50312,4.7
210054,CVE-2026-50310,4.7
210054,CVE-2026-49794,4.6
210054,CVE-2026-50485,4.5
210054,CVE-2026-50419,3.3
210055,CVE-2026-65791,9.8
210055,CVE-2026-62878,9.8
210055,CVE-2026-62893,9.8
210055,CVE-2026-62784,8.8
210055,CVE-2026-62785,8.8
210055,CVE-2026-62822,8.8
210055,CVE-2026-62790,8.8
210055,CVE-2026-49179,8.8
210055,CVE-2026-62795,8.8
210055,CVE-2026-62816,8.8
210055,CVE-2026-62800,8.8
210055,CVE-2026-62823,8.8
210055,CVE-2026-62818,8.8
210055,CVE-2026-62817,8.8
210055,CVE-2026-65789,8.1
210055,CVE-2026-65796,8.1
210055,CVE-2026-65679,8.1
210055,CVE-2026-71331,8.1
210055,CVE-2026-62792,8.1
210055,CVE-2026-62820,8.1
210055,CVE-2026-62819,8.1
210055,CVE-2026-66802,8.1
210055,CVE-2026-62781,8.1
210055,CVE-2026-62889,8.1
210055,CVE-2026-62778,8.1
210055,CVE-2026-62701,7.8
210055,CVE-2026-62712,7.8
210055,CVE-2026-62713,7.8
210055,CVE-2026-65671,7.8
210055,CVE-2026-62768,7.8
210055,CVE-2026-62783,7.8
210055,CVE-2026-62754,7.8
210055,CVE-2026-62812,7.8
210055,CVE-2026-65790,7.8
210055,CVE-2026-62890,7.8
210055,CVE-2026-62721,7.8
210055,CVE-2026-62885,7.8
210055,CVE-2026-62755,7.8
210055,CVE-2026-62777,7.8
210055,CVE-2026-62807,7.8
210055,CVE-2026-62717,7.8
210055,CVE-2026-62711,7.8
210055,CVE-2026-65775,7.8
210055,CVE-2026-65787,7.8
210055,CVE-2026-62752,7.8
210055,CVE-2026-62877,7.8
210055,CVE-2026-62700,7.8
210055,CVE-2026-56174,7.8
210055,CVE-2026-65774,7.8
210055,CVE-2026-65786,7.8
210055,CVE-2026-65814,7.8
210055,CVE-2026-62761,7.8
210055,CVE-2026-65773,7.8
210055,CVE-2026-62719,7.8
210055,CVE-2026-62733,7.8
210055,CVE-2026-61367,7.8
210055,CVE-2026-61365,7.8
210055,CVE-2026-61926,7.8
210055,CVE-2026-66799,7.8
210055,CVE-2026-61364,7.8
210055,CVE-2026-61930,7.8
210055,CVE-2026-70347,7.8
210055,CVE-2026-70344,7.8
210055,CVE-2026-54984,7.8
210055,CVE-2026-70345,7.8
210055,CVE-2026-61937,7.8
210055,CVE-2026-70346,7.8
210055,CVE-2026-61932,7.8
210055,CVE-2026-42976,7.8
210055,CVE-2026-61358,7.8
210055,CVE-2026-61925,7.8
210055,CVE-2026-61349,7.8
210055,CVE-2026-62776,7.8
210055,CVE-2026-62758,7.8
210055,CVE-2026-62741,7.8
210055,CVE-2026-62739,7.8
210055,CVE-2026-62707,7.8
210055,CVE-2026-62698,7.8
210055,CVE-2026-62803,7.8
210055,CVE-2026-62894,7.8
210055,CVE-2026-62797,7.8
210055,CVE-2026-62696,7.8
210055,CVE-2026-62880,7.8
210055,CVE-2026-62770,7.8
210055,CVE-2026-62692,7.8
210055,CVE-2026-62747,7.8
210055,CVE-2026-59127,7.8
210055,CVE-2026-62732,7.8
210055,CVE-2026-62771,7.8
210055,CVE-2026-62710,7.8
210055,CVE-2026-61923,7.8
210055,CVE-2026-61353,7.8
210055,CVE-2026-61356,7.8
210055,CVE-2026-62735,7.8
210055,CVE-2026-62876,7.8
210055,CVE-2026-59132,7.5
210055,CVE-2026-61352,7.5
210055,CVE-2026-54113,7.5
210055,CVE-2026-61363,7.5
210055,CVE-2026-62787,7.5
210055,CVE-2026-59134,7.5
210055,CVE-2026-65681,7.5
210055,CVE-2026-68820,7.0
210055,CVE-2026-65678,7.0
210055,CVE-2026-62753,7.0
210055,CVE-2026-70307,7.0
210055,CVE-2026-59122,7.0
210055,CVE-2026-59125,7.0
210055,CVE-2026-61348,7.0
210055,CVE-2026-50472,7.0
210055,CVE-2026-62729,7.0
210055,CVE-2026-62726,7.0
210055,CVE-2026-62734,7.0
210055,CVE-2026-62908,7.0
210055,CVE-2026-62892,7.0
210055,CVE-2026-62727,7.0
210055,CVE-2026-62728,7.0
210055,CVE-2026-62723,7.0
210055,CVE-2026-62690,7.0
210055,CVE-2026-62773,7.0
210055,CVE-2026-62725,7.0
210055,CVE-2026-62774,7.0
210055,CVE-2026-61346,7.0
210055,CVE-2026-61939,7.0
210055,CVE-2026-61366,7.0
210055,CVE-2026-62748,7.0
210055,CVE-2026-62724,7.0
210055,CVE-2026-62699,6.8
210055,CVE-2026-65799,6.7
210055,CVE-2026-65797,6.7
210055,CVE-2026-65795,6.7
210055,CVE-2026-62883,6.7
210055,CVE-2026-65798,6.7
210055,CVE-2026-70330,6.7
210055,CVE-2026-62881,6.7
210055,CVE-2026-70304,6.7
210055,CVE-2026-62769,6.7
210055,CVE-2026-61920,6.6
210055,CVE-2026-62720,6.5
210055,CVE-2026-62714,6.5
210055,CVE-2026-65794,6.5
210055,CVE-2026-61921,6.5
210055,CVE-2026-61924,6.5
210055,CVE-2026-61918,6.5
210055,CVE-2026-62718,6.5
210055,CVE-2026-62745,6.5
210055,CVE-2026-62782,6.5
210055,CVE-2026-62715,6.5
210055,CVE-2026-62750,6.5
210055,CVE-2026-62742,6.5
210055,CVE-2026-62814,6.5
210055,CVE-2026-59138,6.5
210055,CVE-2026-62716,6.5
210055,CVE-2026-61345,6.5
210055,CVE-2026-68819,5.9
210055,CVE-2026-59131,5.6
210055,CVE-2026-59130,5.6
210055,CVE-2026-62887,5.5
210055,CVE-2026-62743,5.5
210055,CVE-2026-65662,5.5
210055,CVE-2026-65784,5.5
210055,CVE-2026-62709,5.5
210055,CVE-2026-62796,5.5
210055,CVE-2026-62746,5.5
210055,CVE-2026-62738,5.5
210055,CVE-2026-61928,5.5
210055,CVE-2026-62703,5.5
210055,CVE-2026-62793,5.5
210055,CVE-2026-62786,5.5
210055,CVE-2026-62730,5.5
210055,CVE-2026-59137,5.5
210055,CVE-2026-59128,5.5
210055,CVE-2026-62740,5.5
210055,CVE-2026-61936,5.5
210055,CVE-2026-61347,5.5
210055,CVE-2026-59135,5.5
210055,CVE-2026-59136,5.5
210055,CVE-2026-61360,5.5
210055,CVE-2026-62757,5.3
210055,CVE-2026-61368,5.0
210055,CVE-2026-61350,4.6
210056,CVE-2026-73009,9.8
210056,CVE-2026-69276,9.8
210056,CVE-2026-69730,9.8
210056,CVE-2026-68839,9.8
210056,CVE-2026-72979,9.8
210056,CVE-2026-69819,9.8
210056,CVE-2026-69845,9.8
210056,CVE-2026-72983,9.8
210056,CVE-2026-69910,9.8
210056,CVE-2026-69829,9.8
210056,CVE-2026-69590,9.8
210056,CVE-2026-69824,9.8
210056,CVE-2026-69586,9.8
210056,CVE-2026-70296,9.8
210056,CVE-2026-69408,9.8
210056,CVE-2026-77493,9.8
210056,CVE-2026-69493,9.8
210056,CVE-2026-69769,9.8
210056,CVE-2026-78445,9.8
210056,CVE-2026-69431,9.8
210056,CVE-2026-69595,9.8
210056,CVE-2026-73025,9.8
210056,CVE-2026-69579,9.8
210056,CVE-2026-69463,9.8
210056,CVE-2026-72982,9.8
210056,CVE-2026-73010,9.8
210056,CVE-2026-69525,9.8
210056,CVE-2026-69768,9.8
210056,CVE-2026-69496,9.8
210056,CVE-2026-69491,9.8
210056,CVE-2026-69715,9.8
210056,CVE-2026-73006,8.8
210056,CVE-2026-69598,8.8
210056,CVE-2026-68828,8.8
210056,CVE-2026-77495,8.8
210056,CVE-2026-73018,8.8
210056,CVE-2026-83992,8.8
210056,CVE-2026-73023,8.8
210056,CVE-2026-73013,8.8
210056,CVE-2026-73016,8.8
210056,CVE-2026-69676,8.8
210056,CVE-2026-69461,8.8
210056,CVE-2026-71336,8.8
210056,CVE-2026-71352,8.8
210056,CVE-2026-73012,8.8
210056,CVE-2026-69518,8.8
210056,CVE-2026-83998,8.8
210056,CVE-2026-69511,8.8
210056,CVE-2026-69434,8.8
210056,CVE-2026-72960,8.8
210056,CVE-2026-77504,8.8
210056,CVE-2026-80096,8.8
210056,CVE-2026-69386,8.8
210056,CVE-2026-72933,8.8
210056,CVE-2026-69551,8.8
210056,CVE-2026-69494,8.8
210056,CVE-2026-81955,8.8
210056,CVE-2026-69860,8.8
210056,CVE-2026-69603,8.8
210056,CVE-2026-69669,8.8
210056,CVE-2026-70586,8.8
210056,CVE-2026-69495,8.8
210056,CVE-2026-83996,8.8
210056,CVE-2026-69291,8.8
210056,CVE-2026-72986,8.8
210056,CVE-2026-69601,8.8
210056,CVE-2026-69628,8.8
210056,CVE-2026-62706,8.8
210056,CVE-2026-70203,8.8
210056,CVE-2026-69360,8.8
210056,CVE-2026-69712,8.8
210056,CVE-2026-69547,8.8
210056,CVE-2026-69334,8.8
210056,CVE-2026-69499,8.8
210056,CVE-2026-72950,8.8
210056,CVE-2026-72959,8.8
210056,CVE-2026-69772,8.8
210056,CVE-2026-69266,8.8
210056,CVE-2026-69485,8.8
210056,CVE-2026-69479,8.4
210056,CVE-2026-69638,8.4
210056,CVE-2026-77503,8.4
210056,CVE-2026-81354,8.2
210056,CVE-2026-72962,8.2
210056,CVE-2026-69846,8.2
210056,CVE-2026-69906,8.2
210056,CVE-2026-69874,8.2
210056,CVE-2026-72961,8.2
210056,CVE-2026-78444,8.1
210056,CVE-2026-70342,8.1
210056,CVE-2026-69524,8.1
210056,CVE-2026-69782,8.1
210056,CVE-2026-69989,8.1
210056,CVE-2026-69813,8.1
210056,CVE-2026-72981,8.1
210056,CVE-2026-69732,8.1
210056,CVE-2026-72987,8.1
210056,CVE-2026-69438,8.1
210056,CVE-2026-69530,8.1
210056,CVE-2026-69827,8.1
210056,CVE-2026-69620,8.1
210056,CVE-2026-69510,8.1
210056,CVE-2026-69546,8.1
210056,CVE-2026-69325,8.1
210056,CVE-2026-69680,8.1
210056,CVE-2026-78450,8.1
210056,CVE-2026-70563,8.1
210056,CVE-2026-77505,8.1
210056,CVE-2026-78449,8.1
210056,CVE-2026-69786,8.1
210056,CVE-2026-69301,8.0
210056,CVE-2026-68876,8.0
210056,CVE-2026-69847,8.0
210056,CVE-2026-69481,8.0
210056,CVE-2026-69689,8.0
210056,CVE-2026-68894,8.0
210056,CVE-2026-69643,8.0
210056,CVE-2026-69773,8.0
210056,CVE-2026-69418,8.0
210056,CVE-2026-69623,8.0
210056,CVE-2026-69512,8.0
210056,CVE-2026-69681,8.0
210056,CVE-2026-69625,8.0
210056,CVE-2026-69876,8.0
210056,CVE-2026-69762,8.0
210056,CVE-2026-69619,8.0
210056,CVE-2026-69727,8.0
210056,CVE-2026-68838,8.0
210056,CVE-2026-69462,8.0
210056,CVE-2026-69714,8.0
210056,CVE-2026-69412,8.0
210056,CVE-2026-69807,8.0
210056,CVE-2026-69505,8.0
210056,CVE-2026-69332,8.0
210056,CVE-2026-69458,8.0
210056,CVE-2026-69423,8.0
210056,CVE-2026-69875,8.0
210056,CVE-2026-69717,8.0
210056,CVE-2026-69346,8.0
210056,CVE-2026-69826,8.0
210056,CVE-2026-69503,8.0
210056,CVE-2026-69371,8.0
210056,CVE-2026-69427,8.0
210056,CVE-2026-69271,8.0
210056,CVE-2026-68827,8.0
210056,CVE-2026-68834,8.0
210056,CVE-2026-68880,8.0
210056,CVE-2026-68878,8.0
210056,CVE-2026-83973,7.8
210056,CVE-2026-83967,7.8
210056,CVE-2026-68844,7.8
210056,CVE-2026-83972,7.8
210056,CVE-2026-83955,7.8
210056,CVE-2026-83954,7.8
210056,CVE-2026-83980,7.8
210056,CVE-2026-83987,7.8
210056,CVE-2026-83981,7.8
210056,CVE-2026-83971,7.8
210056,CVE-2026-83985,7.8
210056,CVE-2026-83970,7.8
210056,CVE-2026-83986,7.8
210056,CVE-2026-83979,7.8
210056,CVE-2026-83982,7.8
210056,CVE-2026-73002,7.8
210056,CVE-2026-68832,7.8
210056,CVE-2026-68892,7.8
210056,CVE-2026-68848,7.8
210056,CVE-2026-68841,7.8
210056,CVE-2026-68890,7.8
210056,CVE-2026-83977,7.8
210056,CVE-2026-68875,7.8
210056,CVE-2026-68888,7.8
210056,CVE-2026-77904,7.8
210056,CVE-2026-69541,7.8
210056,CVE-2026-69323,7.8
210056,CVE-2026-83942,7.8
210056,CVE-2026-73021,7.8
210056,CVE-2026-73015,7.8
210056,CVE-2026-69433,7.8
210056,CVE-2026-69758,7.8
210056,CVE-2026-69284,7.8
210056,CVE-2026-69289,7.8
210056,CVE-2026-69801,7.8
210056,CVE-2026-69534,7.8
210056,CVE-2026-69509,7.8
210056,CVE-2026-69687,7.8
210056,CVE-2026-69424,7.8
210056,CVE-2026-73007,7.8
210056,CVE-2026-73020,7.8
210056,CVE-2026-69426,7.8
210056,CVE-2026-69455,7.8
210056,CVE-2026-73014,7.8
210056,CVE-2026-73026,7.8
210056,CVE-2026-73011,7.8
210056,CVE-2026-73001,7.8
210056,CVE-2026-83995,7.8
210056,CVE-2026-69593,7.8
210056,CVE-2026-69270,7.8
210056,CVE-2026-72957,7.8
210056,CVE-2026-72995,7.8
210056,CVE-2026-69475,7.8
210056,CVE-2026-72944,7.8
210056,CVE-2026-72965,7.8
210056,CVE-2026-69489,7.8
210056,CVE-2026-69359,7.8
210056,CVE-2026-84000,7.8
210056,CVE-2026-62810,7.8
210056,CVE-2026-69324,7.8
210056,CVE-2026-69476,7.8
210056,CVE-2026-69293,7.8
210056,CVE-2026-69584,7.8
210056,CVE-2026-69407,7.8
210056,CVE-2026-69787,7.8
210056,CVE-2026-69592,7.8
210056,CVE-2026-69368,7.8
210056,CVE-2026-69738,7.8
210056,CVE-2026-69685,7.8
210056,CVE-2026-69576,7.8
210056,CVE-2026-69822,7.8
210056,CVE-2026-69389,7.8
210056,CVE-2026-69785,7.8
210056,CVE-2026-69265,7.8
210056,CVE-2026-69709,7.8
210056,CVE-2026-70574,7.8
210056,CVE-2026-69269,7.8
210056,CVE-2026-69420,7.8
210056,CVE-2026-70564,7.8
210056,CVE-2026-70584,7.8
210056,CVE-2026-69391,7.8
210056,CVE-2026-69582,7.8
210056,CVE-2026-69612,7.8
210056,CVE-2026-69432,7.8
210056,CVE-2026-72967,7.8
210056,CVE-2026-72993,7.8
210056,CVE-2026-72988,7.8
210056,CVE-2026-72996,7.8
210056,CVE-2026-69561,7.8
210056,CVE-2026-69290,7.8
210056,CVE-2026-69352,7.8
210056,CVE-2026-69478,7.8
210056,CVE-2026-72941,7.8
210056,CVE-2026-72997,7.8
210056,CVE-2026-72994,7.8
210056,CVE-2026-69307,7.8
210056,CVE-2026-69532,7.8
210056,CVE-2026-69421,7.8
210056,CVE-2026-69312,7.8
210056,CVE-2026-69444,7.8
210056,CVE-2026-69459,7.8
210056,CVE-2026-69450,7.8
210056,CVE-2026-69608,7.8
210056,CVE-2026-69298,7.8
210056,CVE-2026-69436,7.8
210056,CVE-2026-78448,7.8
210056,CVE-2026-69283,7.8
210056,CVE-2026-69585,7.8
210056,CVE-2026-69589,7.8
210056,CVE-2026-72991,7.8
210056,CVE-2026-69513,7.8
210056,CVE-2026-69604,7.8
210056,CVE-2026-70572,7.8
210056,CVE-2026-72992,7.8
210056,CVE-2026-72990,7.8
210056,CVE-2026-69731,7.8
210056,CVE-2026-70581,7.8
210056,CVE-2026-70583,7.8
210056,CVE-2026-70289,7.8
210056,CVE-2026-83969,7.8
210056,CVE-2026-69456,7.8
210056,CVE-2026-69821,7.8
210056,CVE-2026-69707,7.8
210056,CVE-2026-77500,7.8
210056,CVE-2026-69538,7.8
210056,CVE-2026-69377,7.8
210056,CVE-2026-78447,7.8
210056,CVE-2026-80075,7.8
210056,CVE-2026-69691,7.8
210056,CVE-2026-69328,7.8
210056,CVE-2026-69790,7.8
210056,CVE-2026-69277,7.8
210056,CVE-2026-69571,7.8
210056,CVE-2026-69295,7.8
210056,CVE-2026-77489,7.8
210056,CVE-2026-56172,7.8
210056,CVE-2026-56177,7.8
210056,CVE-2026-85880,7.8
210056,CVE-2026-83978,7.8
210056,CVE-2026-69580,7.8
210056,CVE-2026-71343,7.8
210056,CVE-2026-71345,7.8
210056,CVE-2026-68877,7.8
210056,CVE-2026-68845,7.8
210056,CVE-2026-69907,7.8
210056,CVE-2026-69445,7.8
210056,CVE-2026-69844,7.8
210056,CVE-2026-69841,7.8
210056,CVE-2026-69583,7.8
210056,CVE-2026-73024,7.8
210056,CVE-2026-83968,7.8
210056,CVE-2026-73000,7.8
210056,CVE-2026-68885,7.8
210056,CVE-2026-83976,7.8
210056,CVE-2026-83974,7.8
210056,CVE-2026-83975,7.8
210056,CVE-2026-83988,7.8
210056,CVE-2026-83983,7.8
210056,CVE-2026-71334,7.8
210056,CVE-2026-77498,7.5
210056,CVE-2026-69342,7.5
210056,CVE-2026-71330,7.5
210056,CVE-2026-69397,7.5
210056,CVE-2026-69760,7.5
210056,CVE-2026-69443,7.5
210056,CVE-2026-68887,7.5
210056,CVE-2026-69428,7.5
210056,CVE-2026-69429,7.5
210056,CVE-2026-62759,7.5
210056,CVE-2026-72932,7.5
210056,CVE-2026-84001,7.5
210056,CVE-2026-62813,7.5
210056,CVE-2026-81355,7.5
210056,CVE-2026-69631,7.5
210056,CVE-2026-69329,7.5
210056,CVE-2026-69539,7.5
210056,CVE-2026-69607,7.5
210056,CVE-2026-72943,7.5
210056,CVE-2026-72989,7.5
210056,CVE-2026-72954,7.5
210056,CVE-2026-69881,7.5
210056,CVE-2026-69793,7.5
210056,CVE-2026-70570,7.5
210056,CVE-2026-70587,7.5
210056,CVE-2026-70065,7.5
210056,CVE-2026-69514,7.5
210056,CVE-2026-77886,7.5
210056,CVE-2026-77890,7.5
210056,CVE-2026-77501,7.5
210056,CVE-2026-77889,7.5
210056,CVE-2026-77499,7.5
210056,CVE-2026-77893,7.5
210056,CVE-2026-77888,7.5
210056,CVE-2026-77895,7.5
210056,CVE-2026-77502,7.5
210056,CVE-2026-69890,7.5
210056,CVE-2026-69852,7.5
210056,CVE-2026-73017,7.5
210056,CVE-2026-77494,7.5
210056,CVE-2026-83989,7.5
210056,CVE-2026-69347,7.4
210056,CVE-2026-68889,7.1
210056,CVE-2026-69761,7.1
210056,CVE-2026-69340,7.1
210056,CVE-2026-69364,7.1
210056,CVE-2026-69338,7.1
210056,CVE-2026-69384,7.1
210056,CVE-2026-69358,7.1
210056,CVE-2026-69757,7.1
210056,CVE-2026-69688,7.1
210056,CVE-2026-69357,7.1
210056,CVE-2026-68893,7.1
210056,CVE-2026-69460,7.1
210056,CVE-2026-69272,7.1
210056,CVE-2026-69366,7.1
210056,CVE-2026-69602,7.1
210056,CVE-2026-69274,7.1
210056,CVE-2026-69706,7.1
210056,CVE-2026-69296,7.1
210056,CVE-2026-68835,7.1
210056,CVE-2026-68846,7.1
210056,CVE-2026-69396,7.1
210056,CVE-2026-69336,7.1
210056,CVE-2026-69305,7.1
210056,CVE-2026-69553,7.1
210056,CVE-2026-69337,7.1
210056,CVE-2026-69451,7.1
210056,CVE-2026-69313,7.1
210056,CVE-2026-69482,7.1
210056,CVE-2026-69314,7.1
210056,CVE-2026-69708,7.0
210056,CVE-2026-69492,7.0
210056,CVE-2026-80093,7.0
210056,CVE-2026-69540,7.0
210056,CVE-2026-68884,7.0
210056,CVE-2026-69331,7.0
210056,CVE-2026-68837,7.0
210056,CVE-2026-83940,7.0
210056,CVE-2026-69473,7.0
210056,CVE-2026-69280,7.0
210056,CVE-2026-73005,7.0
210056,CVE-2026-73003,7.0
210056,CVE-2026-68840,7.0
210056,CVE-2026-69693,7.0
210056,CVE-2026-69652,7.0
210056,CVE-2026-69281,7.0
210056,CVE-2026-69466,7.0
210056,CVE-2026-69581,7.0
210056,CVE-2026-69838,7.0
210056,CVE-2026-69817,7.0
210056,CVE-2026-69362,7.0
210056,CVE-2026-69517,7.0
210056,CVE-2026-69335,7.0
210056,CVE-2026-69404,7.0
210056,CVE-2026-69578,7.0
210056,CVE-2026-69711,7.0
210056,CVE-2026-69310,7.0
210056,CVE-2026-69500,7.0
210056,CVE-2026-69889,7.0
210056,CVE-2026-69319,7.0
210056,CVE-2026-69279,7.0
210056,CVE-2026-69630,7.0
210056,CVE-2026-69575,7.0
210056,CVE-2026-69394,7.0
210056,CVE-2026-69430,7.0
210056,CVE-2026-69388,7.0
210056,CVE-2026-69472,7.0
210056,CVE-2026-69735,7.0
210056,CVE-2026-69468,7.0
210056,CVE-2026-69341,7.0
210056,CVE-2026-69275,7.0
210056,CVE-2026-72963,7.0
210056,CVE-2026-69654,7.0
210056,CVE-2026-69600,7.0
210056,CVE-2026-69470,7.0
210056,CVE-2026-69694,7.0
210056,CVE-2026-70568,7.0
210056,CVE-2026-50349,7.0
210056,CVE-2026-69413,7.0
210056,CVE-2026-69645,7.0
210056,CVE-2026-69816,7.0
210056,CVE-2026-70577,7.0
210056,CVE-2026-70585,7.0
210056,CVE-2026-70573,7.0
210056,CVE-2026-70562,7.0
210056,CVE-2026-70565,7.0
210056,CVE-2026-69891,7.0
210056,CVE-2026-69682,7.0
210056,CVE-2026-69309,7.0
210056,CVE-2026-72930,7.0
210056,CVE-2026-69911,7.0
210056,CVE-2026-69498,7.0
210056,CVE-2026-69563,7.0
210056,CVE-2026-69573,7.0
210056,CVE-2026-70283,7.0
210056,CVE-2026-69549,7.0
210056,CVE-2026-69567,7.0
210056,CVE-2026-69311,7.0
210056,CVE-2026-69692,7.0
210056,CVE-2026-69488,7.0
210056,CVE-2026-69398,7.0
210056,CVE-2026-69613,7.0
210056,CVE-2026-69292,7.0
210056,CVE-2026-73022,7.0
210056,CVE-2026-71342,7.0
210056,CVE-2026-69410,7.0
210056,CVE-2026-71351,7.0
210056,CVE-2026-71332,7.0
210056,CVE-2026-71340,7.0
210056,CVE-2026-69287,7.0
210056,CVE-2026-68897,7.0
210056,CVE-2026-69441,7.0
210056,CVE-2026-69834,7.0
210056,CVE-2026-69611,7.0
210056,CVE-2026-69560,7.0
210056,CVE-2026-69574,7.0
210056,CVE-2026-69791,7.0
210056,CVE-2026-62694,7.0
210056,CVE-2026-77905,7.0
210056,CVE-2026-69516,7.0
210056,CVE-2026-69866,7.0
210056,CVE-2026-77894,7.0
210056,CVE-2026-69385,7.0
210056,CVE-2026-69779,7.0
210056,CVE-2026-69621,7.0
210056,CVE-2026-72952,7.0
210056,CVE-2026-71353,7.0
210056,CVE-2026-71333,7.0
210056,CVE-2026-85360,7.0
210056,CVE-2026-69610,7.0
210056,CVE-2026-72926,7.0
210056,CVE-2026-69564,7.0
210056,CVE-2026-69859,7.0
210056,CVE-2026-78451,6.8
210056,CVE-2026-69566,6.8
210056,CVE-2026-69490,6.8
210056,CVE-2026-71349,6.8
210056,CVE-2026-71348,6.8
210056,CVE-2026-71350,6.8
210056,CVE-2026-77892,6.8
210056,CVE-2026-68833,6.8
210056,CVE-2026-72985,6.8
210056,CVE-2026-69415,6.8
210056,CVE-2026-71329,6.8
210056,CVE-2026-72999,6.8
210056,CVE-2026-72948,6.7
210056,CVE-2026-69350,6.7
210056,CVE-2026-72927,6.7
210056,CVE-2026-71339,6.7
210056,CVE-2026-72935,6.7
210056,CVE-2026-69373,6.7
210056,CVE-2026-69449,6.7
210056,CVE-2026-69469,6.6
210056,CVE-2026-68898,6.5
210056,CVE-2026-69497,6.5
210056,CVE-2026-69267,6.5
210056,CVE-2026-78453,6.5
210056,CVE-2026-69839,6.5
210056,CVE-2026-69395,6.5
210056,CVE-2026-72942,6.5
210056,CVE-2026-69297,6.5
210056,CVE-2026-77896,6.5
210056,CVE-2026-62801,6.5
210056,CVE-2026-69624,6.5
210056,CVE-2026-62762,6.5
210056,CVE-2026-72939,6.5
210056,CVE-2026-72947,6.4
210056,CVE-2026-77891,6.4
210056,CVE-2026-71338,6.4
210056,CVE-2026-77887,6.4
210056,CVE-2026-70582,6.4
210056,CVE-2026-69878,6.4
210056,CVE-2026-72978,5.9
210056,CVE-2026-69929,5.9
210056,CVE-2026-78523,5.9
210056,CVE-2026-70124,5.9
210056,CVE-2026-70091,5.9
210056,CVE-2026-69803,5.9
210056,CVE-2026-69930,5.9
210056,CVE-2026-69393,5.7
210056,CVE-2026-69372,5.7
210056,CVE-2026-69591,5.7
210056,CVE-2026-69405,5.7
210056,CVE-2026-69637,5.7
210056,CVE-2026-69723,5.7
210056,CVE-2026-68874,5.7
210056,CVE-2026-69572,5.7
210056,CVE-2026-69552,5.7
210056,CVE-2026-69416,5.7
210056,CVE-2026-69679,5.7
210056,CVE-2026-69349,5.7
210056,CVE-2026-69317,5.7
210056,CVE-2026-69569,5.7
210056,CVE-2026-69832,5.6
210056,CVE-2026-69618,5.5
210056,CVE-2026-69808,5.5
210056,CVE-2026-69457,5.5
210056,CVE-2026-72964,5.5
210056,CVE-2026-68886,5.5
210056,CVE-2026-68831,5.5
210056,CVE-2026-68895,5.5
210056,CVE-2026-68843,5.5
210056,CVE-2026-69345,5.5
210056,CVE-2026-69390,5.5
210056,CVE-2026-68830,5.5
210056,CVE-2026-78454,5.5
210056,CVE-2026-77491,5.5
210056,CVE-2026-69351,5.5
210056,CVE-2026-73008,5.5
210056,CVE-2026-83991,5.5
210056,CVE-2026-69794,5.5
210056,CVE-2026-69343,5.5
210056,CVE-2026-71341,5.5
210056,CVE-2026-69403,5.5
210056,CVE-2026-77492,5.5
210056,CVE-2026-69609,5.5
210056,CVE-2026-69303,5.5
210056,CVE-2026-69554,5.5
210056,CVE-2026-69862,5.5
210056,CVE-2026-72945,5.5
210056,CVE-2026-69531,5.5
210056,CVE-2026-69286,5.5
210056,CVE-2026-69353,5.5
210056,CVE-2026-69376,5.5
210056,CVE-2026-70290,5.5
210056,CVE-2026-70145,5.5
210056,CVE-2026-69406,5.5
210056,CVE-2026-69315,5.5
210056,CVE-2026-69674,5.5
210056,CVE-2026-69684,5.5
210056,CVE-2026-69627,5.5
210056,CVE-2026-72937,5.5
210056,CVE-2026-72966,5.5
210056,CVE-2026-69367,5.5
210056,CVE-2026-69308,5.5
210056,CVE-2026-69288,5.5
210056,CVE-2026-68851,5.5
210056,CVE-2026-68881,5.5
210056,CVE-2026-68852,5.5
210056,CVE-2026-69527,5.5
210056,CVE-2026-69616,5.5
210056,CVE-2026-69318,5.5
210056,CVE-2026-69321,5.5
210056,CVE-2026-69770,5.5
210056,CVE-2026-69369,5.5
210056,CVE-2026-69672,5.5
210056,CVE-2026-69294,5.5
210056,CVE-2026-69453,5.5
210056,CVE-2026-69504,5.5
210056,CVE-2026-69568,5.5
210056,CVE-2026-78446,5.3
210056,CVE-2026-69474,4.8
210056,CVE-2026-69483,4.7
210056,CVE-2026-69792,4.7
210056,CVE-2026-72931,4.7
210056,CVE-2026-69895,4.7
210056,CVE-2026-68891,4.7
210056,CVE-2026-69853,4.7
210056,CVE-2026-69316,4.7
210056,CVE-2026-69548,4.6
210056,CVE-2026-78452,4.6
210056,CVE-2026-69381,4.6
210056,CVE-2026-78508,4.6
210056,CVE-2026-72980,4.4
210056,CVE-2026-69713,4.4
210056,CVE-2026-73019,4.3
210056,CVE-2026-78455,4.3
210056,CVE-2026-78516,4.3
210057,CVE-2024-30080,9.8
210057,CVE-2024-30064,8.8
210057,CVE-2024-30078,8.8
210057,CVE-2024-30068,8.8
210057,CVE-2024-30097,8.8
210057,CVE-2024-30077,8.0
210057,CVE-2024-30091,7.8
210057,CVE-2024-30072,7.8
210057,CVE-2024-30086,7.8
210057,CVE-2024-30082,7.8
210057,CVE-2024-30095,7.8
210057,CVE-2024-30062,7.8
210057,CVE-2024-30089,7.8
210057,CVE-2024-30087,7.8
210057,CVE-2024-35250,7.8
210057,CVE-2024-30085,7.8
210057,CVE-2024-30094,7.8
210057,CVE-2024-30083,7.5
210057,CVE-2024-30093,7.3
210057,CVE-2024-30088,7.0
210057,CVE-2024-30084,7.0
210057,CVE-2024-30090,7.0
210057,CVE-2024-30099,7.0
210057,CVE-2024-30076,6.8
210057,CVE-2024-30063,6.7
210057,CVE-2024-30065,5.5
210057,CVE-2024-30066,5.5
210057,CVE-2024-30096,5.5
210057,CVE-2024-30067,5.5
210057,CVE-2024-30069,4.7
210058,CVE-2024-38077,9.8
210058,CVE-2024-38074,9.8
210058,CVE-2024-38076,9.8
210058,CVE-2024-38060,8.8
210058,CVE-2024-38053,8.8
210058,CVE-2024-37973,8.8
210058,CVE-2024-21417,8.8
210058,CVE-2024-38104,8.8
210058,CVE-2024-28899,8.8
210058,CVE-2024-30013,8.8
210058,CVE-2024-37984,8.4
210058,CVE-2024-38011,8.0
210058,CVE-2024-37970,8.0
210058,CVE-2024-37978,8.0
210058,CVE-2024-37975,8.0
210058,CVE-2024-38010,8.0
210058,CVE-2024-37977,8.0
210058,CVE-2024-37986,8.0
210058,CVE-2024-37981,8.0
210058,CVE-2024-37971,8.0
210058,CVE-2024-37974,8.0
210058,CVE-2024-37989,8.0
210058,CVE-2024-37987,8.0
210058,CVE-2024-37969,8.0
210058,CVE-2024-37988,8.0
210058,CVE-2024-37972,8.0
210058,CVE-2024-38070,7.8
210058,CVE-2024-38062,7.8
210058,CVE-2024-38080,7.8
210058,CVE-2024-38085,7.8
210058,CVE-2024-38047,7.8
210058,CVE-2024-38034,7.8
210058,CVE-2024-38059,7.8
210058,CVE-2024-38054,7.8
210058,CVE-2024-38057,7.8
210058,CVE-2024-38079,7.8
210058,CVE-2024-30079,7.8
210058,CVE-2024-38100,7.8
210058,CVE-2024-38043,7.8
210058,CVE-2024-38050,7.8
210058,CVE-2024-38051,7.8
210058,CVE-2024-38052,7.8
210058,CVE-2024-38112,7.5
210058,CVE-2024-38031,7.5
210058,CVE-2024-38015,7.5
210058,CVE-2024-38073,7.5
210058,CVE-2024-38071,7.5
210058,CVE-2024-38067,7.5
210058,CVE-2024-30098,7.5
210058,CVE-2024-38091,7.5
210058,CVE-2024-38064,7.5
210058,CVE-2024-38072,7.5
210058,CVE-2024-38061,7.5
210058,CVE-2024-38068,7.5
210058,CVE-2024-38033,7.3
210058,CVE-2024-38028,7.2
210058,CVE-2024-38044,7.2
210058,CVE-2024-38019,7.2
210058,CVE-2024-38025,7.2
210058,CVE-2024-30081,7.1
210058,CVE-2024-38069,7.0
210058,CVE-2024-38022,7.0
210058,CVE-2024-38058,6.8
210058,CVE-2024-26184,6.8
210058,CVE-2024-38065,6.8
210058,CVE-2024-38013,6.7
210058,CVE-2024-38049,6.6
210058,CVE-2024-38048,6.5
210058,CVE-2024-38105,6.5
210058,CVE-2024-38101,6.5
210058,CVE-2024-38030,6.5
210058,CVE-2024-38027,6.5
210058,CVE-2024-38102,6.5
210058,CVE-2024-38099,5.9
210058,CVE-2024-38017,5.5
210058,CVE-2024-38056,5.5
210058,CVE-2024-38041,5.5
210058,CVE-2024-38055,5.5
210058,CVE-2024-35270,5.3
210058,CVE-2024-30071,4.7
210059,CVE-2024-38140,9.8
210059,CVE-2024-38063,9.8
210059,CVE-2024-38199,9.8
210059,CVE-2024-38154,8.8
210059,CVE-2024-38130,8.8
210059,CVE-2024-38128,8.8
210059,CVE-2024-38180,8.8
210059,CVE-2024-38115,8.8
210059,CVE-2024-38120,8.8
210059,CVE-2024-38144,8.8
210059,CVE-2024-38121,8.8
210059,CVE-2024-38131,8.8
210059,CVE-2024-38116,8.8
210059,CVE-2024-38114,8.8
210059,CVE-2024-29995,8.1
210059,CVE-2024-38185,7.8
210059,CVE-2024-38152,7.8
210059,CVE-2024-38215,7.8
210059,CVE-2024-38187,7.8
210059,CVE-2024-38135,7.8
210059,CVE-2024-38125,7.8
210059,CVE-2024-38141,7.8
210059,CVE-2024-38107,7.8
210059,CVE-2024-38153,7.8
210059,CVE-2024-38184,7.8
210059,CVE-2024-38186,7.8
210059,CVE-2024-38127,7.8
210059,CVE-2024-38117,7.8
210059,CVE-2024-38191,7.8
210059,CVE-2024-38196,7.8
210059,CVE-2024-38150,7.8
210059,CVE-2024-38163,7.8
210059,CVE-2024-38142,7.8
210059,CVE-2024-38134,7.8
210059,CVE-2024-38147,7.8
210059,CVE-2024-38193,7.8
210059,CVE-2024-38133,7.8
210059,CVE-2024-38178,7.5
210059,CVE-2024-38126,7.5
210059,CVE-2024-38132,7.5
210059,CVE-2024-38198,7.5
210059,CVE-2024-38146,7.5
210059,CVE-2024-37968,7.5
210059,CVE-2024-38145,7.5
210059,CVE-2024-38138,7.5
210059,CVE-2024-38148,7.5
210059,CVE-2024-38202,7.3
210059,CVE-2024-38136,7.0
210059,CVE-2024-38106,7.0
210059,CVE-2024-38137,7.0
210059,CVE-2024-38223,6.8
210059,CVE-2024-21302,6.7
210059,CVE-2024-38214,6.5
210059,CVE-2024-38213,6.5
210059,CVE-2024-38118,5.5
210059,CVE-2024-38151,5.5
210059,CVE-2024-38122,5.5
210059,CVE-2024-38143,4.2
210060,CVE-2024-38260,8.8
210060,CVE-2024-43461,8.8
210060,CVE-2024-38259,8.8
210060,CVE-2024-43455,8.8
210060,CVE-2024-38240,8.1
210060,CVE-2024-21416,8.1
210060,CVE-2024-38045,8.1
210060,CVE-2024-30073,7.8
210060,CVE-2024-38253,7.8
210060,CVE-2024-38241,7.8
210060,CVE-2024-38014,7.8
210060,CVE-2024-38243,7.8
210060,CVE-2024-38237,7.8
210060,CVE-2024-38249,7.8
210060,CVE-2024-38252,7.8
210060,CVE-2024-38245,7.8
210060,CVE-2024-38250,7.8
210060,CVE-2024-38247,7.8
210060,CVE-2024-38242,7.8
210060,CVE-2024-38244,7.8
210060,CVE-2024-38046,7.8
210060,CVE-2024-38238,7.8
210060,CVE-2024-38257,7.5
210060,CVE-2024-38119,7.5
210060,CVE-2024-38236,7.5
210060,CVE-2024-38263,7.5
210060,CVE-2024-43467,7.5
210060,CVE-2024-43495,7.3
210060,CVE-2024-38239,7.2
210060,CVE-2024-43454,7.1
210060,CVE-2024-38246,7.0
210060,CVE-2024-38248,7.0
210060,CVE-2024-38234,6.5
210060,CVE-2024-38231,6.5
210060,CVE-2024-38235,6.5
210060,CVE-2024-38258,6.5
210060,CVE-2024-38230,6.5
210060,CVE-2024-38254,5.5
210060,CVE-2024-38217,5.4
210061,CVE-2024-38124,9.0
210061,CVE-2024-38265,8.8
210061,CVE-2024-38212,8.8
210061,CVE-2024-43453,8.8
210061,CVE-2024-43564,8.8
210061,CVE-2024-43611,8.8
210061,CVE-2024-43607,8.8
210061,CVE-2024-43599,8.8
210061,CVE-2024-43532,8.8
210061,CVE-2024-43593,8.8
210061,CVE-2024-43517,8.8
210061,CVE-2024-43592,8.8
210061,CVE-2024-43519,8.8
210061,CVE-2024-43518,8.8
210061,CVE-2024-43533,8.8
210061,CVE-2024-43589,8.8
210061,CVE-2024-43608,8.8
210061,CVE-2024-43549,8.8
210061,CVE-2024-43574,8.3
210061,CVE-2024-43582,8.1
210061,CVE-2024-30092,8.0
210061,CVE-2024-43563,7.8
210061,CVE-2024-43516,7.8
210061,CVE-2024-38261,7.8
210061,CVE-2024-43509,7.8
210061,CVE-2024-43556,7.8
210061,CVE-2024-43560,7.8
210061,CVE-2024-43514,7.8
210061,CVE-2024-43501,7.8
210061,CVE-2024-43583,7.8
210061,CVE-2024-43572,7.8
210061,CVE-2024-43551,7.8
210061,CVE-2024-43528,7.8
210061,CVE-2024-43584,7.7
210061,CVE-2024-43521,7.5
210061,CVE-2024-43541,7.5
210061,CVE-2024-43575,7.5
210061,CVE-2024-38129,7.5
210061,CVE-2024-38029,7.5
210061,CVE-2024-38149,7.5
210061,CVE-2024-43544,7.5
210061,CVE-2024-38262,7.5
210061,CVE-2024-43565,7.5
210061,CVE-2024-43545,7.5
210061,CVE-2024-43515,7.5
210061,CVE-2024-43506,7.5
210061,CVE-2024-43567,7.5
210061,CVE-2024-43562,7.5
210061,CVE-2024-43550,7.4
210061,CVE-2024-43553,7.4
210061,CVE-2024-43529,7.3
210061,CVE-2024-43552,7.3
210061,CVE-2024-20659,7.1
210061,CVE-2024-43615,7.1
210061,CVE-2024-43581,7.1
210061,CVE-2024-43535,7.0
210061,CVE-2024-43511,7.0
210061,CVE-2024-43526,6.8
210061,CVE-2024-43543,6.8
210061,CVE-2024-43525,6.8
210061,CVE-2024-43536,6.8
210061,CVE-2024-43524,6.8
210061,CVE-2024-43523,6.8
210061,CVE-2024-37976,6.7
210061,CVE-2024-37979,6.7
210061,CVE-2024-37983,6.7
210061,CVE-2024-37982,6.7
210061,CVE-2024-43537,6.5
210061,CVE-2024-43557,6.5
210061,CVE-2024-43538,6.5
210061,CVE-2024-43534,6.5
210061,CVE-2024-43559,6.5
210061,CVE-2024-43573,6.5
210061,CVE-2024-43547,6.5
210061,CVE-2024-43558,6.5
210061,CVE-2024-43555,6.5
210061,CVE-2024-43512,6.5
210061,CVE-2024-43540,6.5
210061,CVE-2024-43561,6.5
210061,CVE-2024-43542,6.5
210061,CVE-2024-43570,6.4
210061,CVE-2024-43513,6.4
210061,CVE-2024-43546,5.6
210061,CVE-2024-43585,5.5
210061,CVE-2024-43554,5.5
210061,CVE-2024-43508,5.5
210061,CVE-2024-43500,5.5
210061,CVE-2024-43520,5.0
210061,CVE-2024-43456,4.8
210062,CVE-2024-43639,9.8
210062,CVE-2024-43627,8.8
210062,CVE-2024-49039,8.8
210062,CVE-2024-43635,8.8
210062,CVE-2024-43620,8.8
210062,CVE-2024-43621,8.8
210062,CVE-2024-43624,8.8
210062,CVE-2024-43622,8.8
210062,CVE-2024-43628,8.8
210062,CVE-2024-43447,8.1
210062,CVE-2024-43625,8.1
210062,CVE-2024-43636,7.8
210062,CVE-2024-43530,7.8
210062,CVE-2024-43640,7.8
210062,CVE-2024-43629,7.8
210062,CVE-2024-43623,7.8
210062,CVE-2024-43626,7.8
210062,CVE-2024-49019,7.8
210062,CVE-2024-49046,7.8
210062,CVE-2024-43630,7.8
210062,CVE-2024-43641,7.8
210062,CVE-2024-43644,7.8
210062,CVE-2024-43450,7.5
210062,CVE-2024-43452,7.5
210062,CVE-2024-43642,7.5
210062,CVE-2024-43634,6.8
210062,CVE-2024-43637,6.8
210062,CVE-2024-43638,6.8
210062,CVE-2024-43449,6.8
210062,CVE-2024-43643,6.8
210062,CVE-2024-43646,6.7
210062,CVE-2024-43631,6.7
210062,CVE-2024-43451,6.5
210062,CVE-2024-38203,6.2
210062,CVE-2024-38264,5.9
210063,CVE-2024-49112,9.8
210063,CVE-2024-49117,8.8
210063,CVE-2024-49080,8.8
210063,CVE-2024-49102,8.8
210063,CVE-2024-49104,8.8
210063,CVE-2024-49085,8.8
210063,CVE-2024-49086,8.8
210063,CVE-2024-49125,8.8
210063,CVE-2024-49105,8.4
210063,CVE-2024-49120,8.1
210063,CVE-2024-49132,8.1
210063,CVE-2024-49116,8.1
210063,CVE-2024-49128,8.1
210063,CVE-2024-49126,8.1
210063,CVE-2024-49118,8.1
210063,CVE-2024-49106,8.1
210063,CVE-2024-49122,8.1
210063,CVE-2024-49119,8.1
210063,CVE-2024-49108,8.1
210063,CVE-2024-49123,8.1
210063,CVE-2024-49115,8.1
210063,CVE-2024-49124,8.1
210063,CVE-2024-49127,8.1
210063,CVE-2024-49079,7.8
210063,CVE-2024-49090,7.8
210063,CVE-2024-49076,7.8
210063,CVE-2024-49114,7.8
210063,CVE-2024-49072,7.8
210063,CVE-2024-49088,7.8
210063,CVE-2024-49138,7.8
210063,CVE-2024-49129,7.5
210063,CVE-2024-49096,7.5
210063,CVE-2024-49075,7.5
210063,CVE-2024-49113,7.5
210063,CVE-2024-49121,7.5
210063,CVE-2024-49107,7.3
210063,CVE-2024-49089,7.2
210063,CVE-2024-49091,7.2
210063,CVE-2024-49084,7.0
210063,CVE-2024-49097,7.0
210063,CVE-2024-49095,7.0
210063,CVE-2024-49073,6.8
210063,CVE-2024-49082,6.8
210063,CVE-2024-49110,6.8
210063,CVE-2024-49077,6.8
210063,CVE-2024-49083,6.8
210063,CVE-2024-49078,6.8
210063,CVE-2024-49092,6.8
210063,CVE-2024-49101,6.6
210063,CVE-2024-49094,6.6
210063,CVE-2024-49111,6.6
210063,CVE-2024-49109,6.6
210063,CVE-2024-49081,6.6
210063,CVE-2024-49087,4.6
210063,CVE-2024-49098,4.3
210063,CVE-2024-49099,4.3
210063,CVE-2024-49103,4.3
210064,CVE-2025-21307,9.8
210064,CVE-2025-21311,9.8
210064,CVE-2025-21298,9.8
210064,CVE-2025-21241,8.8
210064,CVE-2025-21339,8.8
210064,CVE-2025-21248,8.8
210064,CVE-2025-21233,8.8
210064,CVE-2025-21266,8.8
210064,CVE-2025-21411,8.8
210064,CVE-2025-21303,8.8
210064,CVE-2025-21250,8.8
210064,CVE-2025-21246,8.8
210064,CVE-2025-21302,8.8
210064,CVE-2025-21417,8.8
210064,CVE-2025-21306,8.8
210064,CVE-2025-21223,8.8
210064,CVE-2025-21245,8.8
210064,CVE-2025-21244,8.8
210064,CVE-2025-21291,8.8
210064,CVE-2025-21240,8.8
210064,CVE-2025-21236,8.8
210064,CVE-2025-21293,8.8
210064,CVE-2025-21237,8.8
210064,CVE-2025-21409,8.8
210064,CVE-2025-21292,8.8
210064,CVE-2025-21273,8.8
210064,CVE-2025-21282,8.8
210064,CVE-2025-21239,8.8
210064,CVE-2025-21286,8.8
210064,CVE-2025-21243,8.8
210064,CVE-2025-21238,8.8
210064,CVE-2025-21413,8.8
210064,CVE-2025-21305,8.8
210064,CVE-2025-21252,8.8
210064,CVE-2025-21309,8.1
210064,CVE-2025-21295,8.1
210064,CVE-2025-21297,8.1
210064,CVE-2025-21294,8.1
210064,CVE-2025-21224,8.1
210064,CVE-2025-21235,7.8
210064,CVE-2025-21382,7.8
210064,CVE-2025-21378,7.8
210064,CVE-2025-21333,7.8
210064,CVE-2025-21234,7.8
210064,CVE-2025-21334,7.8
210064,CVE-2025-21372,7.8
210064,CVE-2025-21271,7.8
210064,CVE-2025-21315,7.8
210064,CVE-2025-21335,7.8
210064,CVE-2025-21281,7.8
210064,CVE-2025-21287,7.8
210064,CVE-2025-21326,7.8
210064,CVE-2025-21338,7.8
210064,CVE-2025-21275,7.8
210064,CVE-2025-21276,7.5
210064,CVE-2025-21389,7.5
210064,CVE-2025-21251,7.5
210064,CVE-2025-21296,7.5
210064,CVE-2025-21277,7.5
210064,CVE-2025-21330,7.5
210064,CVE-2025-21207,7.5
210064,CVE-2025-21220,7.5
210064,CVE-2025-21285,7.5
210064,CVE-2025-21231,7.5
210064,CVE-2025-21218,7.5
210064,CVE-2025-21290,7.5
210064,CVE-2025-21300,7.5
210064,CVE-2025-21230,7.5
210064,CVE-2025-21289,7.5
210064,CVE-2025-21270,7.5
210064,CVE-2025-21331,7.3
210064,CVE-2025-21299,7.1
210064,CVE-2025-21211,6.8
210064,CVE-2025-21255,6.6
210064,CVE-2025-21263,6.6
210064,CVE-2025-21327,6.6
210064,CVE-2025-21324,6.6
210064,CVE-2025-21232,6.6
210064,CVE-2025-21227,6.6
210064,CVE-2025-21265,6.6
210064,CVE-2025-21256,6.6
210064,CVE-2025-21341,6.6
210064,CVE-2025-21258,6.6
210064,CVE-2025-21226,6.6
210064,CVE-2025-21261,6.6
210064,CVE-2025-21228,6.6
210064,CVE-2025-21249,6.6
210064,CVE-2025-21310,6.6
210064,CVE-2025-21229,6.6
210064,CVE-2025-21260,6.6
210064,CVE-2025-21314,6.5
210064,CVE-2025-21272,6.5
210064,CVE-2025-21313,6.5
210064,CVE-2025-21217,6.5
210064,CVE-2025-21308,6.5
210064,CVE-2025-21193,6.5
210064,CVE-2025-21288,6.5
210064,CVE-2025-21301,6.5
210064,CVE-2025-21278,6.2
210064,CVE-2025-21202,6.1
210064,CVE-2025-21242,5.9
210064,CVE-2025-21225,5.9
210064,CVE-2025-21336,5.6
210064,CVE-2025-21323,5.5
210064,CVE-2025-21340,5.5
210064,CVE-2025-21284,5.5
210064,CVE-2025-21316,5.5
210064,CVE-2025-21318,5.5
210064,CVE-2025-21257,5.5
210064,CVE-2025-21274,5.5
210064,CVE-2025-21317,5.5
210064,CVE-2025-21280,5.5
210064,CVE-2025-21320,5.5
210064,CVE-2025-21319,5.5
210064,CVE-2025-21321,5.5
210064,CVE-2025-21374,5.5
210064,CVE-2025-21213,4.6
210064,CVE-2025-21215,4.6
210064,CVE-2025-21328,4.3
210064,CVE-2025-21269,4.3
210064,CVE-2025-21189,4.3
210064,CVE-2025-21332,4.3
210064,CVE-2025-21329,4.3
210064,CVE-2025-21268,4.3
210064,CVE-2025-21219,4.3
210064,CVE-2025-21210,4.2
210064,CVE-2025-21214,4.2
210064,CVE-2025-21312,2.4
210065,CVE-2025-21369,8.8
210065,CVE-2025-21371,8.8
210065,CVE-2025-21368,8.8
210065,CVE-2025-21406,8.8
210065,CVE-2025-21410,8.8
210065,CVE-2025-21407,8.8
210065,CVE-2025-21200,8.8
210065,CVE-2025-21190,8.8
210065,CVE-2025-21208,8.8
210065,CVE-2025-21201,8.8
210065,CVE-2025-21376,8.1
210065,CVE-2025-21359,7.8
210065,CVE-2025-21418,7.8
210065,CVE-2025-21358,7.8
210065,CVE-2025-21420,7.8
210065,CVE-2025-21375,7.8
210065,CVE-2025-21367,7.8
210065,CVE-2025-21373,7.8
210065,CVE-2025-21181,7.5
210065,CVE-2025-21351,7.5
210065,CVE-2025-21391,7.1
210065,CVE-2025-21419,7.1
210065,CVE-2025-21414,7.0
210065,CVE-2025-21184,7.0
210065,CVE-2025-21349,6.8
210065,CVE-2025-21377,6.5
210065,CVE-2025-21254,6.5
210065,CVE-2025-21212,6.5
210065,CVE-2025-21352,6.5
210065,CVE-2025-21216,6.5
210065,CVE-2025-21347,6.0
210065,CVE-2025-21350,5.9
210065,CVE-2025-21337,3.3
210066,CVE-2025-24051,8.8
210066,CVE-2025-24056,8.8
210066,CVE-2025-26645,8.8
210066,CVE-2025-24084,8.4
210066,CVE-2025-24035,8.1
210066,CVE-2025-24064,8.1
210066,CVE-2025-24045,8.1
210066,CVE-2025-21180,7.8
210066,CVE-2025-24048,7.8
210066,CVE-2025-24044,7.8
210066,CVE-2025-24993,7.8
210066,CVE-2025-24046,7.8
210066,CVE-2025-24066,7.8
210066,CVE-2025-24059,7.8
210066,CVE-2025-24072,7.8
210066,CVE-2025-24061,7.8
210066,CVE-2025-24050,7.8
210066,CVE-2025-24067,7.8
210066,CVE-2025-24985,7.8
210066,CVE-2025-24995,7.8
210066,CVE-2025-26634,7.5
210066,CVE-2025-24076,7.3
210066,CVE-2025-25008,7.1
210066,CVE-2025-26633,7.0
210066,CVE-2025-24988,6.6
210066,CVE-2025-24987,6.6
210066,CVE-2025-24996,6.5
210066,CVE-2025-24054,6.5
210066,CVE-2025-24071,6.5
210066,CVE-2025-24991,5.5
210066,CVE-2025-24992,5.5
210066,CVE-2025-24984,4.6
210066,CVE-2025-24997,4.4
210066,CVE-2025-24055,4.3
210066,CVE-2025-21247,4.3
210067,CVE-2025-26647,8.8
210067,CVE-2025-27477,8.8
210067,CVE-2025-27481,8.8
210067,CVE-2025-21205,8.8
210067,CVE-2025-27740,8.8
210067,CVE-2025-21221,8.8
210067,CVE-2025-21222,8.8
210067,CVE-2025-26669,8.8
210067,CVE-2025-27737,8.6
210067,CVE-2025-26678,8.4
210067,CVE-2025-26670,8.1
210067,CVE-2025-27480,8.1
210067,CVE-2025-26671,8.1
210067,CVE-2025-26663,8.1
210067,CVE-2025-27482,8.1
210067,CVE-2025-27487,8.0
210067,CVE-2025-24074,7.8
210067,CVE-2025-26675,7.8
210067,CVE-2025-27739,7.8
210067,CVE-2025-27467,7.8
210067,CVE-2025-27490,7.8
210067,CVE-2025-21204,7.8
210067,CVE-2025-27730,7.8
210067,CVE-2025-26648,7.8
210067,CVE-2025-29824,7.8
210067,CVE-2025-24062,7.8
210067,CVE-2025-24058,7.8
210067,CVE-2025-29811,7.8
210067,CVE-2025-29812,7.8
210067,CVE-2025-24073,7.8
210067,CVE-2025-24060,7.8
210067,CVE-2025-26688,7.8
210067,CVE-2025-26666,7.8
210067,CVE-2025-26674,7.8
210067,CVE-2025-26639,7.8
210067,CVE-2025-26679,7.8
210067,CVE-2025-27727,7.8
210067,CVE-2025-27476,7.8
210067,CVE-2025-27731,7.8
210067,CVE-2025-29810,7.5
210067,CVE-2025-26673,7.5
210067,CVE-2025-21174,7.5
210067,CVE-2025-27479,7.5
210067,CVE-2025-27473,7.5
210067,CVE-2025-27484,7.5
210067,CVE-2025-27485,7.5
210067,CVE-2025-26668,7.5
210067,CVE-2025-26641,7.5
210067,CVE-2025-26686,7.5
210067,CVE-2025-26680,7.5
210067,CVE-2025-26652,7.5
210067,CVE-2025-27469,7.5
210067,CVE-2025-27470,7.5
210067,CVE-2025-26687,7.5
210067,CVE-2025-27486,7.5
210067,CVE-2025-27491,7.1
210067,CVE-2025-29809,7.1
210067,CVE-2025-21191,7.0
210067,CVE-2025-27478,7.0
210067,CVE-2025-27492,7.0
210067,CVE-2025-26640,7.0
210067,CVE-2025-26665,7.0
210067,CVE-2025-27732,7.0
210067,CVE-2025-26649,7.0
210067,CVE-2025-26637,6.8
210067,CVE-2025-26681,6.7
210067,CVE-2025-21203,6.5
210067,CVE-2025-26664,6.5
210067,CVE-2025-26672,6.5
210067,CVE-2025-26676,6.5
210067,CVE-2025-26635,6.5
210067,CVE-2025-26667,6.5
210067,CVE-2025-26651,6.5
210067,CVE-2025-21197,6.5
210067,CVE-2025-27474,6.5
210067,CVE-2025-27738,6.5
210067,CVE-2025-27735,6.0
210067,CVE-2025-27471,5.9
210067,CVE-2025-29808,5.5
210067,CVE-2025-27736,5.5
210067,CVE-2025-27742,5.5
210068,CVE-2025-29963,8.8
210068,CVE-2025-29964,8.8
210068,CVE-2025-29840,8.8
210068,CVE-2025-29966,8.8
210068,CVE-2025-29962,8.8
210068,CVE-2025-29967,8.8
210068,CVE-2025-24063,7.8
210068,CVE-2025-32706,7.8
210068,CVE-2025-29970,7.8
210068,CVE-2025-30388,7.8
210068,CVE-2025-30385,7.8
210068,CVE-2025-30400,7.8
210068,CVE-2025-32709,7.8
210068,CVE-2025-32701,7.8
210068,CVE-2025-29833,7.7
210068,CVE-2025-29831,7.5
210068,CVE-2025-26677,7.5
210068,CVE-2025-29842,7.5
210068,CVE-2025-29969,7.5
210068,CVE-2025-30397,7.5
210068,CVE-2025-27468,7.0
210068,CVE-2025-29841,7.0
210068,CVE-2025-27488,6.7
210068,CVE-2025-29961,6.5
210068,CVE-2025-29960,6.5
210068,CVE-2025-29835,6.5
210068,CVE-2025-29832,6.5
210068,CVE-2025-29968,6.5
210068,CVE-2025-29958,6.5
210068,CVE-2025-29836,6.5
210068,CVE-2025-29830,6.5
210068,CVE-2025-29959,6.5
210068,CVE-2025-29957,6.2
210068,CVE-2025-29955,6.2
210068,CVE-2025-29954,5.9
210068,CVE-2025-30394,5.9
210068,CVE-2025-29974,5.7
210068,CVE-2025-29837,5.5
210068,CVE-2025-29829,5.5
210068,CVE-2025-29956,5.4
210068,CVE-2025-29839,4.0
210069,CVE-2025-33073,8.8
210069,CVE-2025-33064,8.8
210069,CVE-2025-33053,8.8
210069,CVE-2025-33066,8.8
210069,CVE-2025-33067,8.4
210069,CVE-2025-32710,8.1
210069,CVE-2025-33070,8.1
210069,CVE-2025-33071,8.1
210069,CVE-2025-29828,8.1
210069,CVE-2025-32712,7.8
210069,CVE-2025-32718,7.8
210069,CVE-2025-32716,7.8
210069,CVE-2025-47955,7.8
210069,CVE-2025-32714,7.8
210069,CVE-2025-33075,7.8
210069,CVE-2025-32713,7.8
210069,CVE-2025-32725,7.5
210069,CVE-2025-32724,7.5
210069,CVE-2025-33050,7.5
210069,CVE-2025-33068,7.5
210069,CVE-2025-33056,7.5
210069,CVE-2025-32721,7.3
210069,CVE-2025-33057,6.5
210069,CVE-2025-32715,6.5
210069,CVE-2025-33063,5.5
210069,CVE-2025-33065,5.5
210069,CVE-2025-24069,5.5
210069,CVE-2025-24065,5.5
210069,CVE-2025-24068,5.5
210069,CVE-2025-33058,5.5
210069,CVE-2025-33060,5.5
210069,CVE-2025-33055,5.5
210069,CVE-2025-33052,5.5
210069,CVE-2025-33061,5.5
210069,CVE-2025-33059,5.5
210069,CVE-2025-33062,5.5
210069,CVE-2025-32719,5.5
210069,CVE-2025-32720,5.5
210069,CVE-2025-32722,5.5
210069,CVE-2025-47160,5.4
210070,CVE-2025-47981,9.8
210070,CVE-2025-47986,8.8
210070,CVE-2025-47998,8.8
210070,CVE-2025-48817,8.8
210070,CVE-2025-49676,8.8
210070,CVE-2025-49663,8.8
210070,CVE-2025-49740,8.8
210070,CVE-2025-49672,8.8
210070,CVE-2025-49687,8.8
210070,CVE-2025-49753,8.8
210070,CVE-2025-49669,8.8
210070,CVE-2025-49657,8.8
210070,CVE-2025-49688,8.8
210070,CVE-2025-48824,8.8
210070,CVE-2025-49723,8.8
210070,CVE-2025-49729,8.8
210070,CVE-2025-49668,8.8
210070,CVE-2025-49673,8.8
210070,CVE-2025-49724,8.8
210070,CVE-2025-49674,8.8
210070,CVE-2025-48822,8.6
210070,CVE-2025-49735,8.1
210070,CVE-2025-49691,8.0
210070,CVE-2025-47972,8.0
210070,CVE-2025-47993,7.8
210070,CVE-2025-47996,7.8
210070,CVE-2025-47991,7.8
210070,CVE-2025-47976,7.8
210070,CVE-2025-47987,7.8
210070,CVE-2025-47971,7.8
210070,CVE-2025-49730,7.8
210070,CVE-2025-49667,7.8
210070,CVE-2025-49742,7.8
210070,CVE-2025-49726,7.8
210070,CVE-2025-49665,7.8
210070,CVE-2025-49675,7.8
210070,CVE-2025-49725,7.8
210070,CVE-2025-48820,7.8
210070,CVE-2025-49733,7.8
210070,CVE-2025-48806,7.8
210070,CVE-2025-48805,7.8
210070,CVE-2025-48816,7.8
210070,CVE-2025-47985,7.8
210070,CVE-2025-47159,7.8
210070,CVE-2025-48000,7.8
210070,CVE-2025-48815,7.8
210070,CVE-2025-47973,7.8
210070,CVE-2025-47982,7.8
210070,CVE-2025-49659,7.8
210070,CVE-2025-49732,7.8
210070,CVE-2025-49661,7.8
210070,CVE-2025-49689,7.8
210070,CVE-2025-49683,7.8
210070,CVE-2025-49679,7.8
210070,CVE-2025-49693,7.8
210070,CVE-2025-49686,7.8
210070,CVE-2025-49721,7.8
210070,CVE-2025-49660,7.8
210070,CVE-2025-49694,7.8
210070,CVE-2025-47984,7.5
210070,CVE-2025-48814,7.5
210070,CVE-2025-49716,7.5
210070,CVE-2025-49690,7.4
210070,CVE-2025-49680,7.3
210070,CVE-2025-49682,7.3
210070,CVE-2025-49666,7.2
210070,CVE-2025-48821,7.1
210070,CVE-2025-48819,7.1
210070,CVE-2025-47975,7.0
210070,CVE-2025-49685,7.0
210070,CVE-2025-49744,7.0
210070,CVE-2025-49727,7.0
210070,CVE-2025-49678,7.0
210070,CVE-2025-48818,6.8
210070,CVE-2025-47999,6.8
210070,CVE-2025-48001,6.8
210070,CVE-2025-48003,6.8
210070,CVE-2025-48804,6.8
210070,CVE-2025-48800,6.8
210070,CVE-2025-48803,6.7
210070,CVE-2025-48811,6.7
210070,CVE-2025-48802,6.5
210070,CVE-2025-49671,6.5
210070,CVE-2025-49670,6.5
210070,CVE-2025-47978,6.5
210070,CVE-2025-49681,6.5
210070,CVE-2025-47980,6.2
210070,CVE-2025-48823,5.9
210070,CVE-2025-49722,5.7
210070,CVE-2025-48808,5.5
210070,CVE-2025-49658,5.5
210070,CVE-2025-49684,5.5
210070,CVE-2025-49664,5.5
210070,CVE-2025-49760,3.5
210071,CVE-2025-53766,9.8
210071,CVE-2025-50171,9.1
210071,CVE-2025-49757,8.8
210071,CVE-2025-53131,8.8
210071,CVE-2025-53143,8.8
210071,CVE-2025-53778,8.8
210071,CVE-2025-53144,8.8
210071,CVE-2025-50163,8.8
210071,CVE-2025-53145,8.8
210071,CVE-2025-50177,8.1
210071,CVE-2025-53720,8.0
210071,CVE-2025-50162,8.0
210071,CVE-2025-50164,8.0
210071,CVE-2025-50160,8.0
210071,CVE-2025-50153,7.8
210071,CVE-2025-53151,7.8
210071,CVE-2025-53725,7.8
210071,CVE-2025-53726,7.8
210071,CVE-2025-55230,7.8
210071,CVE-2025-53152,7.8
210071,CVE-2025-50168,7.8
210071,CVE-2025-50155,7.8
210071,CVE-2025-49761,7.8
210071,CVE-2025-50176,7.8
210071,CVE-2025-50173,7.8
210071,CVE-2025-50170,7.8
210071,CVE-2025-53789,7.8
210071,CVE-2025-53154,7.8
210071,CVE-2025-53132,7.8
210071,CVE-2025-53723,7.8
210071,CVE-2025-53141,7.8
210071,CVE-2025-53149,7.8
210071,CVE-2025-53155,7.8
210071,CVE-2025-53724,7.8
210071,CVE-2025-53722,7.5
210071,CVE-2025-55231,7.5
210071,CVE-2025-50159,7.3
210071,CVE-2025-50161,7.3
210071,CVE-2025-50167,7.0
210071,CVE-2025-50158,7.0
210071,CVE-2025-49762,7.0
210071,CVE-2025-53140,7.0
210071,CVE-2025-53718,7.0
210071,CVE-2025-53721,7.0
210071,CVE-2025-53137,7.0
210071,CVE-2025-53142,7.0
210071,CVE-2025-53134,7.0
210071,CVE-2025-53135,7.0
210071,CVE-2025-53147,7.0
210071,CVE-2025-49751,6.8
210071,CVE-2025-48807,6.7
210071,CVE-2025-49743,6.7
210071,CVE-2025-50172,6.5
210071,CVE-2025-50154,6.5
210071,CVE-2025-53716,6.5
210071,CVE-2025-50166,6.5
210071,CVE-2025-53719,5.7
210071,CVE-2025-50156,5.7
210071,CVE-2025-53153,5.7
210071,CVE-2025-53148,5.7
210071,CVE-2025-53138,5.7
210071,CVE-2025-50157,5.7
210071,CVE-2025-53136,5.5
210071,CVE-2025-53156,5.5
210071,CVE-2025-55229,5.3
210072,CVE-2025-55234,8.8
210072,CVE-2025-54918,8.8
210072,CVE-2025-54110,8.8
210072,CVE-2025-54106,8.8
210072,CVE-2025-54113,8.8
210072,CVE-2025-53800,7.8
210072,CVE-2025-55224,7.8
210072,CVE-2025-54091,7.8
210072,CVE-2025-54102,7.8
210072,CVE-2025-54913,7.8
210072,CVE-2025-54895,7.8
210072,CVE-2025-54894,7.8
210072,CVE-2025-54111,7.8
210072,CVE-2025-54916,7.8
210072,CVE-2025-54092,7.8
210072,CVE-2025-54098,7.8
210072,CVE-2025-54912,7.8
210072,CVE-2025-55228,7.8
210072,CVE-2025-53801,7.8
210072,CVE-2025-53805,7.5
210072,CVE-2025-54919,7.5
210072,CVE-2025-54103,7.4
210072,CVE-2025-54116,7.3
210072,CVE-2025-54911,7.3
210072,CVE-2025-55236,7.3
210072,CVE-2025-54114,7.0
210072,CVE-2025-54112,7.0
210072,CVE-2025-54099,7.0
210072,CVE-2025-54115,7.0
210072,CVE-2025-54105,7.0
210072,CVE-2025-54093,7.0
210072,CVE-2025-59220,7.0
210072,CVE-2025-49734,7.0
210072,CVE-2025-55223,7.0
210072,CVE-2025-53807,7.0
210072,CVE-2025-53802,7.0
210072,CVE-2025-53808,6.7
210072,CVE-2025-53810,6.7
210072,CVE-2025-55226,6.7
210072,CVE-2025-54104,6.7
210072,CVE-2025-54094,6.7
210072,CVE-2025-54109,6.7
210072,CVE-2025-54915,6.7
210072,CVE-2025-54095,6.5
210072,CVE-2025-53796,6.5
210072,CVE-2025-53806,6.5
210072,CVE-2025-53797,6.5
210072,CVE-2025-55225,6.5
210072,CVE-2025-53798,6.5
210072,CVE-2025-54097,6.5
210072,CVE-2025-54096,6.5
210072,CVE-2025-53803,5.5
210072,CVE-2025-53804,5.5
210072,CVE-2025-53799,5.5
210072,CVE-2025-54101,4.8
210072,CVE-2025-54107,4.3
210072,CVE-2025-54917,4.3
210073,CVE-2025-49708,9.9
210073,CVE-2025-59287,9.8
210073,CVE-2025-58716,8.8
210073,CVE-2025-59295,8.8
210073,CVE-2025-58715,8.8
210073,CVE-2025-58718,8.8
210073,CVE-2025-55697,7.8
210073,CVE-2025-55680,7.8
210073,CVE-2025-55339,7.8
210073,CVE-2025-55701,7.8
210073,CVE-2025-58720,7.8
210073,CVE-2025-53150,7.8
210073,CVE-2025-24052,7.8
210073,CVE-2025-24990,7.8
210073,CVE-2025-55692,7.8
210073,CVE-2025-55328,7.8
210073,CVE-2025-55696,7.8
210073,CVE-2025-59187,7.8
210073,CVE-2025-59207,7.8
210073,CVE-2025-59255,7.8
210073,CVE-2025-59290,7.8
210073,CVE-2025-59277,7.8
210073,CVE-2025-59192,7.8
210073,CVE-2025-59201,7.8
210073,CVE-2025-59191,7.8
210073,CVE-2025-59242,7.8
210073,CVE-2025-50152,7.8
210073,CVE-2025-59278,7.8
210073,CVE-2025-59275,7.8
210073,CVE-2025-50175,7.8
210073,CVE-2025-59230,7.8
210073,CVE-2025-59254,7.8
210073,CVE-2025-59199,7.8
210073,CVE-2025-58728,7.8
210073,CVE-2025-55694,7.8
210073,CVE-2025-58714,7.8
210073,CVE-2025-58722,7.8
210073,CVE-2025-59200,7.7
210073,CVE-2025-59502,7.5
210073,CVE-2025-55326,7.5
210073,CVE-2025-58726,7.5
210073,CVE-2025-55335,7.4
210073,CVE-2025-55687,7.4
210073,CVE-2025-48004,7.4
210073,CVE-2025-25004,7.3
210073,CVE-2025-59208,7.1
210073,CVE-2025-59196,7.0
210073,CVE-2025-59205,7.0
210073,CVE-2025-59202,7.0
210073,CVE-2025-59289,7.0
210073,CVE-2025-59261,7.0
210073,CVE-2025-59194,7.0
210073,CVE-2025-59193,7.0
210073,CVE-2025-59195,7.0
210073,CVE-2025-58725,7.0
210073,CVE-2025-58727,7.0
210073,CVE-2025-58734,7.0
210073,CVE-2025-55689,7.0
210073,CVE-2025-59282,7.0
210073,CVE-2025-55340,7.0
210073,CVE-2025-58731,7.0
210073,CVE-2025-55686,7.0
210073,CVE-2025-58737,7.0
210073,CVE-2025-58733,7.0
210073,CVE-2025-58732,7.0
210073,CVE-2025-58738,7.0
210073,CVE-2025-58736,7.0
210073,CVE-2025-58730,7.0
210073,CVE-2025-55678,7.0
210073,CVE-2025-58735,7.0
210073,CVE-2025-55331,7.0
210073,CVE-2025-55685,7.0
210073,CVE-2025-55681,7.0
210073,CVE-2025-59185,6.5
210073,CVE-2025-58729,6.5
210073,CVE-2025-58739,6.5
210073,CVE-2025-55700,6.5
210073,CVE-2025-58717,6.5
210073,CVE-2025-59244,6.5
210073,CVE-2025-59257,6.5
210073,CVE-2025-59214,6.5
210073,CVE-2025-59259,6.5
210073,CVE-2025-48813,6.3
210073,CVE-2025-59258,6.2
210073,CVE-2025-55332,6.1
210073,CVE-2025-55333,6.1
210073,CVE-2025-55330,6.1
210073,CVE-2025-55338,6.1
210073,CVE-2025-59204,5.5
210073,CVE-2025-55699,5.5
210073,CVE-2025-47979,5.5
210073,CVE-2025-55695,5.5
210073,CVE-2025-55336,5.5
210073,CVE-2025-59260,5.5
210073,CVE-2025-59209,5.5
210073,CVE-2025-59184,5.5
210073,CVE-2025-59186,5.5
210073,CVE-2025-59188,5.5
210073,CVE-2025-55325,5.5
210073,CVE-2025-55683,5.5
210073,CVE-2025-59203,5.5
210073,CVE-2025-59197,5.5
210073,CVE-2025-59211,5.5
210073,CVE-2025-59253,5.5
210073,CVE-2025-59190,5.5
210073,CVE-2025-55679,5.1
210073,CVE-2025-59198,5.0
210073,CVE-2025-58719,4.7
210073,CVE-2025-59280,3.1
210073,CVE-2025-59294,2.1
210074,CVE-2025-60724,9.8
210074,CVE-2025-62452,8.0
210074,CVE-2025-60715,8.0
210074,CVE-2025-60703,7.8
210074,CVE-2025-60713,7.8
210074,CVE-2025-60714,7.8
210074,CVE-2025-60709,7.8
210074,CVE-2025-60720,7.8
210074,CVE-2025-60705,7.8
210074,CVE-2025-59511,7.8
210074,CVE-2025-59512,7.8
210074,CVE-2025-59514,7.8
210074,CVE-2025-59505,7.8
210074,CVE-2025-60707,7.8
210074,CVE-2025-60704,7.5
210074,CVE-2025-60719,7.0
210074,CVE-2025-60716,7.0
210074,CVE-2025-59508,7.0
210074,CVE-2025-59506,7.0
210074,CVE-2025-59515,7.0
210074,CVE-2025-62215,7.0
210074,CVE-2025-60717,7.0
210074,CVE-2025-59507,7.0
210074,CVE-2025-62217,7.0
210074,CVE-2025-62213,7.0
210074,CVE-2025-60708,6.5
210074,CVE-2025-60723,6.3
210074,CVE-2025-60706,5.5
210074,CVE-2025-62208,5.5
210074,CVE-2025-62209,5.5
210074,CVE-2025-59510,5.5
210074,CVE-2025-59509,5.5
210074,CVE-2025-59513,5.5
210075,CVE-2025-62549,8.8
210075,CVE-2025-62456,8.8
210075,CVE-2025-64678,8.8
210075,CVE-2025-55233,7.8
210075,CVE-2025-62571,7.8
210075,CVE-2025-62464,7.8
210075,CVE-2025-62462,7.8
210075,CVE-2025-62454,7.8
210075,CVE-2025-62221,7.8
210075,CVE-2025-62466,7.8
210075,CVE-2025-62467,7.8
210075,CVE-2025-62461,7.8
210075,CVE-2025-62458,7.8
210075,CVE-2025-64673,7.8
210075,CVE-2025-62472,7.8
210075,CVE-2025-64679,7.8
210075,CVE-2025-62470,7.8
210075,CVE-2025-62457,7.8
210075,CVE-2025-59517,7.8
210075,CVE-2025-59516,7.8
210075,CVE-2025-54100,7.8
210075,CVE-2025-62474,7.8
210075,CVE-2025-64680,7.8
210075,CVE-2025-64661,7.8
210075,CVE-2025-64658,7.5
210075,CVE-2025-62565,7.3
210075,CVE-2025-62573,7.0
210075,CVE-2025-62569,7.0
210075,CVE-2025-62463,6.5
210075,CVE-2025-62473,6.5
210075,CVE-2025-62465,6.5
210075,CVE-2025-64670,6.5
210075,CVE-2025-62468,5.5
210075,CVE-2025-62567,5.3
210076,CVE-2026-20868,8.8
210076,CVE-2026-20856,8.1
210076,CVE-2026-20931,8.0
210076,CVE-2026-20817,7.8
210076,CVE-2026-20816,7.8
210076,CVE-2026-20809,7.8
210076,CVE-2026-20871,7.8
210076,CVE-2026-20840,7.8
210076,CVE-2026-20858,7.8
210076,CVE-2026-20822,7.8
210076,CVE-2026-20820,7.8
210076,CVE-2026-20860,7.8
210076,CVE-2026-20866,7.8
210076,CVE-2026-20865,7.8
210076,CVE-2026-20940,7.8
210076,CVE-2026-20922,7.8
210076,CVE-2026-20874,7.8
210076,CVE-2026-20873,7.8
210076,CVE-2026-20864,7.8
210076,CVE-2026-20861,7.8
210076,CVE-2026-20837,7.8
210076,CVE-2026-20918,7.8
210076,CVE-2026-20867,7.8
210076,CVE-2026-20811,7.8
210076,CVE-2026-20920,7.8
210076,CVE-2026-20832,7.8
210076,CVE-2026-20826,7.8
210076,CVE-2026-20843,7.8
210076,CVE-2026-20831,7.8
210076,CVE-2026-20923,7.8
210076,CVE-2026-20857,7.8
210076,CVE-2026-20924,7.8
210076,CVE-2026-20877,7.8
210076,CVE-2026-20852,7.7
210076,CVE-2026-20804,7.7
210076,CVE-2026-20926,7.5
210076,CVE-2026-0386,7.5
210076,CVE-2026-20919,7.5
210076,CVE-2026-20848,7.5
210076,CVE-2026-20921,7.5
210076,CVE-2026-20875,7.5
210076,CVE-2026-20929,7.5
210076,CVE-2026-20934,7.5
210076,CVE-2026-20849,7.5
210076,CVE-2026-20844,7.4
210076,CVE-2026-20863,7.0
210076,CVE-2026-20836,7.0
210076,CVE-2026-20808,7.0
210076,CVE-2026-20869,7.0
210076,CVE-2026-20814,7.0
210076,CVE-2026-20842,7.0
210076,CVE-2026-20876,6.7
210076,CVE-2026-20812,6.5
210076,CVE-2026-20847,6.5
210076,CVE-2026-20925,6.5
210076,CVE-2026-20872,6.5
210076,CVE-2026-21265,6.4
210076,CVE-2026-20818,6.2
210076,CVE-2026-20821,6.2
210076,CVE-2026-20824,5.5
210076,CVE-2026-20827,5.5
210076,CVE-2026-20833,5.5
210076,CVE-2026-20829,5.5
210076,CVE-2026-20839,5.5
210076,CVE-2026-20939,5.5
210076,CVE-2026-20862,5.5
210076,CVE-2026-20805,5.5
210076,CVE-2026-20937,5.5
210076,CVE-2026-20838,5.5
210076,CVE-2026-20823,5.5
210076,CVE-2026-20932,5.5
210076,CVE-2026-20835,5.5
210076,CVE-2026-20927,5.3
210076,CVE-2026-20834,4.6
210076,CVE-2026-20828,4.6
210076,CVE-2026-20962,4.4
210076,CVE-2026-20825,4.4
210076,CVE-2026-20936,4.3
210077,CVE-2026-21513,8.8
210077,CVE-2026-21510,8.8
210077,CVE-2026-21255,8.8
210077,CVE-2026-21231,7.8
210077,CVE-2026-21232,7.8
210077,CVE-2026-21251,7.8
210077,CVE-2026-21533,7.8
210077,CVE-2026-21246,7.8
210077,CVE-2026-21519,7.8
210077,CVE-2026-21250,7.8
210077,CVE-2026-21240,7.8
210077,CVE-2026-21238,7.8
210077,CVE-2026-21236,7.8
210077,CVE-2026-21239,7.8
210077,CVE-2026-21243,7.5
210077,CVE-2026-20846,7.5
210077,CVE-2026-21235,7.3
210077,CVE-2026-21244,7.3
210077,CVE-2026-21247,7.3
210077,CVE-2026-21248,7.3
210077,CVE-2026-21241,7.0
210077,CVE-2026-21508,7.0
210077,CVE-2026-21237,7.0
210077,CVE-2026-21242,7.0
210077,CVE-2026-21253,7.0
210077,CVE-2026-21234,7.0
210077,CVE-2026-21525,6.2
210077,CVE-2026-21222,5.5
210077,CVE-2026-21249,3.3
210078,CVE-2026-24283,8.8
210078,CVE-2026-23669,8.8
210078,CVE-2026-25188,8.8
210078,CVE-2026-25177,8.8
210078,CVE-2026-26111,8.0
210078,CVE-2026-25173,8.0
210078,CVE-2026-25172,8.0
210078,CVE-2026-24290,7.8
210078,CVE-2026-24291,7.8
210078,CVE-2026-24292,7.8
210078,CVE-2026-25187,7.8
210078,CVE-2026-25176,7.8
210078,CVE-2026-25189,7.8
210078,CVE-2026-24294,7.8
210078,CVE-2026-24287,7.8
210078,CVE-2026-24289,7.8
210078,CVE-2026-26132,7.8
210078,CVE-2026-24293,7.8
210078,CVE-2026-25175,7.8
210078,CVE-2026-25190,7.8
210078,CVE-2026-26128,7.8
210078,CVE-2026-25174,7.8
210078,CVE-2026-25165,7.8
210078,CVE-2026-25166,7.8
210078,CVE-2026-23673,7.8
210078,CVE-2026-23672,7.8
210078,CVE-2026-23674,7.5
210078,CVE-2026-25181,7.5
210078,CVE-2026-24295,7.0
210078,CVE-2026-24285,7.0
210078,CVE-2026-24296,7.0
210078,CVE-2026-25179,7.0
210078,CVE-2026-23671,7.0
210078,CVE-2026-23668,7.0
210078,CVE-2026-25170,7.0
210078,CVE-2026-25171,7.0
210078,CVE-2026-25178,7.0
210078,CVE-2026-25169,6.2
210078,CVE-2026-25168,6.2
210078,CVE-2026-25180,5.5
210078,CVE-2026-25186,5.5
210078,CVE-2026-25185,5.3
210079,CVE-2026-33824,9.8
210079,CVE-2026-26178,8.8
210079,CVE-2026-32157,8.8
210079,CVE-2026-32225,8.8
210079,CVE-2026-26167,8.8
210079,CVE-2026-27928,8.7
210079,CVE-2026-32162,8.4
210079,CVE-2026-32091,8.4
210079,CVE-2026-33827,8.1
210079,CVE-2026-33826,8.0
210079,CVE-2026-27912,8.0
210079,CVE-2026-32076,7.8
210079,CVE-2026-32089,7.8
210079,CVE-2026-32090,7.8
210079,CVE-2026-32078,7.8
210079,CVE-2026-32074,7.8
210079,CVE-2026-32159,7.8
210079,CVE-2026-32163,7.8
210079,CVE-2026-32158,7.8
210079,CVE-2026-32165,7.8
210079,CVE-2026-32152,7.8
210079,CVE-2026-32155,7.8
210079,CVE-2026-20930,7.8
210079,CVE-2026-32160,7.8
210079,CVE-2026-32183,7.8
210079,CVE-2026-26170,7.8
210079,CVE-2026-26162,7.8
210079,CVE-2026-26176,7.8
210079,CVE-2026-27919,7.8
210079,CVE-2026-27916,7.8
210079,CVE-2026-26161,7.8
210079,CVE-2026-27915,7.8
210079,CVE-2026-27920,7.8
210079,CVE-2026-27918,7.8
210079,CVE-2026-27911,7.8
210079,CVE-2026-27924,7.8
210079,CVE-2026-27914,7.8
210079,CVE-2026-26179,7.8
210079,CVE-2026-26163,7.8
210079,CVE-2026-26168,7.8
210079,CVE-2026-32154,7.8
210079,CVE-2026-26172,7.8
210079,CVE-2026-26160,7.8
210079,CVE-2026-26180,7.8
210079,CVE-2026-26184,7.8
210079,CVE-2026-26159,7.8
210079,CVE-2026-26181,7.8
210079,CVE-2026-26183,7.8
210079,CVE-2026-26153,7.8
210079,CVE-2026-26156,7.8
210079,CVE-2026-33098,7.8
210079,CVE-2026-32164,7.8
210079,CVE-2026-32077,7.8
210079,CVE-2026-32069,7.8
210079,CVE-2026-33101,7.8
210079,CVE-2026-27909,7.8
210079,CVE-2026-27927,7.8
210079,CVE-2026-27907,7.8
210079,CVE-2026-27923,7.8
210079,CVE-2026-27910,7.8
210079,CVE-2026-27913,7.7
210079,CVE-2026-33096,7.5
210079,CVE-2026-26154,7.5
210079,CVE-2026-32071,7.5
210079,CVE-2026-32156,7.4
210079,CVE-2026-32149,7.3
210079,CVE-2026-26151,7.1
210079,CVE-2026-26166,7.0
210079,CVE-2026-27929,7.0
210079,CVE-2026-26152,7.0
210079,CVE-2026-26165,7.0
210079,CVE-2026-32080,7.0
210079,CVE-2026-32086,7.0
210079,CVE-2026-32070,7.0
210079,CVE-2026-32068,7.0
210079,CVE-2026-32083,7.0
210079,CVE-2026-32150,7.0
210079,CVE-2026-32087,7.0
210079,CVE-2026-33104,7.0
210079,CVE-2026-33100,7.0
210079,CVE-2026-33099,7.0
210079,CVE-2026-32075,7.0
210079,CVE-2026-32082,7.0
210079,CVE-2026-32093,7.0
210079,CVE-2026-32073,7.0
210079,CVE-2026-26173,7.0
210079,CVE-2026-26182,7.0
210079,CVE-2026-26174,7.0
210079,CVE-2026-25184,7.0
210079,CVE-2026-27908,7.0
210079,CVE-2026-27917,7.0
210079,CVE-2026-27921,7.0
210079,CVE-2026-26177,7.0
210079,CVE-2026-27926,7.0
210079,CVE-2026-27922,7.0
210079,CVE-2026-0390,6.7
210079,CVE-2026-26155,6.5
210079,CVE-2026-27925,6.5
210079,CVE-2026-32151,6.5
210079,CVE-2026-32072,6.2
210079,CVE-2026-26169,6.1
210079,CVE-2026-32088,6.1
210079,CVE-2026-23670,5.7
210079,CVE-2026-32085,5.5
210079,CVE-2026-32081,5.5
210079,CVE-2026-20806,5.5
210079,CVE-2026-32084,5.5
210079,CVE-2026-32214,5.5
210079,CVE-2026-32079,5.5
210079,CVE-2026-32212,5.5
210079,CVE-2026-32215,5.5
210079,CVE-2026-32217,5.5
210079,CVE-2026-27931,5.5
210079,CVE-2026-32218,5.5
210079,CVE-2026-27930,5.5
210079,CVE-2026-32181,5.5
210079,CVE-2026-20928,4.6
210079,CVE-2026-26175,4.6
210079,CVE-2026-32202,4.3
210079,CVE-2026-33829,4.3
210080,CVE-2026-41096,9.8
210080,CVE-2026-41089,9.8
210080,CVE-2026-40402,9.3
210080,CVE-2026-34329,8.8
210080,CVE-2026-40403,8.8
210080,CVE-2026-40415,8.1
210080,CVE-2026-40399,7.8
210080,CVE-2026-40398,7.8
210080,CVE-2026-33835,7.8
210080,CVE-2026-33834,7.8
210080,CVE-2026-40397,7.8
210080,CVE-2026-40377,7.8
210080,CVE-2026-40407,7.8
210080,CVE-2026-40408,7.8
210080,CVE-2026-40382,7.8
210080,CVE-2026-34334,7.8
210080,CVE-2026-34336,7.8
210080,CVE-2026-34330,7.8
210080,CVE-2026-41095,7.8
210080,CVE-2026-34333,7.8
210080,CVE-2026-34337,7.8
210080,CVE-2026-34344,7.8
210080,CVE-2026-41088,7.8
210080,CVE-2026-33837,7.8
210080,CVE-2026-33841,7.8
210080,CVE-2026-33838,7.8
210080,CVE-2026-35417,7.8
210080,CVE-2026-35421,7.8
210080,CVE-2026-35420,7.8
210080,CVE-2026-34351,7.8
210080,CVE-2026-35415,7.8
210080,CVE-2026-35418,7.8
210080,CVE-2026-34338,7.8
210080,CVE-2026-34343,7.8
210080,CVE-2026-40406,7.5
210080,CVE-2026-32161,7.5
210080,CVE-2026-35424,7.5
210080,CVE-2026-40413,7.4
210080,CVE-2026-40414,7.4
210080,CVE-2026-40401,7.1
210080,CVE-2026-40410,7.0
210080,CVE-2026-33839,7.0
210080,CVE-2026-34340,7.0
210080,CVE-2026-34331,7.0
210080,CVE-2026-35416,7.0
210080,CVE-2026-42825,7.0
210080,CVE-2026-34342,7.0
210080,CVE-2026-34347,7.0
210080,CVE-2026-34345,7.0
210080,CVE-2026-34341,7.0
210080,CVE-2026-21530,6.7
210080,CVE-2026-41097,6.7
210080,CVE-2026-32170,6.7
210080,CVE-2026-35422,6.5
210080,CVE-2026-40380,6.2
210080,CVE-2026-34339,5.5
210080,CVE-2026-35423,5.4
210080,CVE-2026-32209,4.4
210081,CVE-2026-44815,9.8
210081,CVE-2026-47291,9.8
210081,CVE-2026-45657,9.8
210081,CVE-2026-42904,9.6
210081,CVE-2026-45602,9.1
210081,CVE-2026-45648,8.8
210081,CVE-2026-47289,8.8
210081,CVE-2026-47653,8.8
210081,CVE-2026-42985,8.8
210081,CVE-2026-44810,8.4
210081,CVE-2026-45607,8.4
210081,CVE-2026-45641,8.4
210081,CVE-2026-47652,8.2
210081,CVE-2026-45599,8.1
210081,CVE-2026-42981,8.1
210081,CVE-2026-45635,8.1
210081,CVE-2026-42974,8.1
210081,CVE-2026-42987,8.1
210081,CVE-2026-47656,7.9
210081,CVE-2026-48573,7.9
210081,CVE-2026-48570,7.9
210081,CVE-2026-48576,7.9
210081,CVE-2026-48568,7.9
210081,CVE-2026-48575,7.9
210081,CVE-2026-48578,7.9
210081,CVE-2026-45588,7.9
210081,CVE-2026-45656,7.8
210081,CVE-2026-45592,7.8
210081,CVE-2026-44802,7.8
210081,CVE-2026-44803,7.8
210081,CVE-2026-45658,7.8
210081,CVE-2026-44812,7.8
210081,CVE-2026-45638,7.8
210081,CVE-2026-45593,7.8
210081,CVE-2026-40409,7.8
210081,CVE-2026-40404,7.8
210081,CVE-2026-45637,7.8
210081,CVE-2026-45605,7.8
210081,CVE-2026-45636,7.8
210081,CVE-2026-33828,7.8
210081,CVE-2026-42989,7.8
210081,CVE-2026-42905,7.8
210081,CVE-2026-48583,7.8
210081,CVE-2026-42983,7.8
210081,CVE-2026-42991,7.8
210081,CVE-2026-42977,7.8
210081,CVE-2026-42828,7.8
210081,CVE-2026-42979,7.8
210081,CVE-2026-42980,7.8
210081,CVE-2026-42986,7.8
210081,CVE-2026-42916,7.8
210081,CVE-2026-42837,7.8
210081,CVE-2026-42978,7.8
210081,CVE-2026-48574,7.8
210081,CVE-2026-41092,7.8
210081,CVE-2026-45487,7.8
210081,CVE-2026-45586,7.8
210081,CVE-2026-42993,7.5
210081,CVE-2026-45639,7.5
210081,CVE-2026-42908,7.5
210081,CVE-2026-49160,7.5
210081,CVE-2026-42992,7.5
210081,CVE-2026-42913,7.5
210081,CVE-2026-48563,7.5
210081,CVE-2026-44801,7.5
210081,CVE-2026-44799,7.5
210081,CVE-2026-47654,7.5
210081,CVE-2026-42909,7.5
210081,CVE-2026-47288,7.1
210081,CVE-2026-47648,7.0
210081,CVE-2026-45598,7.0
210081,CVE-2026-45597,7.0
210081,CVE-2026-42911,7.0
210081,CVE-2026-45596,7.0
210081,CVE-2026-42984,7.0
210081,CVE-2026-42836,7.0
210081,CVE-2026-41108,7.0
210081,CVE-2026-45603,7.0
210081,CVE-2026-45601,7.0
210081,CVE-2026-45640,7.0
210081,CVE-2026-45653,7.0
210081,CVE-2026-42912,7.0
210081,CVE-2026-34335,7.0
210081,CVE-2026-50507,6.8
210081,CVE-2026-45608,6.8
210081,CVE-2026-42903,6.5
210081,CVE-2026-50508,6.5
210081,CVE-2026-42907,6.5
210081,CVE-2026-42915,5.5
210081,CVE-2026-42968,5.5
210081,CVE-2026-45594,5.5
210081,CVE-2026-45634,5.5
210081,CVE-2026-44805,5.5
210081,CVE-2026-45606,5.5
210081,CVE-2026-42970,5.5
210081,CVE-2026-42973,5.5
210081,CVE-2026-42906,5.5
210081,CVE-2026-42971,5.5
210081,CVE-2026-42969,5.5
210081,CVE-2026-42972,5.5
210081,CVE-2026-45595,5.4
210081,CVE-2026-45655,5.3
210081,CVE-2026-42914,5.3
210081,CVE-2026-45642,3.9
210082,CVE-2026-57092,9.9
210082,CVE-2026-56159,9.8
210082,CVE-2026-56190,9.8
210082,CVE-2026-56188,9.8
210082,CVE-2026-50518,9.8
210082,CVE-2026-50447,9.8
210082,CVE-2026-49172,9.8
210082,CVE-2026-42990,9.8
210082,CVE-2026-50380,9.6
210082,CVE-2026-49798,9.3
210082,CVE-2026-57090,8.8
210082,CVE-2026-58626,8.8
210082,CVE-2026-58608,8.8
210082,CVE-2026-58594,8.8
210082,CVE-2026-57094,8.8
210082,CVE-2026-56194,8.8
210082,CVE-2026-49795,8.8
210082,CVE-2026-49178,8.8
210082,CVE-2026-50370,8.8
210082,CVE-2026-57087,8.8
210082,CVE-2026-50666,8.8
210082,CVE-2026-50670,8.8
210082,CVE-2026-50489,8.8
210082,CVE-2026-48564,8.8
210082,CVE-2026-50692,8.8
210082,CVE-2026-50477,8.8
210082,CVE-2026-50444,8.8
210082,CVE-2026-56647,8.8
210082,CVE-2026-50360,8.8
210082,CVE-2026-50474,8.8
210082,CVE-2026-54982,8.8
210082,CVE-2026-54999,8.8
210082,CVE-2026-58534,8.8
210082,CVE-2026-54121,8.8
210082,CVE-2026-50382,8.8
210082,CVE-2026-54107,8.8
210082,CVE-2026-50369,8.8
210082,CVE-2026-49184,8.4
210082,CVE-2026-54128,8.4
210082,CVE-2026-54122,8.4
210082,CVE-2026-54992,8.4
210082,CVE-2026-50680,8.2
210082,CVE-2026-50429,8.2
210082,CVE-2026-50694,8.1
210082,CVE-2026-50460,8.1
210082,CVE-2026-54995,8.1
210082,CVE-2026-50439,8.1
210082,CVE-2026-50686,8.1
210082,CVE-2026-42900,8.1
210082,CVE-2026-56186,8.1
210082,CVE-2026-49164,8.1
210082,CVE-2026-42975,8.0
210082,CVE-2026-50365,8.0
210082,CVE-2026-50502,8.0
210082,CVE-2026-50683,8.0
210082,CVE-2026-40400,8.0
210082,CVE-2026-42982,7.8
210082,CVE-2026-49796,7.8
210082,CVE-2026-58530,7.8
210082,CVE-2026-49793,7.8
210082,CVE-2026-49800,7.8
210082,CVE-2026-49176,7.8
210082,CVE-2026-49797,7.8
210082,CVE-2026-49170,7.8
210082,CVE-2026-49175,7.8
210082,CVE-2026-49783,7.8
210082,CVE-2026-57091,7.8
210082,CVE-2026-56182,7.8
210082,CVE-2026-56176,7.8
210082,CVE-2026-56175,7.8
210082,CVE-2026-56644,7.8
210082,CVE-2026-57096,7.8
210082,CVE-2026-56643,7.8
210082,CVE-2026-56155,7.8
210082,CVE-2026-56650,7.8
210082,CVE-2026-56189,7.8
210082,CVE-2026-49792,7.8
210082,CVE-2026-50655,7.8
210082,CVE-2026-50461,7.8
210082,CVE-2026-50417,7.8
210082,CVE-2026-50478,7.8
210082,CVE-2026-50479,7.8
210082,CVE-2026-50351,7.8
210082,CVE-2026-50313,7.8
210082,CVE-2026-50484,7.8
210082,CVE-2026-50498,7.8
210082,CVE-2026-50387,7.8
210082,CVE-2026-50423,7.8
210082,CVE-2026-50333,7.8
210082,CVE-2026-50399,7.8
210082,CVE-2026-50469,7.8
210082,CVE-2026-55004,7.8
210082,CVE-2026-57088,7.8
210082,CVE-2026-55001,7.8
210082,CVE-2026-50306,7.8
210082,CVE-2026-50362,7.8
210082,CVE-2026-50441,7.8
210082,CVE-2026-50308,7.8
210082,CVE-2026-50402,7.8
210082,CVE-2026-50421,7.8
210082,CVE-2026-50391,7.8
210082,CVE-2026-50405,7.8
210082,CVE-2026-50422,7.8
210082,CVE-2026-50400,7.8
210082,CVE-2026-50494,7.8
210082,CVE-2026-50673,7.8
210082,CVE-2026-50309,7.8
210082,CVE-2026-50697,7.8
210082,CVE-2026-50435,7.8
210082,CVE-2026-50471,7.8
210082,CVE-2026-50407,7.8
210082,CVE-2026-50344,7.8
210082,CVE-2026-50688,7.8
210082,CVE-2026-50332,7.8
210082,CVE-2026-50476,7.8
210082,CVE-2026-50448,7.8
210082,CVE-2026-50386,7.8
210082,CVE-2026-50388,7.8
210082,CVE-2026-50357,7.8
210082,CVE-2026-50367,7.8
210082,CVE-2026-50347,7.8
210082,CVE-2026-50378,7.8
210082,CVE-2026-50433,7.8
210082,CVE-2026-50318,7.8
210082,CVE-2026-50337,7.8
210082,CVE-2026-50346,7.8
210082,CVE-2026-50321,7.8
210082,CVE-2026-50311,7.8
210082,CVE-2026-50363,7.8
210082,CVE-2026-50493,7.8
210082,CVE-2026-50343,7.8
210082,CVE-2026-54114,7.8
210082,CVE-2026-54125,7.8
210082,CVE-2026-54124,7.8
210082,CVE-2026-50499,7.8
210082,CVE-2026-50689,7.8
210082,CVE-2026-50412,7.8
210082,CVE-2026-50462,7.8
210082,CVE-2026-50335,7.8
210082,CVE-2026-50667,7.8
210082,CVE-2026-50373,7.8
210082,CVE-2026-50331,7.8
210082,CVE-2026-50450,7.8
210082,CVE-2026-50329,7.8
210082,CVE-2026-54993,7.8
210082,CVE-2026-54987,7.8
210082,CVE-2026-54986,7.8
210082,CVE-2026-58613,7.8
210082,CVE-2026-54109,7.8
210082,CVE-2026-54112,7.8
210082,CVE-2026-54115,7.8
210082,CVE-2026-58540,7.8
210082,CVE-2026-58527,7.8
210082,CVE-2026-58628,7.8
210082,CVE-2026-58601,7.8
210082,CVE-2026-58538,7.8
210082,CVE-2026-58635,7.8
210082,CVE-2026-58609,7.8
210082,CVE-2026-58541,7.8
210082,CVE-2026-58536,7.8
210082,CVE-2026-58610,7.8
210082,CVE-2026-58532,7.8
210082,CVE-2026-58632,7.8
210082,CVE-2026-58531,7.5
210082,CVE-2026-58627,7.5
210082,CVE-2026-50304,7.5
210082,CVE-2026-54983,7.5
210082,CVE-2026-54119,7.5
210082,CVE-2026-49787,7.5
210082,CVE-2026-50470,7.5
210082,CVE-2026-50463,7.5
210082,CVE-2026-40378,7.5
210082,CVE-2026-50685,7.5
210082,CVE-2026-50368,7.5
210082,CVE-2026-50696,7.5
210082,CVE-2026-50500,7.5
210082,CVE-2026-49181,7.5
210082,CVE-2026-49171,7.5
210082,CVE-2026-49788,7.5
210082,CVE-2026-57089,7.5
210082,CVE-2026-56648,7.5
210082,CVE-2026-50647,7.5
210082,CVE-2026-50496,7.5
210082,CVE-2026-50505,7.5
210082,CVE-2026-50328,7.5
210082,CVE-2026-50355,7.5
210082,CVE-2026-50695,7.5
210082,CVE-2026-50411,7.5
210082,CVE-2026-50330,7.5
210082,CVE-2026-54127,7.4
210082,CVE-2026-49790,7.3
210082,CVE-2026-50482,7.3
210082,CVE-2026-49789,7.3
210082,CVE-2026-58640,7.3
210082,CVE-2026-50354,7.1
210082,CVE-2026-50451,7.1
210082,CVE-2026-55144,7.1
210082,CVE-2026-49791,7.1
210082,CVE-2026-49165,7.1
210082,CVE-2026-50682,7.1
210082,CVE-2026-50348,7.0
210082,CVE-2026-50452,7.0
210082,CVE-2026-50390,7.0
210082,CVE-2026-49183,7.0
210082,CVE-2026-50297,7.0
210082,CVE-2026-49803,7.0
210082,CVE-2026-49784,7.0
210082,CVE-2026-50672,7.0
210082,CVE-2026-50371,7.0
210082,CVE-2026-50307,7.0
210082,CVE-2026-50491,7.0
210082,CVE-2026-50358,7.0
210082,CVE-2026-50372,7.0
210082,CVE-2026-50296,7.0
210082,CVE-2026-50449,7.0
210082,CVE-2026-50325,7.0
210082,CVE-2026-58637,7.0
210082,CVE-2026-58619,7.0
210082,CVE-2026-50410,7.0
210082,CVE-2026-58629,7.0
210082,CVE-2026-58526,7.0
210082,CVE-2026-54129,7.0
210082,CVE-2026-54989,7.0
210082,CVE-2026-49805,7.0
210082,CVE-2026-56173,7.0
210082,CVE-2026-57093,7.0
210082,CVE-2026-50384,7.0
210082,CVE-2026-50669,7.0
210082,CVE-2026-50490,7.0
210082,CVE-2026-50356,7.0
210082,CVE-2026-50397,7.0
210082,CVE-2026-50359,7.0
210082,CVE-2026-50459,7.0
210082,CVE-2026-50426,6.8
210082,CVE-2026-50298,6.8
210082,CVE-2026-58528,6.8
210082,CVE-2026-49168,6.8
210082,CVE-2026-50299,6.8
210082,CVE-2026-50492,6.8
210082,CVE-2026-50668,6.8
210082,CVE-2026-49804,6.6
210082,CVE-2026-49799,6.5
210082,CVE-2026-34348,6.5
210082,CVE-2026-54126,6.5
210082,CVE-2026-58533,6.5
210082,CVE-2026-58535,6.5
210082,CVE-2026-56168,6.5
210082,CVE-2026-57976,6.5
210082,CVE-2026-57979,6.5
210082,CVE-2026-57982,6.5
210082,CVE-2026-50497,6.5
210082,CVE-2026-55003,6.5
210082,CVE-2026-50504,6.5
210082,CVE-2026-58546,6.5
210082,CVE-2026-50366,6.5
210082,CVE-2026-50376,6.5
210082,CVE-2026-58539,6.5
210082,CVE-2026-50445,6.5
210082,CVE-2026-57097,6.4
210082,CVE-2026-50374,6.3
210082,CVE-2026-50375,6.3
210082,CVE-2026-49807,6.2
210082,CVE-2026-50294,6.2
210082,CVE-2026-57095,6.2
210082,CVE-2026-49174,6.1
210082,CVE-2026-50453,6.1
210082,CVE-2026-50661,6.1
210082,CVE-2026-50495,6.1
210082,CVE-2026-50383,6.1
210082,CVE-2026-58638,6.0
210082,CVE-2026-50324,5.9
210082,CVE-2026-56649,5.9
210082,CVE-2026-58547,5.5
210082,CVE-2026-58614,5.5
210082,CVE-2026-58545,5.5
210082,CVE-2026-49801,5.5
210082,CVE-2026-34346,5.5
210082,CVE-2026-50377,5.5
210082,CVE-2026-50352,5.5
210082,CVE-2026-34328,5.5
210082,CVE-2026-54997,5.5
210082,CVE-2026-34349,5.5
210082,CVE-2026-50341,5.5
210082,CVE-2026-50455,5.5
210082,CVE-2026-50334,5.5
210082,CVE-2026-50316,5.5
210082,CVE-2026-50389,5.5
210082,CVE-2026-50381,5.5
210082,CVE-2026-50300,5.5
210082,CVE-2026-50437,5.5
210082,CVE-2026-50475,5.5
210082,CVE-2026-50442,5.5
210082,CVE-2026-50409,5.5
210082,CVE-2026-57083,5.5
210082,CVE-2026-49180,5.5
210082,CVE-2026-50473,5.5
210082,CVE-2026-33842,5.5
210082,CVE-2026-41087,5.5
210082,CVE-2026-40422,5.5
210082,CVE-2026-50434,5.5
210082,CVE-2026-50430,5.5
210082,CVE-2026-50339,5.5
210082,CVE-2026-50303,5.5
210082,CVE-2026-50431,5.5
210082,CVE-2026-50681,5.5
210082,CVE-2026-50401,5.5
210082,CVE-2026-50690,5.5
210082,CVE-2026-57085,5.5
210082,CVE-2026-50456,5.5
210082,CVE-2026-49177,5.5
210082,CVE-2026-57084,5.5
210082,CVE-2026-56184,5.5
210082,CVE-2026-50394,5.5
210082,CVE-2026-44806,5.3
210082,CVE-2026-50432,5.3
210082,CVE-2026-50415,5.3
210082,CVE-2026-50418,5.1
210082,CVE-2026-50684,4.8
210082,CVE-2026-49167,4.7
210082,CVE-2026-50312,4.7
210082,CVE-2026-50310,4.7
210082,CVE-2026-49794,4.6
210082,CVE-2026-50485,4.5
210082,CVE-2026-50302,4.2
210082,CVE-2026-50419,3.3
210083,CVE-2026-65791,9.8
210083,CVE-2026-62878,9.8
210083,CVE-2026-62893,9.8
210083,CVE-2026-62815,9.8
210083,CVE-2026-62822,8.8
210083,CVE-2026-62818,8.8
210083,CVE-2026-62816,8.8
210083,CVE-2026-62785,8.8
210083,CVE-2026-62784,8.8
210083,CVE-2026-62790,8.8
210083,CVE-2026-62817,8.8
210083,CVE-2026-62795,8.8
210083,CVE-2026-62800,8.8
210083,CVE-2026-62823,8.8
210083,CVE-2026-49179,8.8
210083,CVE-2026-71331,8.1
210083,CVE-2026-65679,8.1
210083,CVE-2026-65796,8.1
210083,CVE-2026-62819,8.1
210083,CVE-2026-62820,8.1
210083,CVE-2026-62778,8.1
210083,CVE-2026-66802,8.1
210083,CVE-2026-62792,8.1
210083,CVE-2026-62889,8.1
210083,CVE-2026-65789,8.1
210083,CVE-2026-62781,8.1
210083,CVE-2026-62700,7.8
210083,CVE-2026-62695,7.8
210083,CVE-2026-65672,7.8
210083,CVE-2026-65774,7.8
210083,CVE-2026-65775,7.8
210083,CVE-2026-65671,7.8
210083,CVE-2026-65773,7.8
210083,CVE-2026-62811,7.8
210083,CVE-2026-62880,7.8
210083,CVE-2026-62732,7.8
210083,CVE-2026-62876,7.8
210083,CVE-2026-62807,7.8
210083,CVE-2026-62777,7.8
210083,CVE-2026-62717,7.8
210083,CVE-2026-62752,7.8
210083,CVE-2026-62712,7.8
210083,CVE-2026-62888,7.8
210083,CVE-2026-62758,7.8
210083,CVE-2026-62741,7.8
210083,CVE-2026-62739,7.8
210083,CVE-2026-62776,7.8
210083,CVE-2026-62721,7.8
210083,CVE-2026-62832,7.8
210083,CVE-2026-62890,7.8
210083,CVE-2026-65790,7.8
210083,CVE-2026-65814,7.8
210083,CVE-2026-62711,7.8
210083,CVE-2026-62701,7.8
210083,CVE-2026-62768,7.8
210083,CVE-2026-62812,7.8
210083,CVE-2026-62713,7.8
210083,CVE-2026-62754,7.8
210083,CVE-2026-62761,7.8
210083,CVE-2026-62751,7.8
210083,CVE-2026-62783,7.8
210083,CVE-2026-62877,7.8
210083,CVE-2026-65787,7.8
210083,CVE-2026-65786,7.8
210083,CVE-2026-56174,7.8
210083,CVE-2026-62733,7.8
210083,CVE-2026-61359,7.8
210083,CVE-2026-61367,7.8
210083,CVE-2026-66799,7.8
210083,CVE-2026-42976,7.8
210083,CVE-2026-61923,7.8
210083,CVE-2026-61364,7.8
210083,CVE-2026-61365,7.8
210083,CVE-2026-70347,7.8
210083,CVE-2026-70344,7.8
210083,CVE-2026-54984,7.8
210083,CVE-2026-70345,7.8
210083,CVE-2026-61937,7.8
210083,CVE-2026-70346,7.8
210083,CVE-2026-61932,7.8
210083,CVE-2026-61930,7.8
210083,CVE-2026-61925,7.8
210083,CVE-2026-59127,7.8
210083,CVE-2026-61358,7.8
210083,CVE-2026-61355,7.8
210083,CVE-2026-61926,7.8
210083,CVE-2026-61353,7.8
210083,CVE-2026-61356,7.8
210083,CVE-2026-62707,7.8
210083,CVE-2026-62710,7.8
210083,CVE-2026-62719,7.8
210083,CVE-2026-62894,7.8
210083,CVE-2026-62698,7.8
210083,CVE-2026-62885,7.8
210083,CVE-2026-62692,7.8
210083,CVE-2026-62735,7.8
210083,CVE-2026-62797,7.8
210083,CVE-2026-62747,7.8
210083,CVE-2026-62770,7.8
210083,CVE-2026-62755,7.8
210083,CVE-2026-62771,7.8
210083,CVE-2026-62803,7.8
210083,CVE-2026-62696,7.8
210083,CVE-2026-61349,7.8
210083,CVE-2026-65681,7.5
210083,CVE-2026-54113,7.5
210083,CVE-2026-61352,7.5
210083,CVE-2026-59134,7.5
210083,CVE-2026-61363,7.5
210083,CVE-2026-59132,7.5
210083,CVE-2026-62787,7.5
210083,CVE-2026-70307,7.0
210083,CVE-2026-61346,7.0
210083,CVE-2026-62908,7.0
210083,CVE-2026-68820,7.0
210083,CVE-2026-62734,7.0
210083,CVE-2026-62690,7.0
210083,CVE-2026-65678,7.0
210083,CVE-2026-62892,7.0
210083,CVE-2026-59122,7.0
210083,CVE-2026-59125,7.0
210083,CVE-2026-50472,7.0
210083,CVE-2026-59126,7.0
210083,CVE-2026-61939,7.0
210083,CVE-2026-62723,7.0
210083,CVE-2026-62753,7.0
210083,CVE-2026-62748,7.0
210083,CVE-2026-62728,7.0
210083,CVE-2026-62727,7.0
210083,CVE-2026-62726,7.0
210083,CVE-2026-62729,7.0
210083,CVE-2026-62724,7.0
210083,CVE-2026-62725,7.0
210083,CVE-2026-62774,7.0
210083,CVE-2026-62773,7.0
210083,CVE-2026-61348,7.0
210083,CVE-2026-61366,7.0
210083,CVE-2026-62702,6.8
210083,CVE-2026-62699,6.8
210083,CVE-2026-70330,6.7
210083,CVE-2026-65798,6.7
210083,CVE-2026-65797,6.7
210083,CVE-2026-62769,6.7
210083,CVE-2026-65799,6.7
210083,CVE-2026-65795,6.7
210083,CVE-2026-62883,6.7
210083,CVE-2026-70304,6.7
210083,CVE-2026-62881,6.7
210083,CVE-2026-61920,6.6
210083,CVE-2026-61345,6.5
210083,CVE-2026-62720,6.5
210083,CVE-2026-62750,6.5
210083,CVE-2026-62714,6.5
210083,CVE-2026-65794,6.5
210083,CVE-2026-61924,6.5
210083,CVE-2026-61921,6.5
210083,CVE-2026-61918,6.5
210083,CVE-2026-62715,6.5
210083,CVE-2026-62718,6.5
210083,CVE-2026-62814,6.5
210083,CVE-2026-62716,6.5
210083,CVE-2026-62745,6.5
210083,CVE-2026-62782,6.5
210083,CVE-2026-62742,6.5
210083,CVE-2026-59138,6.5
210083,CVE-2026-68819,5.9
210083,CVE-2026-59130,5.6
210083,CVE-2026-59131,5.6
210083,CVE-2026-65662,5.5
210083,CVE-2026-61928,5.5
210083,CVE-2026-62796,5.5
210083,CVE-2026-62743,5.5
210083,CVE-2026-62887,5.5
210083,CVE-2026-65784,5.5
210083,CVE-2026-62709,5.5
210083,CVE-2026-62793,5.5
210083,CVE-2026-62786,5.5
210083,CVE-2026-61936,5.5
210083,CVE-2026-62740,5.5
210083,CVE-2026-62738,5.5
210083,CVE-2026-62703,5.5
210083,CVE-2026-62746,5.5
210083,CVE-2026-62730,5.5
210083,CVE-2026-59128,5.5
210083,CVE-2026-59137,5.5
210083,CVE-2026-61360,5.5
210083,CVE-2026-61347,5.5
210083,CVE-2026-59135,5.5
210083,CVE-2026-59136,5.5
210083,CVE-2026-65777,5.3
210083,CVE-2026-62757,5.3
210083,CVE-2026-61368,5.0
210083,CVE-2026-61350,4.6
210084,CVE-2026-73009,9.8
210084,CVE-2026-73010,9.8
210084,CVE-2026-73025,9.8
210084,CVE-2026-68839,9.8
210084,CVE-2026-69730,9.8
210084,CVE-2026-69595,9.8
210084,CVE-2026-77493,9.8
210084,CVE-2026-69525,9.8
210084,CVE-2026-69496,9.8
210084,CVE-2026-78445,9.8
210084,CVE-2026-69829,9.8
210084,CVE-2026-69491,9.8
210084,CVE-2026-69715,9.8
210084,CVE-2026-70296,9.8
210084,CVE-2026-69579,9.8
210084,CVE-2026-69819,9.8
210084,CVE-2026-69824,9.8
210084,CVE-2026-69845,9.8
210084,CVE-2026-69463,9.8
210084,CVE-2026-69493,9.8
210084,CVE-2026-72982,9.8
210084,CVE-2026-69769,9.8
210084,CVE-2026-69590,9.8
210084,CVE-2026-69768,9.8
210084,CVE-2026-69408,9.8
210084,CVE-2026-72979,9.8
210084,CVE-2026-69586,9.8
210084,CVE-2026-72983,9.8
210084,CVE-2026-69910,9.8
210084,CVE-2026-69431,9.8
210084,CVE-2026-69276,9.8
210084,CVE-2026-69495,8.8
210084,CVE-2026-69511,8.8
210084,CVE-2026-69434,8.8
210084,CVE-2026-69499,8.8
210084,CVE-2026-69628,8.8
210084,CVE-2026-69601,8.8
210084,CVE-2026-77504,8.8
210084,CVE-2026-69518,8.8
210084,CVE-2026-73018,8.8
210084,CVE-2026-71352,8.8
210084,CVE-2026-80096,8.8
210084,CVE-2026-73013,8.8
210084,CVE-2026-69598,8.8
210084,CVE-2026-69494,8.8
210084,CVE-2026-69551,8.8
210084,CVE-2026-69291,8.8
210084,CVE-2026-80083,8.8
210084,CVE-2026-73016,8.8
210084,CVE-2026-83996,8.8
210084,CVE-2026-73012,8.8
210084,CVE-2026-73006,8.8
210084,CVE-2026-69360,8.8
210084,CVE-2026-71336,8.8
210084,CVE-2026-77495,8.8
210084,CVE-2026-83992,8.8
210084,CVE-2026-81955,8.8
210084,CVE-2026-83998,8.8
210084,CVE-2026-73023,8.8
210084,CVE-2026-68828,8.8
210084,CVE-2026-69712,8.8
210084,CVE-2026-72950,8.8
210084,CVE-2026-69334,8.8
210084,CVE-2026-72940,8.8
210084,CVE-2026-69547,8.8
210084,CVE-2026-70203,8.8
210084,CVE-2026-69772,8.8
210084,CVE-2026-72960,8.8
210084,CVE-2026-62706,8.8
210084,CVE-2026-69386,8.8
210084,CVE-2026-69603,8.8
210084,CVE-2026-69669,8.8
210084,CVE-2026-69676,8.8
210084,CVE-2026-69461,8.8
210084,CVE-2026-72959,8.8
210084,CVE-2026-72986,8.8
210084,CVE-2026-69266,8.8
210084,CVE-2026-70586,8.8
210084,CVE-2026-69860,8.8
210084,CVE-2026-72933,8.8
210084,CVE-2026-69485,8.8
210084,CVE-2026-77503,8.4
210084,CVE-2026-69638,8.4
210084,CVE-2026-69479,8.4
210084,CVE-2026-69906,8.2
210084,CVE-2026-72962,8.2
210084,CVE-2026-72961,8.2
210084,CVE-2026-69846,8.2
210084,CVE-2026-69874,8.2
210084,CVE-2026-69827,8.1
210084,CVE-2026-69782,8.1
210084,CVE-2026-69325,8.1
210084,CVE-2026-78449,8.1
210084,CVE-2026-69680,8.1
210084,CVE-2026-77505,8.1
210084,CVE-2026-78450,8.1
210084,CVE-2026-69530,8.1
210084,CVE-2026-69732,8.1
210084,CVE-2026-70342,8.1
210084,CVE-2026-70563,8.1
210084,CVE-2026-69510,8.1
210084,CVE-2026-78444,8.1
210084,CVE-2026-69620,8.1
210084,CVE-2026-69989,8.1
210084,CVE-2026-72987,8.1
210084,CVE-2026-72981,8.1
210084,CVE-2026-69858,8.1
210084,CVE-2026-69813,8.1
210084,CVE-2026-69786,8.1
210084,CVE-2026-72936,8.1
210084,CVE-2026-69546,8.1
210084,CVE-2026-69438,8.1
210084,CVE-2026-83997,8.1
210084,CVE-2026-69524,8.1
210084,CVE-2026-69689,8.0
210084,CVE-2026-69826,8.0
210084,CVE-2026-69717,8.0
210084,CVE-2026-69681,8.0
210084,CVE-2026-69876,8.0
210084,CVE-2026-69505,8.0
210084,CVE-2026-69727,8.0
210084,CVE-2026-69462,8.0
210084,CVE-2026-69365,8.0
210084,CVE-2026-69458,8.0
210084,CVE-2026-69714,8.0
210084,CVE-2026-69625,8.0
210084,CVE-2026-69875,8.0
210084,CVE-2026-69623,8.0
210084,CVE-2026-69418,8.0
210084,CVE-2026-69271,8.0
210084,CVE-2026-69807,8.0
210084,CVE-2026-69332,8.0
210084,CVE-2026-69762,8.0
210084,CVE-2026-69643,8.0
210084,CVE-2026-69322,8.0
210084,CVE-2026-69346,8.0
210084,CVE-2026-69427,8.0
210084,CVE-2026-68894,8.0
210084,CVE-2026-68834,8.0
210084,CVE-2026-68878,8.0
210084,CVE-2026-68827,8.0
210084,CVE-2026-68880,8.0
210084,CVE-2026-69847,8.0
210084,CVE-2026-68838,8.0
210084,CVE-2026-68876,8.0
210084,CVE-2026-69481,8.0
210084,CVE-2026-69301,8.0
210084,CVE-2026-69619,8.0
210084,CVE-2026-69412,8.0
210084,CVE-2026-69371,8.0
210084,CVE-2026-69773,8.0
210084,CVE-2026-69512,8.0
210084,CVE-2026-69503,8.0
210084,CVE-2026-69423,8.0
210084,CVE-2026-69444,7.8
210084,CVE-2026-69709,7.8
210084,CVE-2026-69265,7.8
210084,CVE-2026-69785,7.8
210084,CVE-2026-73014,7.8
210084,CVE-2026-56172,7.8
210084,CVE-2026-56177,7.8
210084,CVE-2026-83977,7.8
210084,CVE-2026-83972,7.8
210084,CVE-2026-83955,7.8
210084,CVE-2026-83983,7.8
210084,CVE-2026-83967,7.8
210084,CVE-2026-73007,7.8
210084,CVE-2026-73020,7.8
210084,CVE-2026-69389,7.8
210084,CVE-2026-73024,7.8
210084,CVE-2026-73000,7.8
210084,CVE-2026-69436,7.8
210084,CVE-2026-69534,7.8
210084,CVE-2026-69283,7.8
210084,CVE-2026-69509,7.8
210084,CVE-2026-69608,7.8
210084,CVE-2026-69298,7.8
210084,CVE-2026-71345,7.8
210084,CVE-2026-83954,7.8
210084,CVE-2026-83980,7.8
210084,CVE-2026-83987,7.8
210084,CVE-2026-83981,7.8
210084,CVE-2026-83976,7.8
210084,CVE-2026-83974,7.8
210084,CVE-2026-83978,7.8
210084,CVE-2026-83968,7.8
210084,CVE-2026-69790,7.8
210084,CVE-2026-83975,7.8
210084,CVE-2026-83988,7.8
210084,CVE-2026-71334,7.8
210084,CVE-2026-71337,7.8
210084,CVE-2026-73002,7.8
210084,CVE-2026-73026,7.8
210084,CVE-2026-72957,7.8
210084,CVE-2026-69270,7.8
210084,CVE-2026-69593,7.8
210084,CVE-2026-69420,7.8
210084,CVE-2026-72967,7.8
210084,CVE-2026-72993,7.8
210084,CVE-2026-72992,7.8
210084,CVE-2026-72990,7.8
210084,CVE-2026-72995,7.8
210084,CVE-2026-72941,7.8
210084,CVE-2026-70583,7.8
210084,CVE-2026-72994,7.8
210084,CVE-2026-69293,7.8
210084,CVE-2026-62697,7.8
210084,CVE-2026-72997,7.8
210084,CVE-2026-69787,7.8
210084,CVE-2026-83985,7.8
210084,CVE-2026-83970,7.8
210084,CVE-2026-83971,7.8
210084,CVE-2026-69538,7.8
210084,CVE-2026-69391,7.8
210084,CVE-2026-69269,7.8
210084,CVE-2026-84000,7.8
210084,CVE-2026-62810,7.8
210084,CVE-2026-83990,7.8
210084,CVE-2026-83995,7.8
210084,CVE-2026-83973,7.8
210084,CVE-2026-69584,7.8
210084,CVE-2026-69592,7.8
210084,CVE-2026-69576,7.8
210084,CVE-2026-69582,7.8
210084,CVE-2026-69475,7.8
210084,CVE-2026-72965,7.8
210084,CVE-2026-72944,7.8
210084,CVE-2026-70581,7.8
210084,CVE-2026-69323,7.8
210084,CVE-2026-69277,7.8
210084,CVE-2026-69478,7.8
210084,CVE-2026-69295,7.8
210084,CVE-2026-69571,7.8
210084,CVE-2026-69432,7.8
210084,CVE-2026-69513,7.8
210084,CVE-2026-69583,7.8
210084,CVE-2026-69921,7.8
210084,CVE-2026-70574,7.8
210084,CVE-2026-70569,7.8
210084,CVE-2026-70564,7.8
210084,CVE-2026-70289,7.8
210084,CVE-2026-69421,7.8
210084,CVE-2026-69532,7.8
210084,CVE-2026-69307,7.8
210084,CVE-2026-69480,7.8
210084,CVE-2026-69731,7.8
210084,CVE-2026-69685,7.8
210084,CVE-2026-69612,7.8
210084,CVE-2026-69561,7.8
210084,CVE-2026-72953,7.8
210084,CVE-2026-72996,7.8
210084,CVE-2026-69535,7.8
210084,CVE-2026-72991,7.8
210084,CVE-2026-69368,7.8
210084,CVE-2026-69738,7.8
210084,CVE-2026-72988,7.8
210084,CVE-2026-69377,7.8
210084,CVE-2026-69707,7.8
210084,CVE-2026-69821,7.8
210084,CVE-2026-69456,7.8
210084,CVE-2026-69324,7.8
210084,CVE-2026-69476,7.8
210084,CVE-2026-69589,7.8
210084,CVE-2026-69312,7.8
210084,CVE-2026-69459,7.8
210084,CVE-2026-69604,7.8
210084,CVE-2026-69691,7.8
210084,CVE-2026-70572,7.8
210084,CVE-2026-69328,7.8
210084,CVE-2026-70584,7.8
210084,CVE-2026-69407,7.8
210084,CVE-2026-69450,7.8
210084,CVE-2026-69424,7.8
210084,CVE-2026-69284,7.8
210084,CVE-2026-69758,7.8
210084,CVE-2026-69455,7.8
210084,CVE-2026-69289,7.8
210084,CVE-2026-78447,7.8
210084,CVE-2026-80075,7.8
210084,CVE-2026-78448,7.8
210084,CVE-2026-69801,7.8
210084,CVE-2026-85880,7.8
210084,CVE-2026-69290,7.8
210084,CVE-2026-69352,7.8
210084,CVE-2026-69822,7.8
210084,CVE-2026-69426,7.8
210084,CVE-2026-69489,7.8
210084,CVE-2026-69359,7.8
210084,CVE-2026-69687,7.8
210084,CVE-2026-69844,7.8
210084,CVE-2026-69445,7.8
210084,CVE-2026-69433,7.8
210084,CVE-2026-69580,7.8
210084,CVE-2026-77904,7.8
210084,CVE-2026-77489,7.8
210084,CVE-2026-69907,7.8
210084,CVE-2026-69841,7.8
210084,CVE-2026-69585,7.8
210084,CVE-2026-69541,7.8
210084,CVE-2026-68848,7.8
210084,CVE-2026-68844,7.8
210084,CVE-2026-68892,7.8
210084,CVE-2026-68877,7.8
210084,CVE-2026-68845,7.8
210084,CVE-2026-71343,7.8
210084,CVE-2026-68890,7.8
210084,CVE-2026-68896,7.8
210084,CVE-2026-68885,7.8
210084,CVE-2026-68888,7.8
210084,CVE-2026-68832,7.8
210084,CVE-2026-68875,7.8
210084,CVE-2026-83979,7.8
210084,CVE-2026-83982,7.8
210084,CVE-2026-83969,7.8
210084,CVE-2026-83942,7.8
210084,CVE-2026-73021,7.8
210084,CVE-2026-73015,7.8
210084,CVE-2026-68841,7.8
210084,CVE-2026-73011,7.8
210084,CVE-2026-73001,7.8
210084,CVE-2026-83986,7.8
210084,CVE-2026-69443,7.5
210084,CVE-2026-69760,7.5
210084,CVE-2026-77498,7.5
210084,CVE-2026-69342,7.5
210084,CVE-2026-77889,7.5
210084,CVE-2026-77501,7.5
210084,CVE-2026-77890,7.5
210084,CVE-2026-77886,7.5
210084,CVE-2026-77502,7.5
210084,CVE-2026-70065,7.5
210084,CVE-2026-69429,7.5
210084,CVE-2026-70587,7.5
210084,CVE-2026-69881,7.5
210084,CVE-2026-70570,7.5
210084,CVE-2026-77888,7.5
210084,CVE-2026-77893,7.5
210084,CVE-2026-77499,7.5
210084,CVE-2026-77895,7.5
210084,CVE-2026-69539,7.5
210084,CVE-2026-69588,7.5
210084,CVE-2026-69852,7.5
210084,CVE-2026-69587,7.5
210084,CVE-2026-73017,7.5
210084,CVE-2026-72932,7.5
210084,CVE-2026-62759,7.5
210084,CVE-2026-69607,7.5
210084,CVE-2026-72954,7.5
210084,CVE-2026-69890,7.5
210084,CVE-2026-72949,7.5
210084,CVE-2026-69329,7.5
210084,CVE-2026-69514,7.5
210084,CVE-2026-72989,7.5
210084,CVE-2026-69397,7.5
210084,CVE-2026-62813,7.5
210084,CVE-2026-69809,7.5
210084,CVE-2026-72943,7.5
210084,CVE-2026-69631,7.5
210084,CVE-2026-69428,7.5
210084,CVE-2026-81355,7.5
210084,CVE-2026-84001,7.5
210084,CVE-2026-69793,7.5
210084,CVE-2026-83989,7.5
210084,CVE-2026-77494,7.5
210084,CVE-2026-68887,7.5
210084,CVE-2026-71330,7.5
210084,CVE-2026-69347,7.4
210084,CVE-2026-69706,7.1
210084,CVE-2026-69366,7.1
210084,CVE-2026-69602,7.1
210084,CVE-2026-69272,7.1
210084,CVE-2026-69451,7.1
210084,CVE-2026-69761,7.1
210084,CVE-2026-69757,7.1
210084,CVE-2026-69336,7.1
210084,CVE-2026-69364,7.1
210084,CVE-2026-69338,7.1
210084,CVE-2026-69358,7.1
210084,CVE-2026-69384,7.1
210084,CVE-2026-69314,7.1
210084,CVE-2026-69305,7.1
210084,CVE-2026-69296,7.1
210084,CVE-2026-69357,7.1
210084,CVE-2026-69340,7.1
210084,CVE-2026-69688,7.1
210084,CVE-2026-69313,7.1
210084,CVE-2026-68893,7.1
210084,CVE-2026-68835,7.1
210084,CVE-2026-69482,7.1
210084,CVE-2026-69460,7.1
210084,CVE-2026-69274,7.1
210084,CVE-2026-69337,7.1
210084,CVE-2026-69553,7.1
210084,CVE-2026-69396,7.1
210084,CVE-2026-68889,7.1
210084,CVE-2026-68846,7.1
210084,CVE-2026-69279,7.0
210084,CVE-2026-71342,7.0
210084,CVE-2026-70283,7.0
210084,CVE-2026-70562,7.0
210084,CVE-2026-70568,7.0
210084,CVE-2026-69492,7.0
210084,CVE-2026-69575,7.0
210084,CVE-2026-73022,7.0
210084,CVE-2026-68897,7.0
210084,CVE-2026-69834,7.0
210084,CVE-2026-69779,7.0
210084,CVE-2026-70565,7.0
210084,CVE-2026-70585,7.0
210084,CVE-2026-69394,7.0
210084,CVE-2026-69516,7.0
210084,CVE-2026-69866,7.0
210084,CVE-2026-69581,7.0
210084,CVE-2026-69564,7.0
210084,CVE-2026-69280,7.0
210084,CVE-2026-69693,7.0
210084,CVE-2026-69281,7.0
210084,CVE-2026-69275,7.0
210084,CVE-2026-69468,7.0
210084,CVE-2026-69388,7.0
210084,CVE-2026-69708,7.0
210084,CVE-2026-69335,7.0
210084,CVE-2026-69385,7.0
210084,CVE-2026-69652,7.0
210084,CVE-2026-69838,7.0
210084,CVE-2026-70573,7.0
210084,CVE-2026-80093,7.0
210084,CVE-2026-78457,7.0
210084,CVE-2026-69517,7.0
210084,CVE-2026-69473,7.0
210084,CVE-2026-69574,7.0
210084,CVE-2026-77894,7.0
210084,CVE-2026-85360,7.0
210084,CVE-2026-69573,7.0
210084,CVE-2026-69310,7.0
210084,CVE-2026-69404,7.0
210084,CVE-2026-69299,7.0
210084,CVE-2026-69362,7.0
210084,CVE-2026-69791,7.0
210084,CVE-2026-69605,7.0
210084,CVE-2026-69549,7.0
210084,CVE-2026-69331,7.0
210084,CVE-2026-69648,7.0
210084,CVE-2026-69309,7.0
210084,CVE-2026-69311,7.0
210084,CVE-2026-69567,7.0
210084,CVE-2026-69472,7.0
210084,CVE-2026-69341,7.0
210084,CVE-2026-69466,7.0
210084,CVE-2026-69613,7.0
210084,CVE-2026-69448,7.0
210084,CVE-2026-69488,7.0
210084,CVE-2026-69398,7.0
210084,CVE-2026-69859,7.0
210084,CVE-2026-69682,7.0
210084,CVE-2026-69611,7.0
210084,CVE-2026-69889,7.0
210084,CVE-2026-69630,7.0
210084,CVE-2026-68840,7.0
210084,CVE-2026-68824,7.0
210084,CVE-2026-68884,7.0
210084,CVE-2026-68847,7.0
210084,CVE-2026-71351,7.0
210084,CVE-2026-69654,7.0
210084,CVE-2026-77905,7.0
210084,CVE-2026-69413,7.0
210084,CVE-2026-69498,7.0
210084,CVE-2026-72963,7.0
210084,CVE-2026-69292,7.0
210084,CVE-2026-69621,7.0
210084,CVE-2026-69692,7.0
210084,CVE-2026-69319,7.0
210084,CVE-2026-50349,7.0
210084,CVE-2026-70577,7.0
210084,CVE-2026-69816,7.0
210084,CVE-2026-69300,7.0
210084,CVE-2026-69430,7.0
210084,CVE-2026-69563,7.0
210084,CVE-2026-69891,7.0
210084,CVE-2026-72930,7.0
210084,CVE-2026-69540,7.0
210084,CVE-2026-62694,7.0
210084,CVE-2026-69501,7.0
210084,CVE-2026-69610,7.0
210084,CVE-2026-72952,7.0
210084,CVE-2026-72926,7.0
210084,CVE-2026-69817,7.0
210084,CVE-2026-69911,7.0
210084,CVE-2026-69645,7.0
210084,CVE-2026-69441,7.0
210084,CVE-2026-69694,7.0
210084,CVE-2026-69600,7.0
210084,CVE-2026-69578,7.0
210084,CVE-2026-69287,7.0
210084,CVE-2026-69711,7.0
210084,CVE-2026-73003,7.0
210084,CVE-2026-73005,7.0
210084,CVE-2026-83940,7.0
210084,CVE-2026-69470,7.0
210084,CVE-2026-71333,7.0
210084,CVE-2026-71353,7.0
210084,CVE-2026-71332,7.0
210084,CVE-2026-69500,7.0
210084,CVE-2026-78451,6.8
210084,CVE-2026-69415,6.8
210084,CVE-2026-69490,6.8
210084,CVE-2026-77892,6.8
210084,CVE-2026-71349,6.8
210084,CVE-2026-72999,6.8
210084,CVE-2026-71350,6.8
210084,CVE-2026-68833,6.8
210084,CVE-2026-72985,6.8
210084,CVE-2026-69566,6.8
210084,CVE-2026-71329,6.8
210084,CVE-2026-71348,6.8
210084,CVE-2026-72935,6.7
210084,CVE-2026-69373,6.7
210084,CVE-2026-69350,6.7
210084,CVE-2026-69449,6.7
210084,CVE-2026-72927,6.7
210084,CVE-2026-72948,6.7
210084,CVE-2026-71339,6.7
210084,CVE-2026-69469,6.6
210084,CVE-2026-69839,6.5
210084,CVE-2026-68898,6.5
210084,CVE-2026-72942,6.5
210084,CVE-2026-62801,6.5
210084,CVE-2026-77896,6.5
210084,CVE-2026-69297,6.5
210084,CVE-2026-62762,6.5
210084,CVE-2026-72939,6.5
210084,CVE-2026-69374,6.5
210084,CVE-2026-69395,6.5
210084,CVE-2026-69624,6.5
210084,CVE-2026-78453,6.5
210084,CVE-2026-69267,6.5
210084,CVE-2026-69497,6.5
210084,CVE-2026-69878,6.4
210084,CVE-2026-70582,6.4
210084,CVE-2026-77891,6.4
210084,CVE-2026-77887,6.4
210084,CVE-2026-71338,6.4
210084,CVE-2026-70091,5.9
210084,CVE-2026-72978,5.9
210084,CVE-2026-69930,5.9
210084,CVE-2026-69929,5.9
210084,CVE-2026-70124,5.9
210084,CVE-2026-78523,5.9
210084,CVE-2026-69803,5.9
210084,CVE-2026-69569,5.7
210084,CVE-2026-69416,5.7
210084,CVE-2026-69393,5.7
210084,CVE-2026-69679,5.7
210084,CVE-2026-68874,5.7
210084,CVE-2026-69349,5.7
210084,CVE-2026-69723,5.7
210084,CVE-2026-69405,5.7
210084,CVE-2026-69637,5.7
210084,CVE-2026-69552,5.7
210084,CVE-2026-69507,5.7
210084,CVE-2026-69317,5.7
210084,CVE-2026-69572,5.7
210084,CVE-2026-69591,5.7
210084,CVE-2026-69372,5.7
210084,CVE-2026-69832,5.6
210084,CVE-2026-69353,5.5
210084,CVE-2026-69376,5.5
210084,CVE-2026-71341,5.5
210084,CVE-2026-68843,5.5
210084,CVE-2026-73004,5.5
210084,CVE-2026-69406,5.5
210084,CVE-2026-72937,5.5
210084,CVE-2026-72966,5.5
210084,CVE-2026-68831,5.5
210084,CVE-2026-68886,5.5
210084,CVE-2026-68881,5.5
210084,CVE-2026-68830,5.5
210084,CVE-2026-69351,5.5
210084,CVE-2026-77491,5.5
210084,CVE-2026-69531,5.5
210084,CVE-2026-69770,5.5
210084,CVE-2026-69453,5.5
210084,CVE-2026-69294,5.5
210084,CVE-2026-69390,5.5
210084,CVE-2026-69288,5.5
210084,CVE-2026-72945,5.5
210084,CVE-2026-83991,5.5
210084,CVE-2026-69343,5.5
210084,CVE-2026-69794,5.5
210084,CVE-2026-70145,5.5
210084,CVE-2026-69554,5.5
210084,CVE-2026-69303,5.5
210084,CVE-2026-72964,5.5
210084,CVE-2026-68895,5.5
210084,CVE-2026-68852,5.5
210084,CVE-2026-68851,5.5
210084,CVE-2026-73008,5.5
210084,CVE-2026-69315,5.5
210084,CVE-2026-69618,5.5
210084,CVE-2026-69308,5.5
210084,CVE-2026-69504,5.5
210084,CVE-2026-69369,5.5
210084,CVE-2026-69345,5.5
210084,CVE-2026-69318,5.5
210084,CVE-2026-69457,5.5
210084,CVE-2026-69684,5.5
210084,CVE-2026-69286,5.5
210084,CVE-2026-69367,5.5
210084,CVE-2026-69627,5.5
210084,CVE-2026-69527,5.5
210084,CVE-2026-69344,5.5
210084,CVE-2026-77492,5.5
210084,CVE-2026-69403,5.5
210084,CVE-2026-69741,5.5
210084,CVE-2026-69609,5.5
210084,CVE-2026-69568,5.5
210084,CVE-2026-69321,5.5
210084,CVE-2026-70290,5.5
210084,CVE-2026-69616,5.5
210084,CVE-2026-69672,5.5
210084,CVE-2026-69808,5.5
210084,CVE-2026-69674,5.5
210084,CVE-2026-78446,5.3
210084,CVE-2026-70575,5.3
210084,CVE-2026-69474,4.8
210084,CVE-2026-69853,4.7
210084,CVE-2026-69316,4.7
210084,CVE-2026-69792,4.7
210084,CVE-2026-69895,4.7
210084,CVE-2026-68891,4.7
210084,CVE-2026-68849,4.7
210084,CVE-2026-69483,4.7
210084,CVE-2026-72931,4.7
210084,CVE-2026-78508,4.6
210084,CVE-2026-78452,4.6
210084,CVE-2026-69548,4.6
210084,CVE-2026-69381,4.6
210084,CVE-2026-69713,4.4
210084,CVE-2026-72980,4.4
210084,CVE-2026-73019,4.3
210084,CVE-2026-78516,4.3
210085,CVE-2024-30080,9.8
210085,CVE-2024-30078,8.8
210085,CVE-2024-30077,8.0
210085,CVE-2024-30091,7.8
210085,CVE-2024-30086,7.8
210085,CVE-2024-30082,7.8
210085,CVE-2024-30087,7.8
210085,CVE-2024-30095,7.8
210085,CVE-2024-35250,7.8
210085,CVE-2024-30062,7.8
210085,CVE-2024-30094,7.8
210085,CVE-2024-30070,7.5
210085,CVE-2024-30083,7.5
210085,CVE-2024-30093,7.3
210085,CVE-2024-30090,7.0
210085,CVE-2024-30084,7.0
210085,CVE-2024-30063,6.7
210085,CVE-2024-30066,5.5
210085,CVE-2024-30065,5.5
210085,CVE-2024-30067,5.5
210086,CVE-2024-38074,9.8
210086,CVE-2024-38077,9.8
210086,CVE-2024-37973,8.8
210086,CVE-2024-38053,8.8
210086,CVE-2024-38104,8.8
210086,CVE-2024-38060,8.8
210086,CVE-2024-28899,8.8
210086,CVE-2024-37984,8.4
210086,CVE-2024-37975,8.0
210086,CVE-2024-38010,8.0
210086,CVE-2024-37971,8.0
210086,CVE-2024-37986,8.0
210086,CVE-2024-37972,8.0
210086,CVE-2024-38011,8.0
210086,CVE-2024-37988,8.0
210086,CVE-2024-37974,8.0
210086,CVE-2024-37970,8.0
210086,CVE-2024-37969,8.0
210086,CVE-2024-37989,8.0
210086,CVE-2024-37987,8.0
210086,CVE-2024-38050,7.8
210086,CVE-2024-38054,7.8
210086,CVE-2024-38085,7.8
210086,CVE-2024-38034,7.8
210086,CVE-2024-38079,7.8
210086,CVE-2024-30079,7.8
210086,CVE-2024-38052,7.8
210086,CVE-2024-38051,7.8
210086,CVE-2024-38066,7.8
210086,CVE-2024-38057,7.8
210086,CVE-2024-38070,7.8
210086,CVE-2024-38015,7.5
210086,CVE-2024-38071,7.5
210086,CVE-2024-38073,7.5
210086,CVE-2024-38112,7.5
210086,CVE-2024-38031,7.5
210086,CVE-2024-38067,7.5
210086,CVE-2024-30098,7.5
210086,CVE-2024-38061,7.5
210086,CVE-2024-38091,7.5
210086,CVE-2024-38064,7.5
210086,CVE-2024-38068,7.5
210086,CVE-2024-38033,7.3
210086,CVE-2024-38019,7.2
210086,CVE-2024-38044,7.2
210086,CVE-2024-38028,7.2
210086,CVE-2024-38025,7.2
210086,CVE-2024-30081,7.1
210086,CVE-2024-38022,7.0
210086,CVE-2024-38065,6.8
210086,CVE-2024-38058,6.8
210086,CVE-2024-38013,6.7
210086,CVE-2024-38049,6.6
210086,CVE-2024-38027,6.5
210086,CVE-2024-38048,6.5
210086,CVE-2024-38030,6.5
210086,CVE-2024-38105,6.5
210086,CVE-2024-38102,6.5
210086,CVE-2024-38101,6.5
210086,CVE-2024-38099,5.9
210086,CVE-2024-38056,5.5
210086,CVE-2024-38017,5.5
210086,CVE-2024-38055,5.5
210086,CVE-2024-35270,5.3
210086,CVE-2024-30071,4.7
210087,CVE-2024-38140,9.8
210087,CVE-2024-38199,9.8
210087,CVE-2024-38063,9.8
210087,CVE-2024-38120,8.8
210087,CVE-2024-38128,8.8
210087,CVE-2024-38144,8.8
210087,CVE-2024-38154,8.8
210087,CVE-2024-38130,8.8
210087,CVE-2024-38114,8.8
210087,CVE-2024-38116,8.8
210087,CVE-2024-38131,8.8
210087,CVE-2024-38180,8.8
210087,CVE-2024-38115,8.8
210087,CVE-2024-38121,8.8
210087,CVE-2024-29995,8.1
210087,CVE-2024-38141,7.8
210087,CVE-2024-38127,7.8
210087,CVE-2024-38117,7.8
210087,CVE-2024-38125,7.8
210087,CVE-2024-38134,7.8
210087,CVE-2024-38196,7.8
210087,CVE-2024-38107,7.8
210087,CVE-2024-38152,7.8
210087,CVE-2024-38153,7.8
210087,CVE-2024-38193,7.8
210087,CVE-2024-38191,7.8
210087,CVE-2024-37968,7.5
210087,CVE-2024-38198,7.5
210087,CVE-2024-38132,7.5
210087,CVE-2024-38146,7.5
210087,CVE-2024-38138,7.5
210087,CVE-2024-38126,7.5
210087,CVE-2024-38178,7.5
210087,CVE-2024-38145,7.5
210087,CVE-2024-38223,6.8
210087,CVE-2024-38213,6.5
210087,CVE-2024-38214,6.5
210087,CVE-2024-38122,5.5
210087,CVE-2024-38151,5.5
210087,CVE-2024-38118,5.5
210088,CVE-2024-38260,8.8
210088,CVE-2024-43455,8.8
210088,CVE-2024-43461,8.8
210088,CVE-2024-38240,8.1
210088,CVE-2024-38249,7.8
210088,CVE-2024-38014,7.8
210088,CVE-2024-30073,7.8
210088,CVE-2024-38250,7.8
210088,CVE-2024-38245,7.8
210088,CVE-2024-38247,7.8
210088,CVE-2024-43467,7.5
210088,CVE-2024-38263,7.5
210088,CVE-2024-38236,7.5
210088,CVE-2024-38239,7.2
210088,CVE-2024-43454,7.1
210088,CVE-2024-38234,6.5
210088,CVE-2024-38231,6.5
210088,CVE-2024-38230,6.5
210088,CVE-2024-38258,6.5
210088,CVE-2024-43487,6.5
210088,CVE-2024-38256,5.5
210088,CVE-2024-38217,5.4
210089,CVE-2024-38124,9.0
210089,CVE-2024-38212,8.8
210089,CVE-2024-43532,8.8
210089,CVE-2024-38265,8.8
210089,CVE-2024-43607,8.8
210089,CVE-2024-43453,8.8
210089,CVE-2024-43599,8.8
210089,CVE-2024-43549,8.8
210089,CVE-2024-43518,8.8
210089,CVE-2024-43589,8.8
210089,CVE-2024-43517,8.8
210089,CVE-2024-43519,8.8
210089,CVE-2024-43608,8.8
210089,CVE-2024-43592,8.8
210089,CVE-2024-43593,8.8
210089,CVE-2024-43611,8.8
210089,CVE-2024-43564,8.8
210089,CVE-2024-38261,7.8
210089,CVE-2024-43501,7.8
210089,CVE-2024-43572,7.8
210089,CVE-2024-43560,7.8
210089,CVE-2024-43583,7.8
210089,CVE-2024-43509,7.8
210089,CVE-2024-43514,7.8
210089,CVE-2024-43556,7.8
210089,CVE-2024-43563,7.8
210089,CVE-2024-38149,7.5
210089,CVE-2024-38262,7.5
210089,CVE-2024-43541,7.5
210089,CVE-2024-43521,7.5
210089,CVE-2024-43506,7.5
210089,CVE-2024-43545,7.5
210089,CVE-2024-43567,7.5
210089,CVE-2024-43544,7.5
210089,CVE-2024-43515,7.5
210089,CVE-2024-43550,7.4
210089,CVE-2024-43553,7.4
210089,CVE-2024-43535,7.0
210089,CVE-2024-37979,6.7
210089,CVE-2024-37976,6.7
210089,CVE-2024-37982,6.7
210089,CVE-2024-37983,6.7
210089,CVE-2024-43547,6.5
210089,CVE-2024-43534,6.5
210089,CVE-2024-43512,6.5
210089,CVE-2024-43573,6.5
210089,CVE-2024-43570,6.4
210089,CVE-2024-43513,6.4
210089,CVE-2024-43520,5.0
210089,CVE-2024-43456,4.8
210090,CVE-2024-43639,9.8
210090,CVE-2024-43628,8.8
210090,CVE-2024-43621,8.8
210090,CVE-2024-43620,8.8
210090,CVE-2024-43635,8.8
210090,CVE-2024-43627,8.8
210090,CVE-2024-43622,8.8
210090,CVE-2024-43636,7.8
210090,CVE-2024-49019,7.8
210090,CVE-2024-49046,7.8
210090,CVE-2024-43641,7.8
210090,CVE-2024-43644,7.8
210090,CVE-2024-43626,7.8
210090,CVE-2024-43623,7.8
210090,CVE-2024-43450,7.5
210090,CVE-2024-43638,6.8
210090,CVE-2024-43637,6.8
210090,CVE-2024-43643,6.8
210090,CVE-2024-43634,6.8
210090,CVE-2024-43449,6.8
210090,CVE-2024-43451,6.5
210090,CVE-2024-38203,6.2
210091,CVE-2024-49112,9.8
210091,CVE-2024-49104,8.8
210091,CVE-2024-49102,8.8
210091,CVE-2024-49080,8.8
210091,CVE-2024-49085,8.8
210091,CVE-2024-49086,8.8
210091,CVE-2024-49125,8.8
210091,CVE-2024-49105,8.4
210091,CVE-2024-49127,8.1
210091,CVE-2024-49124,8.1
210091,CVE-2024-49120,8.1
210091,CVE-2024-49122,8.1
210091,CVE-2024-49126,8.1
210091,CVE-2024-49118,8.1
210091,CVE-2024-49128,8.1
210091,CVE-2024-49088,7.8
210091,CVE-2024-49090,7.8
210091,CVE-2024-49138,7.8
210091,CVE-2024-49072,7.8
210091,CVE-2024-49079,7.8
210091,CVE-2024-49129,7.5
210091,CVE-2024-49121,7.5
210091,CVE-2024-49113,7.5
210091,CVE-2024-49096,7.5
210091,CVE-2024-49091,7.2
210091,CVE-2024-49089,7.2
210091,CVE-2024-49084,7.0
210091,CVE-2024-49082,6.8
210092,CVE-2025-21307,9.8
210092,CVE-2025-21298,9.8
210092,CVE-2025-21413,8.8
210092,CVE-2025-21306,8.8
210092,CVE-2025-21339,8.8
210092,CVE-2025-21266,8.8
210092,CVE-2025-21238,8.8
210092,CVE-2025-21303,8.8
210092,CVE-2025-21246,8.8
210092,CVE-2025-21240,8.8
210092,CVE-2025-21236,8.8
210092,CVE-2025-21252,8.8
210092,CVE-2025-21293,8.8
210092,CVE-2025-21233,8.8
210092,CVE-2025-21411,8.8
210092,CVE-2025-21282,8.8
210092,CVE-2025-21305,8.8
210092,CVE-2025-21409,8.8
210092,CVE-2025-21244,8.8
210092,CVE-2025-21286,8.8
210092,CVE-2025-21273,8.8
210092,CVE-2025-21243,8.8
210092,CVE-2025-21223,8.8
210092,CVE-2025-21302,8.8
210092,CVE-2025-21417,8.8
210092,CVE-2025-21245,8.8
210092,CVE-2025-21250,8.8
210092,CVE-2025-21237,8.8
210092,CVE-2025-21309,8.1
210092,CVE-2025-21295,8.1
210092,CVE-2025-21294,8.1
210092,CVE-2025-21297,8.1
210092,CVE-2025-21378,7.8
210092,CVE-2025-21338,7.8
210092,CVE-2025-21287,7.8
210092,CVE-2025-21281,7.8
210092,CVE-2025-21289,7.5
210092,CVE-2025-21276,7.5
210092,CVE-2025-21231,7.5
210092,CVE-2025-21270,7.5
210092,CVE-2025-21230,7.5
210092,CVE-2025-21290,7.5
210092,CVE-2025-21251,7.5
210092,CVE-2025-21296,7.5
210092,CVE-2025-21300,7.5
210092,CVE-2025-21389,7.5
210092,CVE-2025-21218,7.5
210092,CVE-2025-21277,7.5
210092,CVE-2025-21285,7.5
210092,CVE-2025-21220,7.5
210092,CVE-2025-21331,7.3
210092,CVE-2025-21211,6.8
210092,CVE-2025-21232,6.6
210092,CVE-2025-21327,6.6
210092,CVE-2025-21256,6.6
210092,CVE-2025-21341,6.6
210092,CVE-2025-21260,6.6
210092,CVE-2025-21226,6.6
210092,CVE-2025-21310,6.6
210092,CVE-2025-21258,6.6
210092,CVE-2025-21249,6.6
210092,CVE-2025-21229,6.6
210092,CVE-2025-21263,6.6
210092,CVE-2025-21261,6.6
210092,CVE-2025-21255,6.6
210092,CVE-2025-21228,6.6
210092,CVE-2025-21265,6.6
210092,CVE-2025-21324,6.6
210092,CVE-2025-21227,6.6
210092,CVE-2025-21288,6.5
210092,CVE-2025-21217,6.5
210092,CVE-2025-21272,6.5
210092,CVE-2025-21308,6.5
210092,CVE-2025-21278,6.2
210092,CVE-2025-21242,5.9
210092,CVE-2025-21336,5.6
210092,CVE-2025-21318,5.5
210092,CVE-2025-21316,5.5
210092,CVE-2025-21321,5.5
210092,CVE-2025-21320,5.5
210092,CVE-2025-21319,5.5
210092,CVE-2025-21274,5.5
210092,CVE-2025-21374,5.5
210092,CVE-2025-21213,4.6
210092,CVE-2025-21215,4.6
210092,CVE-2025-21269,4.3
210092,CVE-2025-21329,4.3
210092,CVE-2025-21328,4.3
210092,CVE-2025-21332,4.3
210092,CVE-2025-21268,4.3
210092,CVE-2025-21189,4.3
210092,CVE-2025-21210,4.2
210092,CVE-2025-21214,4.2
210092,CVE-2025-21312,2.4
210093,CVE-2025-21369,8.8
210093,CVE-2025-21368,8.8
210093,CVE-2025-21201,8.8
210093,CVE-2025-21208,8.8
210093,CVE-2025-21190,8.8
210093,CVE-2025-21406,8.8
210093,CVE-2025-21410,8.8
210093,CVE-2025-21200,8.8
210093,CVE-2025-21371,8.8
210093,CVE-2025-21407,8.8
210093,CVE-2025-21376,8.1
210093,CVE-2025-21373,7.8
210093,CVE-2025-21359,7.8
210093,CVE-2025-21420,7.8
210093,CVE-2025-21375,7.8
210093,CVE-2025-21418,7.8
210093,CVE-2025-21181,7.5
210093,CVE-2025-21419,7.1
210093,CVE-2025-21377,6.5
210093,CVE-2025-21352,6.5
210093,CVE-2025-21347,6.0
210093,CVE-2025-21350,5.9
210093,CVE-2025-21337,3.3
210094,CVE-2025-24051,8.8
210094,CVE-2025-24056,8.8
210094,CVE-2025-26645,8.8
210094,CVE-2025-24045,8.1
210094,CVE-2025-24035,8.1
210094,CVE-2025-24064,8.1
210094,CVE-2025-24072,7.8
210094,CVE-2025-24993,7.8
210094,CVE-2025-24059,7.8
210094,CVE-2025-24985,7.8
210094,CVE-2025-21180,7.8
210094,CVE-2025-24044,7.8
210094,CVE-2025-26633,7.0
210094,CVE-2025-24983,7.0
210094,CVE-2025-24988,6.6
210094,CVE-2025-24987,6.6
210094,CVE-2025-24071,6.5
210094,CVE-2025-24054,6.5
210094,CVE-2025-24996,6.5
210094,CVE-2025-24992,5.5
210094,CVE-2025-24991,5.5
210094,CVE-2025-24984,4.6
210094,CVE-2025-24055,4.3
210094,CVE-2025-21247,4.3
210095,CVE-2025-26669,8.8
210095,CVE-2025-26647,8.8
210095,CVE-2025-21221,8.8
210095,CVE-2025-27740,8.8
210095,CVE-2025-21205,8.8
210095,CVE-2025-27481,8.8
210095,CVE-2025-27477,8.8
210095,CVE-2025-21222,8.8
210095,CVE-2025-27737,8.6
210095,CVE-2025-27480,8.1
210095,CVE-2025-26670,8.1
210095,CVE-2025-26671,8.1
210095,CVE-2025-26663,8.1
210095,CVE-2025-27487,8.0
210095,CVE-2025-27741,7.8
210095,CVE-2025-26679,7.8
210095,CVE-2025-26688,7.8
210095,CVE-2025-27733,7.8
210095,CVE-2025-27727,7.8
210095,CVE-2025-21204,7.8
210095,CVE-2025-27483,7.8
210095,CVE-2025-26648,7.8
210095,CVE-2025-29824,7.8
210095,CVE-2025-21174,7.5
210095,CVE-2025-27479,7.5
210095,CVE-2025-27484,7.5
210095,CVE-2025-27473,7.5
210095,CVE-2025-27485,7.5
210095,CVE-2025-27486,7.5
210095,CVE-2025-26687,7.5
210095,CVE-2025-26686,7.5
210095,CVE-2025-26641,7.5
210095,CVE-2025-26668,7.5
210095,CVE-2025-26652,7.5
210095,CVE-2025-26680,7.5
210095,CVE-2025-26673,7.5
210095,CVE-2025-29810,7.5
210095,CVE-2025-27470,7.5
210095,CVE-2025-27469,7.5
210095,CVE-2025-21191,7.0
210095,CVE-2025-26665,7.0
210095,CVE-2025-27478,7.0
210095,CVE-2025-27732,7.0
210095,CVE-2025-26637,6.8
210095,CVE-2025-26676,6.5
210095,CVE-2025-26664,6.5
210095,CVE-2025-26672,6.5
210095,CVE-2025-26667,6.5
210095,CVE-2025-21197,6.5
210095,CVE-2025-27474,6.5
210095,CVE-2025-27738,6.5
210095,CVE-2025-21203,6.5
210095,CVE-2025-27471,5.9
210095,CVE-2025-27742,5.5
210095,CVE-2025-27472,5.4
210096,CVE-2025-29967,8.8
210096,CVE-2025-29962,8.8
210096,CVE-2025-29966,8.8
210096,CVE-2025-30385,7.8
210096,CVE-2025-32707,7.8
210096,CVE-2025-24063,7.8
210096,CVE-2025-30388,7.8
210096,CVE-2025-32709,7.8
210096,CVE-2025-32706,7.8
210096,CVE-2025-32701,7.8
210096,CVE-2025-29833,7.7
210096,CVE-2025-29969,7.5
210096,CVE-2025-29831,7.5
210096,CVE-2025-30397,7.5
210096,CVE-2025-27468,7.0
210096,CVE-2025-29960,6.5
210096,CVE-2025-29830,6.5
210096,CVE-2025-29961,6.5
210096,CVE-2025-29835,6.5
210096,CVE-2025-29958,6.5
210096,CVE-2025-29836,6.5
210096,CVE-2025-29959,6.5
210096,CVE-2025-29968,6.5
210096,CVE-2025-29832,6.5
210096,CVE-2025-29957,6.2
210096,CVE-2025-29954,5.9
210096,CVE-2025-30394,5.9
210096,CVE-2025-29974,5.7
210096,CVE-2025-29837,5.5
210096,CVE-2025-29956,5.4
210096,CVE-2025-29839,4.0
210097,CVE-2025-33073,8.8
210097,CVE-2025-33053,8.8
210097,CVE-2025-33066,8.8
210097,CVE-2025-33064,8.8
210097,CVE-2025-32710,8.1
210097,CVE-2025-33071,8.1
210097,CVE-2025-33070,8.1
210097,CVE-2025-32716,7.8
210097,CVE-2025-32713,7.8
210097,CVE-2025-32712,7.8
210097,CVE-2025-33075,7.8
210097,CVE-2025-47955,7.8
210097,CVE-2025-32718,7.8
210097,CVE-2025-32714,7.8
210097,CVE-2025-33056,7.5
210097,CVE-2025-32724,7.5
210097,CVE-2025-33068,7.5
210097,CVE-2025-32715,6.5
210097,CVE-2025-33057,6.5
210097,CVE-2025-33060,5.5
210097,CVE-2025-32722,5.5
210097,CVE-2025-32720,5.5
210097,CVE-2025-47160,5.4
210098,CVE-2025-47981,9.8
210098,CVE-2025-47998,8.8
210098,CVE-2025-47986,8.8
210098,CVE-2025-48824,8.8
210098,CVE-2025-48817,8.8
210098,CVE-2025-49688,8.8
210098,CVE-2025-49668,8.8
210098,CVE-2025-49674,8.8
210098,CVE-2025-49729,8.8
210098,CVE-2025-49687,8.8
210098,CVE-2025-49657,8.8
210098,CVE-2025-49753,8.8
210098,CVE-2025-49669,8.8
210098,CVE-2025-49673,8.8
210098,CVE-2025-49672,8.8
210098,CVE-2025-49676,8.8
210098,CVE-2025-49663,8.8
210098,CVE-2025-49735,8.1
210098,CVE-2025-49721,7.8
210098,CVE-2025-48815,7.8
210098,CVE-2025-48806,7.8
210098,CVE-2025-48816,7.8
210098,CVE-2025-47987,7.8
210098,CVE-2025-47976,7.8
210098,CVE-2025-47985,7.8
210098,CVE-2025-48805,7.8
210098,CVE-2025-47971,7.8
210098,CVE-2025-47973,7.8
210098,CVE-2025-47996,7.8
210098,CVE-2025-49730,7.8
210098,CVE-2025-49675,7.8
210098,CVE-2025-49667,7.8
210098,CVE-2025-49661,7.8
210098,CVE-2025-49679,7.8
210098,CVE-2025-49689,7.8
210098,CVE-2025-49659,7.8
210098,CVE-2025-49742,7.8
210098,CVE-2025-49665,7.8
210098,CVE-2025-49683,7.8
210098,CVE-2025-49660,7.8
210098,CVE-2025-49686,7.8
210098,CVE-2025-49732,7.8
210098,CVE-2025-47984,7.5
210098,CVE-2025-48814,7.5
210098,CVE-2025-49716,7.5
210098,CVE-2025-48821,7.1
210098,CVE-2025-48819,7.1
210098,CVE-2025-49678,7.0
210098,CVE-2025-49727,7.0
210098,CVE-2025-47975,7.0
210098,CVE-2025-48804,6.8
210098,CVE-2025-48001,6.8
210098,CVE-2025-49681,6.5
210098,CVE-2025-49671,6.5
210098,CVE-2025-49670,6.5
210098,CVE-2025-47980,6.2
210098,CVE-2025-49722,5.7
210098,CVE-2025-49658,5.5
210098,CVE-2025-48808,5.5
210098,CVE-2025-49684,5.5
210098,CVE-2025-49664,5.5
210099,CVE-2025-53766,9.8
210099,CVE-2025-53143,8.8
210099,CVE-2025-53778,8.8
210099,CVE-2025-49757,8.8
210099,CVE-2025-53144,8.8
210099,CVE-2025-53145,8.8
210099,CVE-2025-50163,8.8
210099,CVE-2025-50177,8.1
210099,CVE-2025-50164,8.0
210099,CVE-2025-53720,8.0
210099,CVE-2025-50162,8.0
210099,CVE-2025-50160,8.0
210099,CVE-2025-53726,7.8
210099,CVE-2025-53155,7.8
210099,CVE-2025-53725,7.8
210099,CVE-2025-53149,7.8
210099,CVE-2025-53723,7.8
210099,CVE-2025-53141,7.8
210099,CVE-2025-50155,7.8
210099,CVE-2025-49761,7.8
210099,CVE-2025-50153,7.8
210099,CVE-2025-53154,7.8
210099,CVE-2025-53724,7.8
210099,CVE-2025-55230,7.8
210099,CVE-2025-53152,7.8
210099,CVE-2025-53132,7.8
210099,CVE-2025-50173,7.8
210099,CVE-2025-55231,7.5
210099,CVE-2025-53722,7.5
210099,CVE-2025-50159,7.3
210099,CVE-2025-50161,7.3
210099,CVE-2025-53140,7.0
210099,CVE-2025-53134,7.0
210099,CVE-2025-53718,7.0
210099,CVE-2025-49762,7.0
210099,CVE-2025-50167,7.0
210099,CVE-2025-53147,7.0
210099,CVE-2025-53135,7.0
210099,CVE-2025-53137,7.0
210099,CVE-2025-50158,7.0
210099,CVE-2025-49743,6.7
210099,CVE-2025-50154,6.5
210099,CVE-2025-50166,6.5
210099,CVE-2025-53148,5.7
210099,CVE-2025-53719,5.7
210099,CVE-2025-53138,5.7
210099,CVE-2025-50156,5.7
210099,CVE-2025-53153,5.7
210099,CVE-2025-50157,5.7
210099,CVE-2025-53136,5.5
210100,CVE-2025-54106,8.8
210100,CVE-2025-55234,8.8
210100,CVE-2025-54110,8.8
210100,CVE-2025-54918,8.8
210100,CVE-2025-54113,8.8
210100,CVE-2025-54916,7.8
210100,CVE-2025-54894,7.8
210100,CVE-2025-54912,7.8
210100,CVE-2025-54895,7.8
210100,CVE-2025-54091,7.8
210100,CVE-2025-54098,7.8
210100,CVE-2025-54911,7.3
210100,CVE-2025-54093,7.0
210100,CVE-2025-54099,7.0
210100,CVE-2025-53808,6.7
210100,CVE-2025-55226,6.7
210100,CVE-2025-54109,6.7
210100,CVE-2025-54094,6.7
210100,CVE-2025-53810,6.7
210100,CVE-2025-54915,6.7
210100,CVE-2025-54104,6.7
210100,CVE-2025-54097,6.5
210100,CVE-2025-53797,6.5
210100,CVE-2025-53796,6.5
210100,CVE-2025-53806,6.5
210100,CVE-2025-55225,6.5
210100,CVE-2025-53798,6.5
210100,CVE-2025-54095,6.5
210100,CVE-2025-54096,6.5
210100,CVE-2025-53803,5.5
210100,CVE-2025-53799,5.5
210100,CVE-2025-53804,5.5
210100,CVE-2025-54101,4.8
210100,CVE-2025-54107,4.3
210100,CVE-2025-54917,4.3
210101,CVE-2025-59287,9.8
210101,CVE-2025-59295,8.8
210101,CVE-2025-58718,8.8
210101,CVE-2025-24052,7.8
210101,CVE-2025-24990,7.8
210101,CVE-2025-59201,7.8
210101,CVE-2025-55692,7.8
210101,CVE-2025-55701,7.8
210101,CVE-2025-58714,7.8
210101,CVE-2025-59230,7.8
210101,CVE-2025-59242,7.8
210101,CVE-2025-59278,7.8
210101,CVE-2025-59277,7.8
210101,CVE-2025-59275,7.8
210101,CVE-2025-59187,7.8
210101,CVE-2025-58726,7.5
210101,CVE-2025-55687,7.4
210101,CVE-2025-55335,7.4
210101,CVE-2025-25004,7.3
210101,CVE-2025-59208,7.1
210101,CVE-2025-59196,7.0
210101,CVE-2025-59205,7.0
210101,CVE-2025-59202,7.0
210101,CVE-2025-58735,7.0
210101,CVE-2025-58733,7.0
210101,CVE-2025-58736,7.0
210101,CVE-2025-58730,7.0
210101,CVE-2025-58737,7.0
210101,CVE-2025-59282,7.0
210101,CVE-2025-58732,7.0
210101,CVE-2025-58725,7.0
210101,CVE-2025-55678,7.0
210101,CVE-2025-58739,6.5
210101,CVE-2025-55700,6.5
210101,CVE-2025-58717,6.5
210101,CVE-2025-58729,6.5
210101,CVE-2025-59185,6.5
210101,CVE-2025-59259,6.5
210101,CVE-2025-59214,6.5
210101,CVE-2025-59244,6.5
210101,CVE-2025-59258,6.2
210101,CVE-2025-59253,5.5
210101,CVE-2025-59188,5.5
210101,CVE-2025-55695,5.5
210101,CVE-2025-59190,5.5
210101,CVE-2025-59211,5.5
210101,CVE-2025-59209,5.5
210101,CVE-2025-59198,5.0
210101,CVE-2025-59280,3.1
210102,CVE-2025-60724,9.8
210102,CVE-2025-62452,8.0
210102,CVE-2025-60715,8.0
210102,CVE-2025-60703,7.8
210102,CVE-2025-60720,7.8
210102,CVE-2025-60714,7.8
210102,CVE-2025-60709,7.8
210102,CVE-2025-59514,7.8
210102,CVE-2025-60705,7.8
210102,CVE-2025-59512,7.8
210102,CVE-2025-59505,7.8
210102,CVE-2025-60704,7.5
210102,CVE-2025-60719,7.0
210102,CVE-2025-62217,7.0
210102,CVE-2025-62213,7.0
210102,CVE-2025-59506,7.0
210102,CVE-2025-59510,5.5
210103,CVE-2025-64678,8.8
210103,CVE-2025-62549,8.8
210103,CVE-2025-62571,7.8
210103,CVE-2025-62466,7.8
210103,CVE-2025-62472,7.8
210103,CVE-2025-62455,7.8
210103,CVE-2025-62470,7.8
210103,CVE-2025-62458,7.8
210103,CVE-2025-54100,7.8
210103,CVE-2025-62474,7.8
210103,CVE-2025-62473,6.5
210103,CVE-2025-62567,5.3
210104,CVE-2026-20868,8.8
210104,CVE-2026-20856,8.1
210104,CVE-2026-20931,8.0
210104,CVE-2026-20940,7.8
210104,CVE-2026-20809,7.8
210104,CVE-2026-20860,7.8
210104,CVE-2026-20816,7.8
210104,CVE-2026-20840,7.8
210104,CVE-2026-20820,7.8
210104,CVE-2026-20843,7.8
210104,CVE-2026-20831,7.8
210104,CVE-2026-20922,7.8
210104,CVE-2026-20848,7.5
210104,CVE-2026-20875,7.5
210104,CVE-2026-20934,7.5
210104,CVE-2026-20849,7.5
210104,CVE-2026-20926,7.5
210104,CVE-2026-20921,7.5
210104,CVE-2026-20919,7.5
210104,CVE-2026-0386,7.5
210104,CVE-2026-20929,7.5
210104,CVE-2026-20869,7.0
210104,CVE-2026-20872,6.5
210104,CVE-2026-20847,6.5
210104,CVE-2026-20925,6.5
210104,CVE-2026-21265,6.4
210104,CVE-2026-20821,6.2
210104,CVE-2026-20805,5.5
210104,CVE-2026-20839,5.5
210104,CVE-2026-20833,5.5
210104,CVE-2026-20824,5.5
210104,CVE-2026-20927,5.3
210104,CVE-2026-20834,4.6
210104,CVE-2026-20828,4.6
210104,CVE-2026-20936,4.3
210105,CVE-2026-21513,8.8
210105,CVE-2026-21510,8.8
210105,CVE-2026-21236,7.8
210105,CVE-2026-21231,7.8
210105,CVE-2026-21533,7.8
210105,CVE-2026-21246,7.8
210105,CVE-2026-21238,7.8
210105,CVE-2026-21239,7.8
210105,CVE-2026-20846,7.5
210105,CVE-2026-21235,7.3
210105,CVE-2026-21253,7.0
210105,CVE-2026-21508,7.0
210105,CVE-2026-21525,6.2
210105,CVE-2026-21222,5.5
210105,CVE-2026-21249,3.3
210106,CVE-2026-23669,8.8
210106,CVE-2026-25188,8.8
210106,CVE-2026-25177,8.8
210106,CVE-2026-26111,8.0
210106,CVE-2026-25172,8.0
210106,CVE-2026-25173,8.0
210106,CVE-2026-23673,7.8
210106,CVE-2026-24289,7.8
210106,CVE-2026-25175,7.8
210106,CVE-2026-26128,7.8
210106,CVE-2026-25176,7.8
210106,CVE-2026-25174,7.8
210106,CVE-2026-25165,7.8
210106,CVE-2026-24291,7.8
210106,CVE-2026-24294,7.8
210106,CVE-2026-23672,7.8
210106,CVE-2026-25187,7.8
210106,CVE-2026-25190,7.8
210106,CVE-2026-25181,7.5
210106,CVE-2026-23674,7.5
210106,CVE-2026-24285,7.0
210106,CVE-2026-25171,7.0
210106,CVE-2026-24296,7.0
210106,CVE-2026-23668,7.0
210106,CVE-2026-25179,7.0
210106,CVE-2026-25178,7.0
210106,CVE-2026-24297,6.5
210106,CVE-2026-25169,6.2
210106,CVE-2026-25168,6.2
210106,CVE-2026-25186,5.5
210106,CVE-2026-25180,5.5
210106,CVE-2026-25185,5.3
210107,CVE-2026-32157,8.8
210107,CVE-2026-32225,8.8
210107,CVE-2026-33827,8.1
210107,CVE-2026-33826,8.0
210107,CVE-2026-27912,8.0
210107,CVE-2026-32183,7.8
210107,CVE-2026-32077,7.8
210107,CVE-2026-26159,7.8
210107,CVE-2026-26180,7.8
210107,CVE-2026-26183,7.8
210107,CVE-2026-26168,7.8
210107,CVE-2026-26176,7.8
210107,CVE-2026-27919,7.8
210107,CVE-2026-27910,7.8
210107,CVE-2026-27915,7.8
210107,CVE-2026-27916,7.8
210107,CVE-2026-27920,7.8
210107,CVE-2026-27914,7.8
210107,CVE-2026-27923,7.8
210107,CVE-2026-26160,7.8
210107,CVE-2026-26162,7.8
210107,CVE-2026-26163,7.8
210107,CVE-2026-27909,7.8
210107,CVE-2026-27913,7.7
210107,CVE-2026-26154,7.5
210107,CVE-2026-32156,7.4
210107,CVE-2026-26151,7.1
210107,CVE-2026-33100,7.0
210107,CVE-2026-33099,7.0
210107,CVE-2026-33104,7.0
210107,CVE-2026-32150,7.0
210107,CVE-2026-26152,7.0
210107,CVE-2026-26182,7.0
210107,CVE-2026-26173,7.0
210107,CVE-2026-32075,7.0
210107,CVE-2026-32068,7.0
210107,CVE-2026-32086,7.0
210107,CVE-2026-32070,7.0
210107,CVE-2026-32087,7.0
210107,CVE-2026-32093,7.0
210107,CVE-2026-32083,7.0
210107,CVE-2026-32082,7.0
210107,CVE-2026-32073,7.0
210107,CVE-2026-27922,7.0
210107,CVE-2026-26174,7.0
210107,CVE-2026-27929,7.0
210107,CVE-2026-27921,7.0
210107,CVE-2026-27908,7.0
210107,CVE-2026-27917,7.0
210107,CVE-2026-26177,7.0
210107,CVE-2026-32151,6.5
210107,CVE-2026-27925,6.5
210107,CVE-2026-32217,5.5
210107,CVE-2026-32212,5.5
210107,CVE-2026-32084,5.5
210107,CVE-2026-32214,5.5
210107,CVE-2026-27930,5.5
210107,CVE-2026-33829,4.3
210107,CVE-2026-32202,4.3
210108,CVE-2026-41089,9.8
210108,CVE-2026-40403,8.8
210108,CVE-2026-34329,8.8
210108,CVE-2026-33834,7.8
210108,CVE-2026-40408,7.8
210108,CVE-2026-40398,7.8
210108,CVE-2026-40377,7.8
210108,CVE-2026-40407,7.8
210108,CVE-2026-33838,7.8
210108,CVE-2026-33837,7.8
210108,CVE-2026-35420,7.8
210108,CVE-2026-35421,7.8
210108,CVE-2026-35415,7.8
210108,CVE-2026-34338,7.8
210108,CVE-2026-41095,7.8
210108,CVE-2026-34344,7.8
210108,CVE-2026-40397,7.8
210108,CVE-2026-40382,7.8
210108,CVE-2026-34333,7.8
210108,CVE-2026-34334,7.8
210108,CVE-2026-34330,7.8
210108,CVE-2026-34351,7.8
210108,CVE-2026-34343,7.8
210108,CVE-2026-35424,7.5
210108,CVE-2026-40406,7.5
210108,CVE-2026-32161,7.5
210108,CVE-2026-40414,7.4
210108,CVE-2026-40413,7.4
210108,CVE-2026-40401,7.1
210108,CVE-2026-42825,7.0
210108,CVE-2026-35416,7.0
210108,CVE-2026-34341,7.0
210108,CVE-2026-40410,7.0
210108,CVE-2026-34347,7.0
210108,CVE-2026-34342,7.0
210108,CVE-2026-34331,7.0
210108,CVE-2026-21530,6.7
210108,CVE-2026-32170,6.7
210108,CVE-2026-35422,6.5
210108,CVE-2026-40380,6.2
210108,CVE-2026-35423,5.4
210108,CVE-2026-32209,4.4
210109,CVE-2026-44815,9.8
210109,CVE-2026-47291,9.8
210109,CVE-2026-45602,9.1
210109,CVE-2026-47289,8.8
210109,CVE-2026-47653,8.8
210109,CVE-2026-42985,8.8
210109,CVE-2026-45599,8.1
210109,CVE-2026-45635,8.1
210109,CVE-2026-42987,8.1
210109,CVE-2026-48573,7.9
210109,CVE-2026-45588,7.9
210109,CVE-2026-48575,7.9
210109,CVE-2026-48568,7.9
210109,CVE-2026-48578,7.9
210109,CVE-2026-48570,7.9
210109,CVE-2026-47656,7.9
210109,CVE-2026-48576,7.9
210109,CVE-2026-45586,7.8
210109,CVE-2026-45658,7.8
210109,CVE-2026-42905,7.8
210109,CVE-2026-42916,7.8
210109,CVE-2026-42980,7.8
210109,CVE-2026-42986,7.8
210109,CVE-2026-42989,7.8
210109,CVE-2026-45592,7.8
210109,CVE-2026-40404,7.8
210109,CVE-2026-45636,7.8
210109,CVE-2026-45656,7.8
210109,CVE-2026-45638,7.8
210109,CVE-2026-40409,7.8
210109,CVE-2026-44812,7.8
210109,CVE-2026-44803,7.8
210109,CVE-2026-48574,7.8
210109,CVE-2026-41092,7.8
210109,CVE-2026-42908,7.5
210109,CVE-2026-44799,7.5
210109,CVE-2026-45639,7.5
210109,CVE-2026-42909,7.5
210109,CVE-2026-44801,7.5
210109,CVE-2026-47288,7.1
210109,CVE-2026-47648,7.0
210109,CVE-2026-42836,7.0
210109,CVE-2026-42912,7.0
210109,CVE-2026-42911,7.0
210109,CVE-2026-45601,7.0
210109,CVE-2026-45598,7.0
210109,CVE-2026-45596,7.0
210109,CVE-2026-45653,7.0
210109,CVE-2026-34335,7.0
210109,CVE-2026-45603,7.0
210109,CVE-2026-41108,7.0
210109,CVE-2026-45608,6.8
210109,CVE-2026-50507,6.8
210109,CVE-2026-50508,6.5
210109,CVE-2026-42903,6.5
210109,CVE-2026-45634,5.5
210109,CVE-2026-42970,5.5
210109,CVE-2026-42972,5.5
210109,CVE-2026-42968,5.5
210109,CVE-2026-45606,5.5
210109,CVE-2026-45595,5.4
210109,CVE-2026-45655,5.3
210109,CVE-2026-42914,5.3
210109,CVE-2026-45642,3.9
210110,CVE-2026-57092,9.9
210110,CVE-2026-56188,9.8
210110,CVE-2026-56190,9.8
210110,CVE-2026-56159,9.8
210110,CVE-2026-42990,9.8
210110,CVE-2026-50447,9.8
210110,CVE-2026-50518,9.8
210110,CVE-2026-50380,9.6
210110,CVE-2026-49798,9.3
210110,CVE-2026-56647,8.8
210110,CVE-2026-54107,8.8
210110,CVE-2026-54121,8.8
210110,CVE-2026-54982,8.8
210110,CVE-2026-50370,8.8
210110,CVE-2026-49178,8.8
210110,CVE-2026-54999,8.8
210110,CVE-2026-50444,8.8
210110,CVE-2026-50474,8.8
210110,CVE-2026-50489,8.8
210110,CVE-2026-50369,8.8
210110,CVE-2026-50477,8.8
210110,CVE-2026-50666,8.8
210110,CVE-2026-56194,8.8
210110,CVE-2026-58608,8.8
210110,CVE-2026-48564,8.8
210110,CVE-2026-58594,8.8
210110,CVE-2026-54992,8.4
210110,CVE-2026-54122,8.4
210110,CVE-2026-54128,8.4
210110,CVE-2026-49184,8.4
210110,CVE-2026-56186,8.1
210110,CVE-2026-50694,8.1
210110,CVE-2026-50686,8.1
210110,CVE-2026-50439,8.1
210110,CVE-2026-49164,8.1
210110,CVE-2026-54995,8.1
210110,CVE-2026-50365,8.0
210110,CVE-2026-40400,8.0
210110,CVE-2026-50683,8.0
210110,CVE-2026-50502,8.0
210110,CVE-2026-42975,8.0
210110,CVE-2026-50688,7.8
210110,CVE-2026-50388,7.8
210110,CVE-2026-50332,7.8
210110,CVE-2026-56155,7.8
210110,CVE-2026-57096,7.8
210110,CVE-2026-50417,7.8
210110,CVE-2026-50402,7.8
210110,CVE-2026-50306,7.8
210110,CVE-2026-55004,7.8
210110,CVE-2026-56175,7.8
210110,CVE-2026-56650,7.8
210110,CVE-2026-56189,7.8
210110,CVE-2026-58532,7.8
210110,CVE-2026-58540,7.8
210110,CVE-2026-56182,7.8
210110,CVE-2026-58609,7.8
210110,CVE-2026-56176,7.8
210110,CVE-2026-49797,7.8
210110,CVE-2026-49796,7.8
210110,CVE-2026-50391,7.8
210110,CVE-2026-50386,7.8
210110,CVE-2026-50435,7.8
210110,CVE-2026-50309,7.8
210110,CVE-2026-50471,7.8
210110,CVE-2026-50673,7.8
210110,CVE-2026-50400,7.8
210110,CVE-2026-50433,7.8
210110,CVE-2026-50405,7.8
210110,CVE-2026-50351,7.8
210110,CVE-2026-50313,7.8
210110,CVE-2026-50476,7.8
210110,CVE-2026-50697,7.8
210110,CVE-2026-50308,7.8
210110,CVE-2026-50311,7.8
210110,CVE-2026-50346,7.8
210110,CVE-2026-50462,7.8
210110,CVE-2026-50347,7.8
210110,CVE-2026-50667,7.8
210110,CVE-2026-50321,7.8
210110,CVE-2026-50363,7.8
210110,CVE-2026-50412,7.8
210110,CVE-2026-50480,7.8
210110,CVE-2026-50344,7.8
210110,CVE-2026-50461,7.8
210110,CVE-2026-50448,7.8
210110,CVE-2026-50498,7.8
210110,CVE-2026-50387,7.8
210110,CVE-2026-54115,7.8
210110,CVE-2026-54987,7.8
210110,CVE-2026-50422,7.8
210110,CVE-2026-50494,7.8
210110,CVE-2026-50500,7.5
210110,CVE-2026-50368,7.5
210110,CVE-2026-50695,7.5
210110,CVE-2026-50355,7.5
210110,CVE-2026-50647,7.5
210110,CVE-2026-50685,7.5
210110,CVE-2026-50505,7.5
210110,CVE-2026-50496,7.5
210110,CVE-2026-54983,7.5
210110,CVE-2026-49181,7.5
210110,CVE-2026-54119,7.5
210110,CVE-2026-50330,7.5
210110,CVE-2026-50411,7.5
210110,CVE-2026-50304,7.5
210110,CVE-2026-50328,7.5
210110,CVE-2026-57089,7.5
210110,CVE-2026-58531,7.5
210110,CVE-2026-58627,7.5
210110,CVE-2026-56648,7.5
210110,CVE-2026-50470,7.5
210110,CVE-2026-40378,7.5
210110,CVE-2026-49790,7.3
210110,CVE-2026-49789,7.3
210110,CVE-2026-58640,7.3
210110,CVE-2026-50482,7.3
210110,CVE-2026-50451,7.1
210110,CVE-2026-49791,7.1
210110,CVE-2026-50297,7.0
210110,CVE-2026-58637,7.0
210110,CVE-2026-57093,7.0
210110,CVE-2026-49803,7.0
210110,CVE-2026-50390,7.0
210110,CVE-2026-50359,7.0
210110,CVE-2026-50669,7.0
210110,CVE-2026-50325,7.0
210110,CVE-2026-58629,7.0
210110,CVE-2026-54989,7.0
210110,CVE-2026-49805,7.0
210110,CVE-2026-50490,7.0
210110,CVE-2026-50371,7.0
210110,CVE-2026-50372,7.0
210110,CVE-2026-50397,7.0
210110,CVE-2026-50491,7.0
210110,CVE-2026-50299,6.8
210110,CVE-2026-50298,6.8
210110,CVE-2026-50426,6.8
210110,CVE-2026-49804,6.6
210110,CVE-2026-58533,6.5
210110,CVE-2026-58535,6.5
210110,CVE-2026-58539,6.5
210110,CVE-2026-58546,6.5
210110,CVE-2026-50376,6.5
210110,CVE-2026-49799,6.5
210110,CVE-2026-50497,6.5
210110,CVE-2026-50366,6.5
210110,CVE-2026-50445,6.5
210110,CVE-2026-50504,6.5
210110,CVE-2026-57979,6.5
210110,CVE-2026-57976,6.5
210110,CVE-2026-57982,6.5
210110,CVE-2026-55003,6.5
210110,CVE-2026-57097,6.4
210110,CVE-2026-57095,6.2
210110,CVE-2026-50294,6.2
210110,CVE-2026-50453,6.1
210110,CVE-2026-58638,6.0
210110,CVE-2026-56649,5.9
210110,CVE-2026-50324,5.9
210110,CVE-2026-33842,5.5
210110,CVE-2026-57084,5.5
210110,CVE-2026-34346,5.5
210110,CVE-2026-50394,5.5
210110,CVE-2026-57083,5.5
210110,CVE-2026-57085,5.5
210110,CVE-2026-58614,5.5
210110,CVE-2026-58545,5.5
210110,CVE-2026-50334,5.5
210110,CVE-2026-50690,5.5
210110,CVE-2026-49177,5.5
210110,CVE-2026-50456,5.5
210110,CVE-2026-50455,5.5
210110,CVE-2026-49180,5.5
210110,CVE-2026-50431,5.5
210110,CVE-2026-50352,5.5
210110,CVE-2026-50475,5.5
210110,CVE-2026-50341,5.5
210110,CVE-2026-54997,5.5
210110,CVE-2026-49801,5.5
210110,CVE-2026-44806,5.3
210110,CVE-2026-50684,4.8
210110,CVE-2026-50312,4.7
210110,CVE-2026-49794,4.6
210110,CVE-2026-50485,4.5
210110,CVE-2026-50419,3.3
210111,CVE-2026-65791,9.8
210111,CVE-2026-62878,9.8
210111,CVE-2026-62893,9.8
210111,CVE-2026-62816,8.8
210111,CVE-2026-49179,8.8
210111,CVE-2026-62824,8.8
210111,CVE-2026-62800,8.8
210111,CVE-2026-62823,8.8
210111,CVE-2026-62785,8.8
210111,CVE-2026-62818,8.8
210111,CVE-2026-62795,8.8
210111,CVE-2026-62822,8.8
210111,CVE-2026-62784,8.8
210111,CVE-2026-62790,8.8
210111,CVE-2026-65796,8.1
210111,CVE-2026-65679,8.1
210111,CVE-2026-62778,8.1
210111,CVE-2026-62889,8.1
210111,CVE-2026-62819,8.1
210111,CVE-2026-62781,8.1
210111,CVE-2026-62792,8.1
210111,CVE-2026-62885,7.8
210111,CVE-2026-62890,7.8
210111,CVE-2026-62735,7.8
210111,CVE-2026-65790,7.8
210111,CVE-2026-65671,7.8
210111,CVE-2026-65814,7.8
210111,CVE-2026-65775,7.8
210111,CVE-2026-65774,7.8
210111,CVE-2026-62721,7.8
210111,CVE-2026-62692,7.8
210111,CVE-2026-61367,7.8
210111,CVE-2026-62776,7.8
210111,CVE-2026-62698,7.8
210111,CVE-2026-62732,7.8
210111,CVE-2026-62880,7.8
210111,CVE-2026-62701,7.8
210111,CVE-2026-62719,7.8
210111,CVE-2026-62803,7.8
210111,CVE-2026-62770,7.8
210111,CVE-2026-62755,7.8
210111,CVE-2026-62797,7.8
210111,CVE-2026-62876,7.8
210111,CVE-2026-62717,7.8
210111,CVE-2026-62812,7.8
210111,CVE-2026-62768,7.8
210111,CVE-2026-62877,7.8
210111,CVE-2026-62752,7.8
210111,CVE-2026-62733,7.8
210111,CVE-2026-61925,7.8
210111,CVE-2026-61353,7.8
210111,CVE-2026-61349,7.8
210111,CVE-2026-61365,7.8
210111,CVE-2026-61364,7.8
210111,CVE-2026-54984,7.8
210111,CVE-2026-59127,7.8
210111,CVE-2026-70345,7.8
210111,CVE-2026-70344,7.8
210111,CVE-2026-42976,7.8
210111,CVE-2026-70346,7.8
210111,CVE-2026-70347,7.8
210111,CVE-2026-61937,7.8
210111,CVE-2026-61926,7.8
210111,CVE-2026-66799,7.8
210111,CVE-2026-62758,7.8
210111,CVE-2026-62741,7.8
210111,CVE-2026-62761,7.8
210111,CVE-2026-62807,7.8
210111,CVE-2026-62711,7.8
210111,CVE-2026-62712,7.8
210111,CVE-2026-62754,7.8
210111,CVE-2026-62700,7.8
210111,CVE-2026-61363,7.5
210111,CVE-2026-59132,7.5
210111,CVE-2026-62787,7.5
210111,CVE-2026-59134,7.5
210111,CVE-2026-61352,7.5
210111,CVE-2026-62748,7.0
210111,CVE-2026-50472,7.0
210111,CVE-2026-68820,7.0
210111,CVE-2026-62728,7.0
210111,CVE-2026-62773,7.0
210111,CVE-2026-62725,7.0
210111,CVE-2026-62724,7.0
210111,CVE-2026-62723,7.0
210111,CVE-2026-62734,7.0
210111,CVE-2026-62908,7.0
210111,CVE-2026-62727,7.0
210111,CVE-2026-62729,7.0
210111,CVE-2026-59122,7.0
210111,CVE-2026-61939,7.0
210111,CVE-2026-70307,7.0
210111,CVE-2026-61348,7.0
210111,CVE-2026-61366,7.0
210111,CVE-2026-62753,7.0
210111,CVE-2026-62726,7.0
210111,CVE-2026-62699,6.8
210111,CVE-2026-70304,6.7
210111,CVE-2026-70330,6.7
210111,CVE-2026-62881,6.7
210111,CVE-2026-65799,6.7
210111,CVE-2026-65798,6.7
210111,CVE-2026-65797,6.7
210111,CVE-2026-62769,6.7
210111,CVE-2026-62883,6.7
210111,CVE-2026-61920,6.6
210111,CVE-2026-61918,6.5
210111,CVE-2026-65794,6.5
210111,CVE-2026-62750,6.5
210111,CVE-2026-61345,6.5
210111,CVE-2026-62814,6.5
210111,CVE-2026-62742,6.5
210111,CVE-2026-59138,6.5
210111,CVE-2026-62718,6.5
210111,CVE-2026-62745,6.5
210111,CVE-2026-61924,6.5
210111,CVE-2026-61921,6.5
210111,CVE-2026-62715,6.5
210111,CVE-2026-62716,6.5
210111,CVE-2026-62720,6.5
210111,CVE-2026-62714,6.5
210111,CVE-2026-68819,5.9
210111,CVE-2026-59130,5.6
210111,CVE-2026-59131,5.6
210111,CVE-2026-65784,5.5
210111,CVE-2026-65662,5.5
210111,CVE-2026-62743,5.5
210111,CVE-2026-62709,5.5
210111,CVE-2026-59136,5.5
210111,CVE-2026-62738,5.5
210111,CVE-2026-62730,5.5
210111,CVE-2026-62793,5.5
210111,CVE-2026-62746,5.5
210111,CVE-2026-62887,5.5
210111,CVE-2026-62796,5.5
210111,CVE-2026-62740,5.5
210111,CVE-2026-62786,5.5
210111,CVE-2026-59135,5.5
210111,CVE-2026-59128,5.5
210111,CVE-2026-59137,5.5
210111,CVE-2026-61360,5.5
210111,CVE-2026-61347,5.5
210111,CVE-2026-62757,5.3
210111,CVE-2026-61350,4.6
210112,CVE-2026-72983,9.8
210112,CVE-2026-72982,9.8
210112,CVE-2026-69730,9.8
210112,CVE-2026-70296,9.8
210112,CVE-2026-78445,9.8
210112,CVE-2026-69595,9.8
210112,CVE-2026-69824,9.8
210112,CVE-2026-69496,9.8
210112,CVE-2026-69276,9.8
210112,CVE-2026-69845,9.8
210112,CVE-2026-69431,9.8
210112,CVE-2026-72979,9.8
210112,CVE-2026-73025,9.8
210112,CVE-2026-68839,9.8
210112,CVE-2026-69463,9.8
210112,CVE-2026-69525,9.8
210112,CVE-2026-69590,9.8
210112,CVE-2026-69408,9.8
210112,CVE-2026-69769,9.8
210112,CVE-2026-69493,9.8
210112,CVE-2026-69829,9.8
210112,CVE-2026-69715,9.8
210112,CVE-2026-69491,9.8
210112,CVE-2026-69579,9.8
210112,CVE-2026-69768,9.8
210112,CVE-2026-69819,9.8
210112,CVE-2026-77493,9.8
210112,CVE-2026-73009,9.8
210112,CVE-2026-73018,8.8
210112,CVE-2026-69518,8.8
210112,CVE-2026-72950,8.8
210112,CVE-2026-77504,8.8
210112,CVE-2026-80096,8.8
210112,CVE-2026-72986,8.8
210112,CVE-2026-71352,8.8
210112,CVE-2026-71336,8.8
210112,CVE-2026-70203,8.8
210112,CVE-2026-69551,8.8
210112,CVE-2026-69499,8.8
210112,CVE-2026-69494,8.8
210112,CVE-2026-69860,8.8
210112,CVE-2026-69598,8.8
210112,CVE-2026-69712,8.8
210112,CVE-2026-69461,8.8
210112,CVE-2026-69603,8.8
210112,CVE-2026-69334,8.8
210112,CVE-2026-69360,8.8
210112,CVE-2026-69434,8.8
210112,CVE-2026-73016,8.8
210112,CVE-2026-69495,8.8
210112,CVE-2026-69669,8.8
210112,CVE-2026-69772,8.8
210112,CVE-2026-69676,8.8
210112,CVE-2026-72933,8.8
210112,CVE-2026-69547,8.8
210112,CVE-2026-70586,8.8
210112,CVE-2026-72959,8.8
210112,CVE-2026-69266,8.8
210112,CVE-2026-81955,8.8
210112,CVE-2026-62706,8.8
210112,CVE-2026-83996,8.8
210112,CVE-2026-73013,8.8
210112,CVE-2026-73012,8.8
210112,CVE-2026-73023,8.8
210112,CVE-2026-68828,8.8
210112,CVE-2026-69511,8.8
210112,CVE-2026-69601,8.8
210112,CVE-2026-69628,8.8
210112,CVE-2026-69291,8.8
210112,CVE-2026-83992,8.8
210112,CVE-2026-77495,8.8
210112,CVE-2026-69638,8.4
210112,CVE-2026-69479,8.4
210112,CVE-2026-77503,8.4
210112,CVE-2026-69620,8.1
210112,CVE-2026-72981,8.1
210112,CVE-2026-70563,8.1
210112,CVE-2026-70342,8.1
210112,CVE-2026-69680,8.1
210112,CVE-2026-78449,8.1
210112,CVE-2026-72987,8.1
210112,CVE-2026-69813,8.1
210112,CVE-2026-69989,8.1
210112,CVE-2026-77505,8.1
210112,CVE-2026-69827,8.1
210112,CVE-2026-69438,8.1
210112,CVE-2026-69510,8.1
210112,CVE-2026-69325,8.1
210112,CVE-2026-69524,8.1
210112,CVE-2026-69732,8.1
210112,CVE-2026-69546,8.1
210112,CVE-2026-69782,8.1
210112,CVE-2026-69786,8.1
210112,CVE-2026-68834,8.0
210112,CVE-2026-68827,8.0
210112,CVE-2026-69271,8.0
210112,CVE-2026-69418,8.0
210112,CVE-2026-69681,8.0
210112,CVE-2026-69332,8.0
210112,CVE-2026-69481,8.0
210112,CVE-2026-68876,8.0
210112,CVE-2026-69847,8.0
210112,CVE-2026-69423,8.0
210112,CVE-2026-68838,8.0
210112,CVE-2026-68878,8.0
210112,CVE-2026-68880,8.0
210112,CVE-2026-69301,8.0
210112,CVE-2026-69346,8.0
210112,CVE-2026-68894,8.0
210112,CVE-2026-69717,8.0
210112,CVE-2026-69876,8.0
210112,CVE-2026-69643,8.0
210112,CVE-2026-69371,8.0
210112,CVE-2026-69505,8.0
210112,CVE-2026-69458,8.0
210112,CVE-2026-69427,8.0
210112,CVE-2026-69807,8.0
210112,CVE-2026-69714,8.0
210112,CVE-2026-69412,8.0
210112,CVE-2026-69462,8.0
210112,CVE-2026-69619,8.0
210112,CVE-2026-69623,8.0
210112,CVE-2026-69445,7.8
210112,CVE-2026-69844,7.8
210112,CVE-2026-69841,7.8
210112,CVE-2026-72965,7.8
210112,CVE-2026-71343,7.8
210112,CVE-2026-68845,7.8
210112,CVE-2026-71334,7.8
210112,CVE-2026-80075,7.8
210112,CVE-2026-70289,7.8
210112,CVE-2026-70574,7.8
210112,CVE-2026-70564,7.8
210112,CVE-2026-69707,7.8
210112,CVE-2026-69576,7.8
210112,CVE-2026-69685,7.8
210112,CVE-2026-69821,7.8
210112,CVE-2026-69368,7.8
210112,CVE-2026-69277,7.8
210112,CVE-2026-69295,7.8
210112,CVE-2026-69571,7.8
210112,CVE-2026-84000,7.8
210112,CVE-2026-69691,7.8
210112,CVE-2026-72967,7.8
210112,CVE-2026-69604,7.8
210112,CVE-2026-62810,7.8
210112,CVE-2026-69541,7.8
210112,CVE-2026-72944,7.8
210112,CVE-2026-72957,7.8
210112,CVE-2026-71345,7.8
210112,CVE-2026-85880,7.8
210112,CVE-2026-69312,7.8
210112,CVE-2026-69758,7.8
210112,CVE-2026-69455,7.8
210112,CVE-2026-69426,7.8
210112,CVE-2026-69307,7.8
210112,CVE-2026-69421,7.8
210112,CVE-2026-69538,7.8
210112,CVE-2026-69270,7.8
210112,CVE-2026-69532,7.8
210112,CVE-2026-69269,7.8
210112,CVE-2026-69561,7.8
210112,CVE-2026-69420,7.8
210112,CVE-2026-69475,7.8
210112,CVE-2026-69582,7.8
210112,CVE-2026-69450,7.8
210112,CVE-2026-69424,7.8
210112,CVE-2026-69687,7.8
210112,CVE-2026-69585,7.8
210112,CVE-2026-69289,7.8
210112,CVE-2026-69284,7.8
210112,CVE-2026-69584,7.8
210112,CVE-2026-69731,7.8
210112,CVE-2026-69432,7.8
210112,CVE-2026-69592,7.8
210112,CVE-2026-69612,7.8
210112,CVE-2026-69608,7.8
210112,CVE-2026-69407,7.8
210112,CVE-2026-69283,7.8
210112,CVE-2026-69509,7.8
210112,CVE-2026-69324,7.8
210112,CVE-2026-69290,7.8
210112,CVE-2026-69709,7.8
210112,CVE-2026-69389,7.8
210112,CVE-2026-69265,7.8
210112,CVE-2026-69785,7.8
210112,CVE-2026-77904,7.8
210112,CVE-2026-73024,7.8
210112,CVE-2026-83995,7.8
210112,CVE-2026-68890,7.8
210112,CVE-2026-68841,7.8
210112,CVE-2026-68848,7.8
210112,CVE-2026-68892,7.8
210112,CVE-2026-68832,7.8
210112,CVE-2026-68888,7.8
210112,CVE-2026-68875,7.8
210112,CVE-2026-68885,7.8
210112,CVE-2026-68887,7.5
210112,CVE-2026-77895,7.5
210112,CVE-2026-77502,7.5
210112,CVE-2026-77886,7.5
210112,CVE-2026-77888,7.5
210112,CVE-2026-77890,7.5
210112,CVE-2026-77501,7.5
210112,CVE-2026-77889,7.5
210112,CVE-2026-77498,7.5
210112,CVE-2026-69631,7.5
210112,CVE-2026-69539,7.5
210112,CVE-2026-83989,7.5
210112,CVE-2026-77494,7.5
210112,CVE-2026-69329,7.5
210112,CVE-2026-69852,7.5
210112,CVE-2026-72954,7.5
210112,CVE-2026-72943,7.5
210112,CVE-2026-71330,7.5
210112,CVE-2026-70065,7.5
210112,CVE-2026-70587,7.5
210112,CVE-2026-69342,7.5
210112,CVE-2026-70570,7.5
210112,CVE-2026-62813,7.5
210112,CVE-2026-81355,7.5
210112,CVE-2026-69793,7.5
210112,CVE-2026-84001,7.5
210112,CVE-2026-69428,7.5
210112,CVE-2026-69607,7.5
210112,CVE-2026-69514,7.5
210112,CVE-2026-62759,7.5
210112,CVE-2026-72932,7.5
210112,CVE-2026-77499,7.5
210112,CVE-2026-77893,7.5
210112,CVE-2026-69347,7.4
210112,CVE-2026-69336,7.1
210112,CVE-2026-69338,7.1
210112,CVE-2026-69761,7.1
210112,CVE-2026-69274,7.1
210112,CVE-2026-68889,7.1
210112,CVE-2026-69688,7.1
210112,CVE-2026-69706,7.1
210112,CVE-2026-69340,7.1
210112,CVE-2026-69364,7.1
210112,CVE-2026-69396,7.1
210112,CVE-2026-69366,7.1
210112,CVE-2026-68893,7.1
210112,CVE-2026-68846,7.1
210112,CVE-2026-69305,7.1
210112,CVE-2026-69357,7.1
210112,CVE-2026-69296,7.1
210112,CVE-2026-69272,7.1
210112,CVE-2026-69337,7.1
210112,CVE-2026-69451,7.1
210112,CVE-2026-68835,7.1
210112,CVE-2026-69313,7.1
210112,CVE-2026-69335,7.0
210112,CVE-2026-69473,7.0
210112,CVE-2026-69385,7.0
210112,CVE-2026-69692,7.0
210112,CVE-2026-69287,7.0
210112,CVE-2026-69492,7.0
210112,CVE-2026-69441,7.0
210112,CVE-2026-69911,7.0
210112,CVE-2026-69488,7.0
210112,CVE-2026-69564,7.0
210112,CVE-2026-69468,7.0
210112,CVE-2026-69560,7.0
210112,CVE-2026-69410,7.0
210112,CVE-2026-69859,7.0
210112,CVE-2026-69567,7.0
210112,CVE-2026-69311,7.0
210112,CVE-2026-69341,7.0
210112,CVE-2026-69834,7.0
210112,CVE-2026-69275,7.0
210112,CVE-2026-77905,7.0
210112,CVE-2026-69394,7.0
210112,CVE-2026-69779,7.0
210112,CVE-2026-69573,7.0
210112,CVE-2026-69838,7.0
210112,CVE-2026-70562,7.0
210112,CVE-2026-69310,7.0
210112,CVE-2026-70283,7.0
210112,CVE-2026-70585,7.0
210112,CVE-2026-70568,7.0
210112,CVE-2026-70565,7.0
210112,CVE-2026-71353,7.0
210112,CVE-2026-71342,7.0
210112,CVE-2026-69500,7.0
210112,CVE-2026-69578,7.0
210112,CVE-2026-69319,7.0
210112,CVE-2026-68840,7.0
210112,CVE-2026-77894,7.0
210112,CVE-2026-68897,7.0
210112,CVE-2026-72930,7.0
210112,CVE-2026-71333,7.0
210112,CVE-2026-69817,7.0
210112,CVE-2026-69581,7.0
210112,CVE-2026-69621,7.0
210112,CVE-2026-69292,7.0
210112,CVE-2026-62694,7.0
210112,CVE-2026-69309,7.0
210112,CVE-2026-69413,7.0
210112,CVE-2026-69600,7.0
210112,CVE-2026-69613,7.0
210112,CVE-2026-69466,7.0
210112,CVE-2026-69404,7.0
210112,CVE-2026-69331,7.0
210112,CVE-2026-85360,7.0
210112,CVE-2026-71351,7.0
210112,CVE-2026-50349,7.0
210112,CVE-2026-69630,7.0
210112,CVE-2026-69362,7.0
210112,CVE-2026-69645,7.0
210112,CVE-2026-69610,7.0
210112,CVE-2026-71329,6.8
210112,CVE-2026-71350,6.8
210112,CVE-2026-71349,6.8
210112,CVE-2026-69490,6.8
210112,CVE-2026-69566,6.8
210112,CVE-2026-77892,6.8
210112,CVE-2026-72985,6.8
210112,CVE-2026-68833,6.8
210112,CVE-2026-69415,6.8
210112,CVE-2026-71348,6.8
210112,CVE-2026-69373,6.7
210112,CVE-2026-69350,6.7
210112,CVE-2026-72948,6.7
210112,CVE-2026-72927,6.7
210112,CVE-2026-69449,6.7
210112,CVE-2026-71339,6.7
210112,CVE-2026-72935,6.7
210112,CVE-2026-69497,6.5
210112,CVE-2026-72939,6.5
210112,CVE-2026-69839,6.5
210112,CVE-2026-69395,6.5
210112,CVE-2026-69624,6.5
210112,CVE-2026-72942,6.5
210112,CVE-2026-78453,6.5
210112,CVE-2026-69297,6.5
210112,CVE-2026-62762,6.5
210112,CVE-2026-68898,6.5
210112,CVE-2026-62801,6.5
210112,CVE-2026-69878,6.4
210112,CVE-2026-70582,6.4
210112,CVE-2026-71338,6.4
210112,CVE-2026-77891,6.4
210112,CVE-2026-77887,6.4
210112,CVE-2026-69929,5.9
210112,CVE-2026-69930,5.9
210112,CVE-2026-69803,5.9
210112,CVE-2026-70091,5.9
210112,CVE-2026-78523,5.9
210112,CVE-2026-72978,5.9
210112,CVE-2026-70124,5.9
210112,CVE-2026-69405,5.7
210112,CVE-2026-68874,5.7
210112,CVE-2026-69317,5.7
210112,CVE-2026-69552,5.7
210112,CVE-2026-69349,5.7
210112,CVE-2026-69372,5.7
210112,CVE-2026-69416,5.7
210112,CVE-2026-69569,5.7
210112,CVE-2026-69679,5.7
210112,CVE-2026-69723,5.7
210112,CVE-2026-69637,5.7
210112,CVE-2026-69572,5.7
210112,CVE-2026-69832,5.6
210112,CVE-2026-69318,5.5
210112,CVE-2026-69618,5.5
210112,CVE-2026-69367,5.5
210112,CVE-2026-69406,5.5
210112,CVE-2026-69609,5.5
210112,CVE-2026-69554,5.5
210112,CVE-2026-69808,5.5
210112,CVE-2026-69369,5.5
210112,CVE-2026-69288,5.5
210112,CVE-2026-68851,5.5
210112,CVE-2026-77491,5.5
210112,CVE-2026-68831,5.5
210112,CVE-2026-77492,5.5
210112,CVE-2026-68830,5.5
210112,CVE-2026-68881,5.5
210112,CVE-2026-68895,5.5
210112,CVE-2026-68852,5.5
210112,CVE-2026-69343,5.5
210112,CVE-2026-69345,5.5
210112,CVE-2026-69308,5.5
210112,CVE-2026-69770,5.5
210112,CVE-2026-69457,5.5
210112,CVE-2026-70290,5.5
210112,CVE-2026-71341,5.5
210112,CVE-2026-70145,5.5
210112,CVE-2026-69504,5.5
210112,CVE-2026-69286,5.5
210112,CVE-2026-72966,5.5
210112,CVE-2026-69527,5.5
210112,CVE-2026-69627,5.5
210112,CVE-2026-69453,5.5
210112,CVE-2026-69353,5.5
210112,CVE-2026-69376,5.5
210112,CVE-2026-69321,5.5
210112,CVE-2026-69616,5.5
210112,CVE-2026-69568,5.5
210112,CVE-2026-69672,5.5
210112,CVE-2026-69684,5.5
210112,CVE-2026-69351,5.5
210112,CVE-2026-68843,5.5
210112,CVE-2026-72937,5.5
210112,CVE-2026-78446,5.3
210112,CVE-2026-69474,4.8
210112,CVE-2026-68891,4.7
210112,CVE-2026-69853,4.7
210112,CVE-2026-69895,4.7
210112,CVE-2026-69483,4.7
210112,CVE-2026-72931,4.7
210112,CVE-2026-69548,4.6
210112,CVE-2026-69381,4.6
210112,CVE-2026-78508,4.6
210112,CVE-2026-69713,4.4
210112,CVE-2026-73019,4.3
210112,CVE-2026-78516,4.3
210113,CVE-2024-30077,8.0
210114,CVE-2024-30098,7.5
210115,CVE-2024-38140,9.8
210115,CVE-2024-38199,9.8
210115,CVE-2024-38063,9.8
210115,CVE-2024-38144,8.8
210115,CVE-2024-38180,8.8
210115,CVE-2024-38130,8.8
210115,CVE-2024-38116,8.8
210115,CVE-2024-38114,8.8
210115,CVE-2024-38115,8.8
210115,CVE-2024-38131,8.8
210115,CVE-2024-38141,7.8
210115,CVE-2024-38153,7.8
210115,CVE-2024-38127,7.8
210115,CVE-2024-38117,7.8
210115,CVE-2024-38193,7.8
210115,CVE-2024-38142,7.8
210115,CVE-2024-38133,7.8
210115,CVE-2024-38107,7.8
210115,CVE-2024-38215,7.8
210115,CVE-2024-38152,7.8
210115,CVE-2024-38125,7.8
210115,CVE-2024-38134,7.8
210115,CVE-2024-38147,7.8
210115,CVE-2024-38150,7.8
210115,CVE-2024-38135,7.8
210115,CVE-2024-38196,7.8
210115,CVE-2024-38198,7.5
210115,CVE-2024-38146,7.5
210115,CVE-2024-38145,7.5
210115,CVE-2024-38178,7.5
210115,CVE-2024-38126,7.5
210115,CVE-2024-38148,7.5
210115,CVE-2024-38132,7.5
210115,CVE-2024-38136,7.0
210115,CVE-2024-38137,7.0
210115,CVE-2024-38106,7.0
210115,CVE-2024-38223,6.8
210115,CVE-2024-21302,6.7
210115,CVE-2024-38122,5.5
210115,CVE-2024-38155,5.5
210115,CVE-2024-38151,5.5
210115,CVE-2024-38118,5.5
210115,CVE-2024-38123,4.4
210115,CVE-2024-38143,4.2
210116,CVE-2024-38259,8.8
210116,CVE-2024-43461,8.8
210116,CVE-2024-38045,8.1
210116,CVE-2024-21416,8.1
210116,CVE-2024-38240,8.1
210116,CVE-2024-38252,7.8
210116,CVE-2024-38249,7.8
210116,CVE-2024-38245,7.8
210116,CVE-2024-38242,7.8
210116,CVE-2024-38243,7.8
210116,CVE-2024-38014,7.8
210116,CVE-2024-38237,7.8
210116,CVE-2024-43457,7.8
210116,CVE-2024-38253,7.8
210116,CVE-2024-38238,7.8
210116,CVE-2024-38241,7.8
210116,CVE-2024-30073,7.8
210116,CVE-2024-38046,7.8
210116,CVE-2024-38247,7.8
210116,CVE-2024-38244,7.8
210116,CVE-2024-38119,7.5
210116,CVE-2024-38239,7.2
210116,CVE-2024-38246,7.0
210116,CVE-2024-38248,7.0
210116,CVE-2024-38235,6.5
210116,CVE-2024-38234,6.5
210116,CVE-2024-38254,5.5
210116,CVE-2024-38217,5.4
210117,CVE-2024-43599,8.8
210117,CVE-2024-43532,8.8
210117,CVE-2024-43518,8.8
210117,CVE-2024-43519,8.8
210117,CVE-2024-43533,8.8
210117,CVE-2024-43517,8.8
210117,CVE-2024-43574,8.3
210117,CVE-2024-43582,8.1
210117,CVE-2024-30092,8.0
210117,CVE-2024-43560,7.8
210117,CVE-2024-43572,7.8
210117,CVE-2024-43563,7.8
210117,CVE-2024-43514,7.8
210117,CVE-2024-43556,7.8
210117,CVE-2024-43516,7.8
210117,CVE-2024-43528,7.8
210117,CVE-2024-43509,7.8
210117,CVE-2024-43527,7.8
210117,CVE-2024-43551,7.8
210117,CVE-2024-43501,7.8
210117,CVE-2024-43583,7.8
210117,CVE-2024-43584,7.7
210117,CVE-2024-43506,7.5
210117,CVE-2024-38149,7.5
210117,CVE-2024-43515,7.5
210117,CVE-2024-43565,7.5
210117,CVE-2024-43562,7.5
210117,CVE-2024-43550,7.4
210117,CVE-2024-43553,7.4
210117,CVE-2024-43552,7.3
210117,CVE-2024-43529,7.3
210117,CVE-2024-20659,7.1
210117,CVE-2024-43615,7.1
210117,CVE-2024-43581,7.1
210117,CVE-2024-43535,7.0
210117,CVE-2024-43511,7.0
210117,CVE-2024-43523,6.8
210117,CVE-2024-43524,6.8
210117,CVE-2024-43525,6.8
210117,CVE-2024-43526,6.8
210117,CVE-2024-43536,6.8
210117,CVE-2024-43543,6.8
210117,CVE-2024-37976,6.7
210117,CVE-2024-37983,6.7
210117,CVE-2024-37982,6.7
210117,CVE-2024-43537,6.5
210117,CVE-2024-43557,6.5
210117,CVE-2024-43534,6.5
210117,CVE-2024-43559,6.5
210117,CVE-2024-43573,6.5
210117,CVE-2024-43538,6.5
210117,CVE-2024-43555,6.5
210117,CVE-2024-43558,6.5
210117,CVE-2024-43542,6.5
210117,CVE-2024-43561,6.5
210117,CVE-2024-43540,6.5
210117,CVE-2024-43547,6.5
210117,CVE-2024-43570,6.4
210117,CVE-2024-43513,6.4
210117,CVE-2024-43546,5.6
210117,CVE-2024-43571,5.6
210117,CVE-2024-43585,5.5
210117,CVE-2024-43554,5.5
210117,CVE-2024-43500,5.5
210117,CVE-2024-43508,5.5
210117,CVE-2024-43520,5.0
210118,CVE-2024-43624,8.8
210118,CVE-2024-49039,8.8
210118,CVE-2024-43627,8.8
210118,CVE-2024-43628,8.8
210118,CVE-2024-43621,8.8
210118,CVE-2024-43635,8.8
210118,CVE-2024-43622,8.8
210118,CVE-2024-43620,8.8
210118,CVE-2024-43625,8.1
210118,CVE-2024-43641,7.8
210118,CVE-2024-43629,7.8
210118,CVE-2024-43623,7.8
210118,CVE-2024-43644,7.8
210118,CVE-2024-49046,7.8
210118,CVE-2024-43636,7.8
210118,CVE-2024-43626,7.8
210118,CVE-2024-43630,7.8
210118,CVE-2024-43452,7.5
210118,CVE-2024-43642,7.5
210118,CVE-2024-43643,6.8
210118,CVE-2024-43634,6.8
210118,CVE-2024-43637,6.8
210118,CVE-2024-43449,6.8
210118,CVE-2024-43638,6.8
210118,CVE-2024-43646,6.7
210118,CVE-2024-43631,6.7
210118,CVE-2024-43633,6.5
210118,CVE-2024-43451,6.5
210118,CVE-2024-38203,6.2
210118,CVE-2024-38264,5.9
210119,CVE-2024-49112,9.8
210119,CVE-2024-49117,8.8
210119,CVE-2024-49093,8.8
210119,CVE-2024-49080,8.8
210119,CVE-2024-49102,8.8
210119,CVE-2024-49104,8.8
210119,CVE-2024-49105,8.4
210119,CVE-2024-49122,8.1
210119,CVE-2024-49118,8.1
210119,CVE-2024-49126,8.1
210119,CVE-2024-49123,8.1
210119,CVE-2024-49132,8.1
210119,CVE-2024-49127,8.1
210119,CVE-2024-49124,8.1
210119,CVE-2024-49076,7.8
210119,CVE-2024-49138,7.8
210119,CVE-2024-49114,7.8
210119,CVE-2024-49088,7.8
210119,CVE-2024-49072,7.8
210119,CVE-2024-49079,7.8
210119,CVE-2024-49090,7.8
210119,CVE-2024-49113,7.5
210119,CVE-2024-49121,7.5
210119,CVE-2024-49075,7.5
210119,CVE-2024-49096,7.5
210119,CVE-2024-49107,7.3
210119,CVE-2024-49089,7.2
210119,CVE-2024-49095,7.0
210119,CVE-2024-49097,7.0
210119,CVE-2024-49084,7.0
210119,CVE-2024-49078,6.8
210119,CVE-2024-49077,6.8
210119,CVE-2024-49082,6.8
210119,CVE-2024-49083,6.8
210119,CVE-2024-49110,6.8
210119,CVE-2024-49073,6.8
210119,CVE-2024-49092,6.8
210119,CVE-2024-49101,6.6
210119,CVE-2024-49094,6.6
210119,CVE-2024-49081,6.6
210119,CVE-2024-49109,6.6
210119,CVE-2024-49111,6.6
210119,CVE-2024-49087,4.6
210119,CVE-2024-49098,4.3
210119,CVE-2024-49103,4.3
210119,CVE-2024-49099,4.3
210120,CVE-2025-21307,9.8
210120,CVE-2025-21298,9.8
210120,CVE-2025-21311,9.8
210120,CVE-2025-21248,8.8
210120,CVE-2025-21233,8.8
210120,CVE-2025-21241,8.8
210120,CVE-2025-21413,8.8
210120,CVE-2025-21266,8.8
210120,CVE-2025-21339,8.8
210120,CVE-2025-21246,8.8
210120,CVE-2025-21303,8.8
210120,CVE-2025-21223,8.8
210120,CVE-2025-21245,8.8
210120,CVE-2025-21238,8.8
210120,CVE-2025-21250,8.8
210120,CVE-2025-21411,8.8
210120,CVE-2025-21239,8.8
210120,CVE-2025-21243,8.8
210120,CVE-2025-21273,8.8
210120,CVE-2025-21282,8.8
210120,CVE-2025-21292,8.8
210120,CVE-2025-21302,8.8
210120,CVE-2025-21286,8.8
210120,CVE-2025-21417,8.8
210120,CVE-2025-21306,8.8
210120,CVE-2025-21409,8.8
210120,CVE-2025-21305,8.8
210120,CVE-2025-21244,8.8
210120,CVE-2025-21240,8.8
210120,CVE-2025-21236,8.8
210120,CVE-2025-21293,8.8
210120,CVE-2025-21237,8.8
210120,CVE-2025-21252,8.8
210120,CVE-2025-21224,8.1
210120,CVE-2025-21294,8.1
210120,CVE-2025-21295,8.1
210120,CVE-2025-21370,7.8
210120,CVE-2025-21382,7.8
210120,CVE-2025-21378,7.8
210120,CVE-2025-21333,7.8
210120,CVE-2025-21315,7.8
210120,CVE-2025-21335,7.8
210120,CVE-2025-21281,7.8
210120,CVE-2025-21287,7.8
210120,CVE-2025-21234,7.8
210120,CVE-2025-21338,7.8
210120,CVE-2025-21325,7.8
210120,CVE-2025-21334,7.8
210120,CVE-2025-21372,7.8
210120,CVE-2025-21275,7.8
210120,CVE-2025-21235,7.8
210120,CVE-2025-21330,7.5
210120,CVE-2025-21220,7.5
210120,CVE-2025-21296,7.5
210120,CVE-2025-21207,7.5
210120,CVE-2025-21277,7.5
210120,CVE-2025-21285,7.5
210120,CVE-2025-21231,7.5
210120,CVE-2025-21270,7.5
210120,CVE-2025-21290,7.5
210120,CVE-2025-21230,7.5
210120,CVE-2025-21251,7.5
210120,CVE-2025-21289,7.5
210120,CVE-2025-21343,7.5
210120,CVE-2025-21389,7.5
210120,CVE-2025-21300,7.5
210120,CVE-2025-21276,7.5
210120,CVE-2025-21299,7.1
210120,CVE-2025-21211,6.8
210120,CVE-2025-21263,6.6
210120,CVE-2025-21255,6.6
210120,CVE-2025-21265,6.6
210120,CVE-2025-21327,6.6
210120,CVE-2025-21228,6.6
210120,CVE-2025-21261,6.6
210120,CVE-2025-21249,6.6
210120,CVE-2025-21226,6.6
210120,CVE-2025-21229,6.6
210120,CVE-2025-21341,6.6
210120,CVE-2025-21258,6.6
210120,CVE-2025-21310,6.6
210120,CVE-2025-21227,6.6
210120,CVE-2025-21324,6.6
210120,CVE-2025-21232,6.6
210120,CVE-2025-21260,6.6
210120,CVE-2025-21256,6.6
210120,CVE-2025-21313,6.5
210120,CVE-2025-21308,6.5
210120,CVE-2025-21217,6.5
210120,CVE-2025-21272,6.5
210120,CVE-2025-21314,6.5
210120,CVE-2025-21288,6.5
210120,CVE-2025-21301,6.5
210120,CVE-2025-21278,6.2
210120,CVE-2025-21202,6.1
210120,CVE-2025-21242,5.9
210120,CVE-2025-21336,5.6
210120,CVE-2025-21318,5.5
210120,CVE-2025-21340,5.5
210120,CVE-2025-21284,5.5
210120,CVE-2025-21316,5.5
210120,CVE-2025-21317,5.5
210120,CVE-2025-21274,5.5
210120,CVE-2025-21323,5.5
210120,CVE-2025-21257,5.5
210120,CVE-2025-21320,5.5
210120,CVE-2025-21374,5.5
210120,CVE-2025-21321,5.5
210120,CVE-2025-21280,5.5
210120,CVE-2025-21319,5.5
210120,CVE-2025-21215,4.6
210120,CVE-2025-21213,4.6
210120,CVE-2025-21269,4.3
210120,CVE-2025-21268,4.3
210120,CVE-2025-21332,4.3
210120,CVE-2025-21329,4.3
210120,CVE-2025-21328,4.3
210120,CVE-2025-21219,4.3
210120,CVE-2025-21189,4.3
210120,CVE-2025-21210,4.2
210120,CVE-2025-21214,4.2
210121,CVE-2025-21369,8.8
210121,CVE-2025-21406,8.8
210121,CVE-2025-21368,8.8
210121,CVE-2025-21407,8.8
210121,CVE-2025-21200,8.8
210121,CVE-2025-21371,8.8
210121,CVE-2025-21201,8.8
210121,CVE-2025-21190,8.8
210121,CVE-2025-21376,8.1
210121,CVE-2025-21418,7.8
210121,CVE-2025-21375,7.8
210121,CVE-2025-21420,7.8
210121,CVE-2025-21373,7.8
210121,CVE-2025-21358,7.8
210121,CVE-2025-21367,7.8
210121,CVE-2025-21359,7.8
210121,CVE-2025-21181,7.5
210121,CVE-2025-21351,7.5
210121,CVE-2025-21183,7.4
210121,CVE-2025-21182,7.4
210121,CVE-2025-21379,7.1
210121,CVE-2025-21391,7.1
210121,CVE-2025-21419,7.1
210121,CVE-2025-21414,7.0
210121,CVE-2025-21184,7.0
210121,CVE-2025-21349,6.8
210121,CVE-2025-21216,6.5
210121,CVE-2025-21377,6.5
210121,CVE-2025-21254,6.5
210121,CVE-2025-21212,6.5
210121,CVE-2025-21352,6.5
210121,CVE-2025-21347,6.0
210121,CVE-2025-21350,5.9
210121,CVE-2025-21179,4.8
210121,CVE-2025-21337,3.3
210122,CVE-2025-24051,8.8
210122,CVE-2025-26645,8.8
210122,CVE-2025-24056,8.8
210122,CVE-2025-24084,8.4
210122,CVE-2025-24035,8.1
210122,CVE-2025-24995,7.8
210122,CVE-2025-24048,7.8
210122,CVE-2025-24993,7.8
210122,CVE-2025-24044,7.8
210122,CVE-2025-24066,7.8
210122,CVE-2025-24046,7.8
210122,CVE-2025-24050,7.8
210122,CVE-2025-24059,7.8
210122,CVE-2025-24072,7.8
210122,CVE-2025-24061,7.8
210122,CVE-2025-24067,7.8
210122,CVE-2025-24985,7.8
210122,CVE-2025-21180,7.8
210122,CVE-2025-26634,7.5
210122,CVE-2025-24076,7.3
210122,CVE-2025-24994,7.3
210122,CVE-2025-26633,7.0
210122,CVE-2025-24988,6.6
210122,CVE-2025-24987,6.6
210122,CVE-2025-24054,6.5
210122,CVE-2025-24996,6.5
210122,CVE-2025-24071,6.5
210122,CVE-2025-24991,5.5
210122,CVE-2025-24992,5.5
210122,CVE-2025-24984,4.6
210122,CVE-2025-24997,4.4
210122,CVE-2025-24055,4.3
210122,CVE-2025-21247,4.3
210123,CVE-2025-21205,8.8
210123,CVE-2025-26669,8.8
210123,CVE-2025-21222,8.8
210123,CVE-2025-27477,8.8
210123,CVE-2025-27481,8.8
210123,CVE-2025-21221,8.8
210123,CVE-2025-27737,8.6
210123,CVE-2025-26678,8.4
210123,CVE-2025-26663,8.1
210123,CVE-2025-26670,8.1
210123,CVE-2025-27487,8.0
210123,CVE-2025-24074,7.8
210123,CVE-2025-24060,7.8
210123,CVE-2025-26679,7.8
210123,CVE-2025-29811,7.8
210123,CVE-2025-29824,7.8
210123,CVE-2025-24073,7.8
210123,CVE-2025-24058,7.8
210123,CVE-2025-26639,7.8
210123,CVE-2025-27729,7.8
210123,CVE-2025-27728,7.8
210123,CVE-2025-27731,7.8
210123,CVE-2025-21204,7.8
210123,CVE-2025-27739,7.8
210123,CVE-2025-27490,7.8
210123,CVE-2025-27476,7.8
210123,CVE-2025-27467,7.8
210123,CVE-2025-26648,7.8
210123,CVE-2025-26666,7.8
210123,CVE-2025-26675,7.8
210123,CVE-2025-26674,7.8
210123,CVE-2025-26688,7.8
210123,CVE-2025-24062,7.8
210123,CVE-2025-29812,7.8
210123,CVE-2025-27730,7.8
210123,CVE-2025-27727,7.8
210123,CVE-2025-27484,7.5
210123,CVE-2025-27469,7.5
210123,CVE-2025-26673,7.5
210123,CVE-2025-26641,7.5
210123,CVE-2025-26687,7.5
210123,CVE-2025-27473,7.5
210123,CVE-2025-26686,7.5
210123,CVE-2025-26668,7.5
210123,CVE-2025-29810,7.5
210123,CVE-2025-29809,7.1
210123,CVE-2025-27491,7.1
210123,CVE-2025-26640,7.0
210123,CVE-2025-26665,7.0
210123,CVE-2025-26649,7.0
210123,CVE-2025-21191,7.0
210123,CVE-2025-27478,7.0
210123,CVE-2025-27492,7.0
210123,CVE-2025-27732,7.0
210123,CVE-2025-27475,7.0
210123,CVE-2025-26637,6.8
210123,CVE-2025-26681,6.7
210123,CVE-2025-26672,6.5
210123,CVE-2025-21197,6.5
210123,CVE-2025-26651,6.5
210123,CVE-2025-27738,6.5
210123,CVE-2025-27735,6.0
210123,CVE-2025-27471,5.9
210123,CVE-2025-27736,5.5
210123,CVE-2025-27742,5.5
210123,CVE-2025-26644,5.1
210124,CVE-2025-29966,8.8
210124,CVE-2025-29964,8.8
210124,CVE-2025-29963,8.8
210124,CVE-2025-29967,8.8
210124,CVE-2025-29962,8.8
210124,CVE-2025-32706,7.8
210124,CVE-2025-29970,7.8
210124,CVE-2025-24063,7.8
210124,CVE-2025-32709,7.8
210124,CVE-2025-30385,7.8
210124,CVE-2025-30400,7.8
210124,CVE-2025-30388,7.8
210124,CVE-2025-32701,7.8
210124,CVE-2025-29833,7.7
210124,CVE-2025-29971,7.5
210124,CVE-2025-29969,7.5
210124,CVE-2025-29842,7.5
210124,CVE-2025-30397,7.5
210124,CVE-2025-29838,7.4
210124,CVE-2025-29841,7.0
210124,CVE-2025-27468,7.0
210124,CVE-2025-29961,6.5
210124,CVE-2025-29960,6.5
210124,CVE-2025-29830,6.5
210124,CVE-2025-29835,6.5
210124,CVE-2025-29836,6.5
210124,CVE-2025-29959,6.5
210124,CVE-2025-29832,6.5
210124,CVE-2025-29958,6.5
210124,CVE-2025-29957,6.2
210124,CVE-2025-29955,6.2
210124,CVE-2025-29974,5.7
210124,CVE-2025-29837,5.5
210124,CVE-2025-29829,5.5
210124,CVE-2025-29956,5.4
210124,CVE-2025-29839,4.0
210125,CVE-2025-33053,8.8
210125,CVE-2025-33064,8.8
210125,CVE-2025-33066,8.8
210125,CVE-2025-33073,8.8
210125,CVE-2025-33067,8.4
210125,CVE-2025-33070,8.1
210125,CVE-2025-29828,8.1
210125,CVE-2025-33075,7.8
210125,CVE-2025-32714,7.8
210125,CVE-2025-32712,7.8
210125,CVE-2025-32713,7.8
210125,CVE-2025-47955,7.8
210125,CVE-2025-32718,7.8
210125,CVE-2025-33056,7.5
210125,CVE-2025-32724,7.5
210125,CVE-2025-32721,7.3
210125,CVE-2025-32715,6.5
210125,CVE-2025-33057,6.5
210125,CVE-2025-24068,5.5
210125,CVE-2025-24069,5.5
210125,CVE-2025-24065,5.5
210125,CVE-2025-33059,5.5
210125,CVE-2025-33060,5.5
210125,CVE-2025-33062,5.5
210125,CVE-2025-33063,5.5
210125,CVE-2025-33055,5.5
210125,CVE-2025-33058,5.5
210125,CVE-2025-33065,5.5
210125,CVE-2025-32720,5.5
210125,CVE-2025-33061,5.5
210125,CVE-2025-33052,5.5
210125,CVE-2025-32719,5.5
210125,CVE-2025-32722,5.5
210125,CVE-2025-47160,5.4
210125,CVE-2025-33069,5.1
210125,CVE-2025-47969,4.4
210126,CVE-2025-47981,9.8
210126,CVE-2025-47986,8.8
210126,CVE-2025-49723,8.8
210126,CVE-2025-49687,8.8
210126,CVE-2025-49740,8.8
210126,CVE-2025-48817,8.8
210126,CVE-2025-49724,8.8
210126,CVE-2025-48822,8.6
210126,CVE-2025-33054,8.1
210126,CVE-2025-49691,8.0
210126,CVE-2025-47972,8.0
210126,CVE-2025-47993,7.8
210126,CVE-2025-47982,7.8
210126,CVE-2025-47973,7.8
210126,CVE-2025-49675,7.8
210126,CVE-2025-49726,7.8
210126,CVE-2025-47976,7.8
210126,CVE-2025-47991,7.8
210126,CVE-2025-47987,7.8
210126,CVE-2025-47971,7.8
210126,CVE-2025-47996,7.8
210126,CVE-2025-47985,7.8
210126,CVE-2025-48815,7.8
210126,CVE-2025-48799,7.8
210126,CVE-2025-48820,7.8
210126,CVE-2025-49693,7.8
210126,CVE-2025-48000,7.8
210126,CVE-2025-48816,7.8
210126,CVE-2025-48806,7.8
210126,CVE-2025-47159,7.8
210126,CVE-2025-49686,7.8
210126,CVE-2025-49660,7.8
210126,CVE-2025-49725,7.8
210126,CVE-2025-49661,7.8
210126,CVE-2025-49742,7.8
210126,CVE-2025-49689,7.8
210126,CVE-2025-49732,7.8
210126,CVE-2025-49659,7.8
210126,CVE-2025-49733,7.8
210126,CVE-2025-49721,7.8
210126,CVE-2025-49679,7.8
210126,CVE-2025-49683,7.8
210126,CVE-2025-49694,7.8
210126,CVE-2025-48805,7.8
210126,CVE-2025-49667,7.8
210126,CVE-2025-49730,7.8
210126,CVE-2025-49665,7.8
210126,CVE-2025-48814,7.5
210126,CVE-2025-47984,7.5
210126,CVE-2025-49690,7.4
210126,CVE-2025-49682,7.3
210126,CVE-2025-49680,7.3
210126,CVE-2025-48819,7.1
210126,CVE-2025-48821,7.1
210126,CVE-2025-49678,7.0
210126,CVE-2025-47975,7.0
210126,CVE-2025-49744,7.0
210126,CVE-2025-49727,7.0
210126,CVE-2025-48804,6.8
210126,CVE-2025-47999,6.8
210126,CVE-2025-48003,6.8
210126,CVE-2025-48800,6.8
210126,CVE-2025-48818,6.8
210126,CVE-2025-48001,6.8
210126,CVE-2025-48811,6.7
210126,CVE-2025-48803,6.7
210126,CVE-2025-47980,6.2
210126,CVE-2025-48823,5.9
210126,CVE-2025-48002,5.7
210126,CVE-2025-49722,5.7
210126,CVE-2025-26636,5.5
210126,CVE-2025-48810,5.5
210126,CVE-2025-48808,5.5
210126,CVE-2025-48809,5.5
210126,CVE-2025-49658,5.5
210126,CVE-2025-49684,5.5
210126,CVE-2025-49664,5.5
210126,CVE-2025-49760,3.5
210127,CVE-2025-53766,9.8
210127,CVE-2025-50165,9.8
210127,CVE-2025-50171,9.1
210127,CVE-2025-53145,8.8
210127,CVE-2025-53143,8.8
210127,CVE-2025-53144,8.8
210127,CVE-2025-53131,8.8
210127,CVE-2025-53778,8.8
210127,CVE-2025-50177,8.1
210127,CVE-2025-53726,7.8
210127,CVE-2025-53141,7.8
210127,CVE-2025-53151,7.8
210127,CVE-2025-53149,7.8
210127,CVE-2025-53154,7.8
210127,CVE-2025-55230,7.8
210127,CVE-2025-50170,7.8
210127,CVE-2025-53725,7.8
210127,CVE-2025-53789,7.8
210127,CVE-2025-53723,7.8
210127,CVE-2025-53133,7.8
210127,CVE-2025-53155,7.8
210127,CVE-2025-50173,7.8
210127,CVE-2025-50168,7.8
210127,CVE-2025-50155,7.8
210127,CVE-2025-49761,7.8
210127,CVE-2025-53724,7.8
210127,CVE-2025-50176,7.8
210127,CVE-2025-53132,7.8
210127,CVE-2025-53722,7.5
210127,CVE-2025-50169,7.5
210127,CVE-2025-50159,7.3
210127,CVE-2025-50161,7.3
210127,CVE-2025-53140,7.0
210127,CVE-2025-53142,7.0
210127,CVE-2025-53721,7.0
210127,CVE-2025-53718,7.0
210127,CVE-2025-53134,7.0
210127,CVE-2025-50158,7.0
210127,CVE-2025-53137,7.0
210127,CVE-2025-50167,7.0
210127,CVE-2025-49762,7.0
210127,CVE-2025-53135,7.0
210127,CVE-2025-53147,7.0
210127,CVE-2025-49751,6.8
210127,CVE-2025-48807,6.7
210127,CVE-2025-49743,6.7
210127,CVE-2025-50166,6.5
210127,CVE-2025-53716,6.5
210127,CVE-2025-50154,6.5
210127,CVE-2025-50172,6.5
210127,CVE-2025-53136,5.5
210127,CVE-2025-53156,5.5
210127,CVE-2025-55229,5.3
210128,CVE-2025-55234,8.8
210128,CVE-2025-54918,8.8
210128,CVE-2025-54110,8.8
210128,CVE-2025-55224,7.8
210128,CVE-2025-53800,7.8
210128,CVE-2025-54916,7.8
210128,CVE-2025-54092,7.8
210128,CVE-2025-55228,7.8
210128,CVE-2025-54111,7.8
210128,CVE-2025-54091,7.8
210128,CVE-2025-54895,7.8
210128,CVE-2025-54912,7.8
210128,CVE-2025-54894,7.8
210128,CVE-2025-54102,7.8
210128,CVE-2025-54913,7.8
210128,CVE-2025-54098,7.8
210128,CVE-2025-53805,7.5
210128,CVE-2025-54919,7.5
210128,CVE-2025-54103,7.4
210128,CVE-2025-54116,7.3
210128,CVE-2025-55236,7.3
210128,CVE-2025-54911,7.3
210128,CVE-2025-54114,7.0
210128,CVE-2025-54108,7.0
210128,CVE-2025-54099,7.0
210128,CVE-2025-53807,7.0
210128,CVE-2025-53802,7.0
210128,CVE-2025-59220,7.0
210128,CVE-2025-54105,7.0
210128,CVE-2025-49734,7.0
210128,CVE-2025-59215,7.0
210128,CVE-2025-59216,7.0
210128,CVE-2025-55223,7.0
210128,CVE-2025-54112,7.0
210128,CVE-2025-54115,7.0
210128,CVE-2025-54093,7.0
210128,CVE-2025-54915,6.7
210128,CVE-2025-53810,6.7
210128,CVE-2025-53808,6.7
210128,CVE-2025-55226,6.7
210128,CVE-2025-54094,6.7
210128,CVE-2025-54104,6.7
210128,CVE-2025-54109,6.7
210128,CVE-2025-53809,6.5
210128,CVE-2025-53803,5.5
210128,CVE-2025-53804,5.5
210128,CVE-2025-53799,5.5
210128,CVE-2025-54107,4.3
210128,CVE-2025-54917,4.3
210129,CVE-2025-49708,9.9
210129,CVE-2025-58718,8.8
210129,CVE-2025-58716,8.8
210129,CVE-2025-58715,8.8
210129,CVE-2025-59295,8.8
210129,CVE-2025-58728,7.8
210129,CVE-2025-58714,7.8
210129,CVE-2025-24052,7.8
210129,CVE-2025-58722,7.8
210129,CVE-2025-55328,7.8
210129,CVE-2025-55696,7.8
210129,CVE-2025-55680,7.8
210129,CVE-2025-55701,7.8
210129,CVE-2025-55339,7.8
210129,CVE-2025-58720,7.8
210129,CVE-2025-53768,7.8
210129,CVE-2025-55692,7.8
210129,CVE-2025-59201,7.8
210129,CVE-2025-59242,7.8
210129,CVE-2025-59199,7.8
210129,CVE-2025-59191,7.8
210129,CVE-2025-55694,7.8
210129,CVE-2025-53150,7.8
210129,CVE-2025-24990,7.8
210129,CVE-2025-59254,7.8
210129,CVE-2025-59230,7.8
210129,CVE-2025-59290,7.8
210129,CVE-2025-59187,7.8
210129,CVE-2025-59207,7.8
210129,CVE-2025-59277,7.8
210129,CVE-2025-59192,7.8
210129,CVE-2025-59241,7.8
210129,CVE-2025-55677,7.8
210129,CVE-2025-59278,7.8
210129,CVE-2025-59255,7.8
210129,CVE-2025-59275,7.8
210129,CVE-2025-50175,7.8
210129,CVE-2025-50152,7.8
210129,CVE-2025-59200,7.7
210129,CVE-2025-53139,7.7
210129,CVE-2025-55698,7.7
210129,CVE-2025-59502,7.5
210129,CVE-2025-58726,7.5
210129,CVE-2025-55326,7.5
210129,CVE-2025-59206,7.4
210129,CVE-2025-59210,7.4
210129,CVE-2025-55335,7.4
210129,CVE-2025-48004,7.4
210129,CVE-2025-59189,7.4
210129,CVE-2025-55687,7.4
210129,CVE-2025-55693,7.4
210129,CVE-2025-25004,7.3
210129,CVE-2025-59208,7.1
210129,CVE-2025-55681,7.0
210129,CVE-2025-55685,7.0
210129,CVE-2025-58735,7.0
210129,CVE-2025-50174,7.0
210129,CVE-2025-59205,7.0
210129,CVE-2025-59202,7.0
210129,CVE-2025-59196,7.0
210129,CVE-2025-59194,7.0
210129,CVE-2025-59289,7.0
210129,CVE-2025-59193,7.0
210129,CVE-2025-59195,7.0
210129,CVE-2025-59261,7.0
210129,CVE-2025-55688,7.0
210129,CVE-2025-55689,7.0
210129,CVE-2025-55331,7.0
210129,CVE-2025-55691,7.0
210129,CVE-2025-55678,7.0
210129,CVE-2025-59282,7.0
210129,CVE-2025-55340,7.0
210129,CVE-2025-58731,7.0
210129,CVE-2025-55686,7.0
210129,CVE-2025-55684,7.0
210129,CVE-2025-53717,7.0
210129,CVE-2025-58730,7.0
210129,CVE-2025-58727,7.0
210129,CVE-2025-58738,7.0
210129,CVE-2025-58734,7.0
210129,CVE-2025-58733,7.0
210129,CVE-2025-58725,7.0
210129,CVE-2025-58736,7.0
210129,CVE-2025-58732,7.0
210129,CVE-2025-55690,7.0
210129,CVE-2025-58729,6.5
210129,CVE-2025-58739,6.5
210129,CVE-2025-58717,6.5
210129,CVE-2025-59244,6.5
210129,CVE-2025-59257,6.5
210129,CVE-2025-59185,6.5
210129,CVE-2025-55700,6.5
210129,CVE-2025-59259,6.5
210129,CVE-2025-59214,6.5
210129,CVE-2025-48813,6.3
210129,CVE-2025-55334,6.2
210129,CVE-2025-55337,6.1
210129,CVE-2025-55338,6.1
210129,CVE-2025-55682,6.1
210129,CVE-2025-55333,6.1
210129,CVE-2025-55332,6.1
210129,CVE-2025-55330,6.1
210129,CVE-2025-55699,5.5
210129,CVE-2025-55695,5.5
210129,CVE-2025-59209,5.5
210129,CVE-2025-59211,5.5
210129,CVE-2025-55336,5.5
210129,CVE-2025-59204,5.5
210129,CVE-2025-55325,5.5
210129,CVE-2025-59253,5.5
210129,CVE-2025-55676,5.5
210129,CVE-2025-59203,5.5
210129,CVE-2025-59190,5.5
210129,CVE-2025-59197,5.5
210129,CVE-2025-55679,5.1
210129,CVE-2025-59198,5.0
210129,CVE-2025-58719,4.7
210129,CVE-2025-59284,3.3
210129,CVE-2025-59280,3.1
210129,CVE-2025-59294,2.1
210130,CVE-2025-60724,9.8
210130,CVE-2025-60715,8.0
210130,CVE-2025-62452,8.0
210130,CVE-2025-60703,7.8
210130,CVE-2025-59511,7.8
210130,CVE-2025-60705,7.8
210130,CVE-2025-60710,7.8
210130,CVE-2025-60707,7.8
210130,CVE-2025-60720,7.8
210130,CVE-2025-60709,7.8
210130,CVE-2025-60718,7.8
210130,CVE-2025-60721,7.8
210130,CVE-2025-59514,7.8
210130,CVE-2025-59512,7.8
210130,CVE-2025-59505,7.8
210130,CVE-2025-60704,7.5
210130,CVE-2025-60717,7.0
210130,CVE-2025-60719,7.0
210130,CVE-2025-62219,7.0
210130,CVE-2025-62215,7.0
210130,CVE-2025-59508,7.0
210130,CVE-2025-59515,7.0
210130,CVE-2025-62217,7.0
210130,CVE-2025-59506,7.0
210130,CVE-2025-60716,7.0
210130,CVE-2025-59507,7.0
210130,CVE-2025-62218,7.0
210130,CVE-2025-62213,7.0
210130,CVE-2025-60708,6.5
210130,CVE-2025-60723,6.3
210130,CVE-2025-62209,5.5
210130,CVE-2025-60706,5.5
210130,CVE-2025-62208,5.5
210130,CVE-2025-59510,5.5
210130,CVE-2025-59509,5.5
210130,CVE-2025-59513,5.5
210131,CVE-2025-62549,8.8
210131,CVE-2025-64678,8.8
210131,CVE-2025-62456,8.8
210131,CVE-2025-55233,7.8
210131,CVE-2025-59517,7.8
210131,CVE-2025-62466,7.8
210131,CVE-2025-62571,7.8
210131,CVE-2025-62464,7.8
210131,CVE-2025-62462,7.8
210131,CVE-2025-62454,7.8
210131,CVE-2025-62461,7.8
210131,CVE-2025-62572,7.8
210131,CVE-2025-62221,7.8
210131,CVE-2025-62467,7.8
210131,CVE-2025-64661,7.8
210131,CVE-2025-64673,7.8
210131,CVE-2025-62472,7.8
210131,CVE-2025-64679,7.8
210131,CVE-2025-62470,7.8
210131,CVE-2025-62457,7.8
210131,CVE-2025-64680,7.8
210131,CVE-2025-59516,7.8
210131,CVE-2025-54100,7.8
210131,CVE-2025-62474,7.8
210131,CVE-2025-64658,7.5
210131,CVE-2025-62565,7.3
210131,CVE-2025-62570,7.1
210131,CVE-2025-62469,7.0
210131,CVE-2025-62573,7.0
210131,CVE-2025-62569,7.0
210131,CVE-2025-62473,6.5
210131,CVE-2025-62463,6.5
210131,CVE-2025-62465,6.5
210131,CVE-2025-64670,6.5
210131,CVE-2025-62468,5.5
210131,CVE-2025-62567,5.3
210132,CVE-2026-20868,8.8
210132,CVE-2026-20856,8.1
210132,CVE-2026-20931,8.0
210132,CVE-2026-20820,7.8
210132,CVE-2026-20817,7.8
210132,CVE-2026-20871,7.8
210132,CVE-2026-20816,7.8
210132,CVE-2026-20832,7.8
210132,CVE-2026-20923,7.8
210132,CVE-2026-20938,7.8
210132,CVE-2026-20866,7.8
210132,CVE-2026-20831,7.8
210132,CVE-2026-20822,7.8
210132,CVE-2026-20858,7.8
210132,CVE-2026-20826,7.8
210132,CVE-2026-20860,7.8
210132,CVE-2026-20840,7.8
210132,CVE-2026-20941,7.8
210132,CVE-2026-20809,7.8
210132,CVE-2026-20924,7.8
210132,CVE-2026-20922,7.8
210132,CVE-2026-20874,7.8
210132,CVE-2026-20873,7.8
210132,CVE-2026-20864,7.8
210132,CVE-2026-20861,7.8
210132,CVE-2026-20918,7.8
210132,CVE-2026-20837,7.8
210132,CVE-2026-20867,7.8
210132,CVE-2026-20811,7.8
210132,CVE-2026-20859,7.8
210132,CVE-2026-20877,7.8
210132,CVE-2026-20843,7.8
210132,CVE-2026-20865,7.8
210132,CVE-2026-20857,7.8
210132,CVE-2026-20870,7.8
210132,CVE-2026-20804,7.7
210132,CVE-2026-20852,7.7
210132,CVE-2026-20934,7.5
210132,CVE-2026-20921,7.5
210132,CVE-2026-20875,7.5
210132,CVE-2026-20926,7.5
210132,CVE-2026-20854,7.5
210132,CVE-2026-20849,7.5
210132,CVE-2026-20919,7.5
210132,CVE-2026-20848,7.5
210132,CVE-2026-20844,7.4
210132,CVE-2026-20853,7.4
210132,CVE-2026-20863,7.0
210132,CVE-2026-20814,7.0
210132,CVE-2026-20842,7.0
210132,CVE-2026-20808,7.0
210132,CVE-2026-20836,7.0
210132,CVE-2026-20815,7.0
210132,CVE-2026-20869,7.0
210132,CVE-2026-21221,7.0
210132,CVE-2026-20876,6.7
210132,CVE-2026-20847,6.5
210132,CVE-2026-20812,6.5
210132,CVE-2026-20925,6.5
210132,CVE-2026-20872,6.5
210132,CVE-2026-21265,6.4
210132,CVE-2026-20851,6.2
210132,CVE-2026-20935,6.2
210132,CVE-2026-20821,6.2
210132,CVE-2026-20937,5.5
210132,CVE-2026-20827,5.5
210132,CVE-2026-20824,5.5
210132,CVE-2026-20829,5.5
210132,CVE-2026-20939,5.5
210132,CVE-2026-20839,5.5
210132,CVE-2026-20862,5.5
210132,CVE-2026-20819,5.5
210132,CVE-2026-20805,5.5
210132,CVE-2026-20838,5.5
210132,CVE-2026-20823,5.5
210132,CVE-2026-20932,5.5
210132,CVE-2026-20835,5.5
210132,CVE-2026-20927,5.3
210132,CVE-2026-20834,4.6
210132,CVE-2026-20828,4.6
210132,CVE-2026-20962,4.4
210132,CVE-2026-20825,4.4
210132,CVE-2026-20936,4.3
210133,CVE-2026-21513,8.8
210133,CVE-2026-21510,8.8
210133,CVE-2026-21255,8.8
210133,CVE-2026-21245,7.8
210133,CVE-2026-21231,7.8
210133,CVE-2026-21232,7.8
210133,CVE-2026-21246,7.8
210133,CVE-2026-21240,7.8
210133,CVE-2026-21250,7.8
210133,CVE-2026-21238,7.8
210133,CVE-2026-21236,7.8
210133,CVE-2026-21239,7.8
210133,CVE-2026-21533,7.8
210133,CVE-2026-21519,7.8
210133,CVE-2026-20846,7.5
210133,CVE-2026-21244,7.3
210133,CVE-2026-21248,7.3
210133,CVE-2026-21247,7.3
210133,CVE-2026-21241,7.0
210133,CVE-2026-21508,7.0
210133,CVE-2026-21242,7.0
210133,CVE-2026-21237,7.0
210133,CVE-2026-21253,7.0
210133,CVE-2026-21234,7.0
210133,CVE-2026-21525,6.2
210133,CVE-2026-21222,5.5
210133,CVE-2026-21249,3.3
210134,CVE-2026-24283,8.8
210134,CVE-2026-25188,8.8
210134,CVE-2026-25177,8.8
210134,CVE-2026-23669,8.8
210134,CVE-2026-26111,8.0
210134,CVE-2026-25173,8.0
210134,CVE-2026-25172,8.0
210134,CVE-2026-24291,7.8
210134,CVE-2026-24292,7.8
210134,CVE-2026-25187,7.8
210134,CVE-2026-25190,7.8
210134,CVE-2026-25176,7.8
210134,CVE-2026-24290,7.8
210134,CVE-2026-24289,7.8
210134,CVE-2026-24287,7.8
210134,CVE-2026-23673,7.8
210134,CVE-2026-24294,7.8
210134,CVE-2026-26128,7.8
210134,CVE-2026-26132,7.8
210134,CVE-2026-23672,7.8
210134,CVE-2026-25174,7.8
210134,CVE-2026-25165,7.8
210134,CVE-2026-24293,7.8
210134,CVE-2026-25181,7.5
210134,CVE-2026-23674,7.5
210134,CVE-2026-25167,7.4
210134,CVE-2026-25178,7.0
210134,CVE-2026-24295,7.0
210134,CVE-2026-24285,7.0
210134,CVE-2026-24296,7.0
210134,CVE-2026-25179,7.0
210134,CVE-2026-23671,7.0
210134,CVE-2026-23667,7.0
210134,CVE-2026-25170,7.0
210134,CVE-2026-25171,7.0
210134,CVE-2026-25168,6.2
210134,CVE-2026-25169,6.2
210134,CVE-2026-24282,5.5
210134,CVE-2026-25180,5.5
210134,CVE-2026-25186,5.5
210134,CVE-2026-25185,5.3
210135,CVE-2026-33824,9.8
210135,CVE-2026-32225,8.8
210135,CVE-2026-26167,8.8
210135,CVE-2026-26178,8.8
210135,CVE-2026-32157,8.8
210135,CVE-2026-32221,8.4
210135,CVE-2026-32162,8.4
210135,CVE-2026-32091,8.4
210135,CVE-2026-33827,8.1
210135,CVE-2026-32155,7.8
210135,CVE-2026-32089,7.8
210135,CVE-2026-32076,7.8
210135,CVE-2026-32163,7.8
210135,CVE-2026-32159,7.8
210135,CVE-2026-32077,7.8
210135,CVE-2026-32164,7.8
210135,CVE-2026-32165,7.8
210135,CVE-2026-32222,7.8
210135,CVE-2026-32158,7.8
210135,CVE-2026-32078,7.8
210135,CVE-2026-32153,7.8
210135,CVE-2026-20930,7.8
210135,CVE-2026-32074,7.8
210135,CVE-2026-26176,7.8
210135,CVE-2026-26162,7.8
210135,CVE-2026-27916,7.8
210135,CVE-2026-27910,7.8
210135,CVE-2026-27915,7.8
210135,CVE-2026-27919,7.8
210135,CVE-2026-26161,7.8
210135,CVE-2026-27923,7.8
210135,CVE-2026-27907,7.8
210135,CVE-2026-27909,7.8
210135,CVE-2026-26160,7.8
210135,CVE-2026-26179,7.8
210135,CVE-2026-26184,7.8
210135,CVE-2026-26163,7.8
210135,CVE-2026-26168,7.8
210135,CVE-2026-32090,7.8
210135,CVE-2026-26156,7.8
210135,CVE-2026-26181,7.8
210135,CVE-2026-26159,7.8
210135,CVE-2026-26180,7.8
210135,CVE-2026-26170,7.8
210135,CVE-2026-26153,7.8
210135,CVE-2026-26172,7.8
210135,CVE-2026-32154,7.8
210135,CVE-2026-32152,7.8
210135,CVE-2026-32183,7.8
210135,CVE-2026-33101,7.8
210135,CVE-2026-32160,7.8
210135,CVE-2026-32069,7.8
210135,CVE-2026-33098,7.8
210135,CVE-2026-27914,7.8
210135,CVE-2026-27911,7.8
210135,CVE-2026-27920,7.8
210135,CVE-2026-27918,7.8
210135,CVE-2026-27927,7.8
210135,CVE-2026-33096,7.5
210135,CVE-2026-32071,7.5
210135,CVE-2026-32156,7.4
210135,CVE-2026-32149,7.3
210135,CVE-2026-26151,7.1
210135,CVE-2026-26165,7.0
210135,CVE-2026-32082,7.0
210135,CVE-2026-27922,7.0
210135,CVE-2026-26174,7.0
210135,CVE-2026-32083,7.0
210135,CVE-2026-27917,7.0
210135,CVE-2026-27926,7.0
210135,CVE-2026-25184,7.0
210135,CVE-2026-32093,7.0
210135,CVE-2026-32068,7.0
210135,CVE-2026-32086,7.0
210135,CVE-2026-32070,7.0
210135,CVE-2026-32150,7.0
210135,CVE-2026-33100,7.0
210135,CVE-2026-32087,7.0
210135,CVE-2026-33104,7.0
210135,CVE-2026-33099,7.0
210135,CVE-2026-32075,7.0
210135,CVE-2026-32073,7.0
210135,CVE-2026-32219,7.0
210135,CVE-2026-26182,7.0
210135,CVE-2026-26166,7.0
210135,CVE-2026-26152,7.0
210135,CVE-2026-26177,7.0
210135,CVE-2026-27921,7.0
210135,CVE-2026-27908,7.0
210135,CVE-2026-27929,7.0
210135,CVE-2026-26173,7.0
210135,CVE-2026-32223,6.8
210135,CVE-2026-26155,6.5
210135,CVE-2026-27925,6.5
210135,CVE-2026-32151,6.5
210135,CVE-2026-32072,6.2
210135,CVE-2026-32088,6.1
210135,CVE-2026-26169,6.1
210135,CVE-2026-23670,5.7
210135,CVE-2026-32085,5.5
210135,CVE-2026-32079,5.5
210135,CVE-2026-32214,5.5
210135,CVE-2026-32081,5.5
210135,CVE-2026-20806,5.5
210135,CVE-2026-32218,5.5
210135,CVE-2026-32181,5.5
210135,CVE-2026-32212,5.5
210135,CVE-2026-32084,5.5
210135,CVE-2026-32215,5.5
210135,CVE-2026-32217,5.5
210135,CVE-2026-27930,5.5
210135,CVE-2026-27931,5.5
210135,CVE-2026-26175,4.6
210135,CVE-2026-20928,4.6
210135,CVE-2026-32220,4.4
210135,CVE-2026-27906,4.4
210135,CVE-2026-32202,4.3
210135,CVE-2026-33829,4.3
210136,CVE-2026-41096,9.8
210136,CVE-2026-40403,8.8
210136,CVE-2026-34329,8.8
210136,CVE-2026-40415,8.1
210136,CVE-2026-33834,7.8
210136,CVE-2026-33835,7.8
210136,CVE-2026-40398,7.8
210136,CVE-2026-40382,7.8
210136,CVE-2026-40399,7.8
210136,CVE-2026-40407,7.8
210136,CVE-2026-33841,7.8
210136,CVE-2026-33838,7.8
210136,CVE-2026-40369,7.8
210136,CVE-2026-40377,7.8
210136,CVE-2026-40397,7.8
210136,CVE-2026-40408,7.8
210136,CVE-2026-35421,7.8
210136,CVE-2026-35415,7.8
210136,CVE-2026-34330,7.8
210136,CVE-2026-34334,7.8
210136,CVE-2026-34333,7.8
210136,CVE-2026-34337,7.8
210136,CVE-2026-34351,7.8
210136,CVE-2026-34336,7.8
210136,CVE-2026-41088,7.8
210136,CVE-2026-34344,7.8
210136,CVE-2026-33837,7.8
210136,CVE-2026-33840,7.8
210136,CVE-2026-35417,7.8
210136,CVE-2026-42896,7.8
210136,CVE-2026-34338,7.8
210136,CVE-2026-34343,7.8
210136,CVE-2026-35418,7.8
210136,CVE-2026-35424,7.5
210136,CVE-2026-40405,7.5
210136,CVE-2026-32161,7.5
210136,CVE-2026-40406,7.5
210136,CVE-2026-40413,7.4
210136,CVE-2026-40414,7.4
210136,CVE-2026-40401,7.1
210136,CVE-2026-40410,7.0
210136,CVE-2026-33839,7.0
210136,CVE-2026-34331,7.0
210136,CVE-2026-34340,7.0
210136,CVE-2026-42825,7.0
210136,CVE-2026-35416,7.0
210136,CVE-2026-34341,7.0
210136,CVE-2026-34342,7.0
210136,CVE-2026-34345,7.0
210136,CVE-2026-34347,7.0
210136,CVE-2026-45585,6.8
210136,CVE-2026-32170,6.7
210136,CVE-2026-41097,6.7
210136,CVE-2026-21530,6.7
210136,CVE-2026-35422,6.5
210136,CVE-2026-40380,6.2
210136,CVE-2026-35419,5.5
210136,CVE-2026-34339,5.5
210136,CVE-2026-35423,5.4
210136,CVE-2026-32209,4.4
210137,CVE-2026-44815,9.8
210137,CVE-2026-45657,9.8
210137,CVE-2026-47291,9.8
210137,CVE-2026-42904,9.6
210137,CVE-2026-45602,9.1
210137,CVE-2026-47653,8.8
210137,CVE-2026-47289,8.8
210137,CVE-2026-42985,8.8
210137,CVE-2026-44810,8.4
210137,CVE-2026-45641,8.4
210137,CVE-2026-45607,8.4
210137,CVE-2026-47652,8.2
210137,CVE-2026-45599,8.1
210137,CVE-2026-42981,8.1
210137,CVE-2026-42974,8.1
210137,CVE-2026-45635,8.1
210137,CVE-2026-47656,7.9
210137,CVE-2026-45654,7.9
210137,CVE-2026-45588,7.9
210137,CVE-2026-48573,7.9
210137,CVE-2026-48576,7.9
210137,CVE-2026-48578,7.9
210137,CVE-2026-48568,7.9
210137,CVE-2026-48575,7.9
210137,CVE-2026-48570,7.9
210137,CVE-2026-45656,7.8
210137,CVE-2026-45638,7.8
210137,CVE-2026-45658,7.8
210137,CVE-2026-45605,7.8
210137,CVE-2026-44809,7.8
210137,CVE-2026-44803,7.8
210137,CVE-2026-44802,7.8
210137,CVE-2026-33828,7.8
210137,CVE-2026-45600,7.8
210137,CVE-2026-45592,7.8
210137,CVE-2026-44812,7.8
210137,CVE-2026-45636,7.8
210137,CVE-2026-45637,7.8
210137,CVE-2026-40409,7.8
210137,CVE-2026-45593,7.8
210137,CVE-2026-40404,7.8
210137,CVE-2026-42905,7.8
210137,CVE-2026-42980,7.8
210137,CVE-2026-42828,7.8
210137,CVE-2026-42837,7.8
210137,CVE-2026-42991,7.8
210137,CVE-2026-42829,7.8
210137,CVE-2026-42977,7.8
210137,CVE-2026-42979,7.8
210137,CVE-2026-42983,7.8
210137,CVE-2026-42978,7.8
210137,CVE-2026-42910,7.8
210137,CVE-2026-42916,7.8
210137,CVE-2026-48583,7.8
210137,CVE-2026-48574,7.8
210137,CVE-2026-42989,7.8
210137,CVE-2026-41092,7.8
210137,CVE-2026-42986,7.8
210137,CVE-2026-45487,7.8
210137,CVE-2026-45586,7.8
210137,CVE-2026-42909,7.5
210137,CVE-2026-42908,7.5
210137,CVE-2026-42993,7.5
210137,CVE-2026-42992,7.5
210137,CVE-2026-49160,7.5
210137,CVE-2026-45639,7.5
210137,CVE-2026-48563,7.5
210137,CVE-2026-44799,7.5
210137,CVE-2026-44801,7.5
210137,CVE-2026-42913,7.5
210137,CVE-2026-47648,7.0
210137,CVE-2026-45597,7.0
210137,CVE-2026-45601,7.0
210137,CVE-2026-45603,7.0
210137,CVE-2026-41108,7.0
210137,CVE-2026-45596,7.0
210137,CVE-2026-45653,7.0
210137,CVE-2026-42984,7.0
210137,CVE-2026-45640,7.0
210137,CVE-2026-45598,7.0
210137,CVE-2026-42836,7.0
210137,CVE-2026-34335,7.0
210137,CVE-2026-42911,7.0
210137,CVE-2026-42912,7.0
210137,CVE-2026-50507,6.8
210137,CVE-2026-45608,6.8
210137,CVE-2026-42903,6.5
210137,CVE-2026-42907,6.5
210137,CVE-2026-45594,5.5
210137,CVE-2026-42968,5.5
210137,CVE-2026-42970,5.5
210137,CVE-2026-45634,5.5
210137,CVE-2026-42971,5.5
210137,CVE-2026-45604,5.5
210137,CVE-2026-42915,5.5
210137,CVE-2026-45606,5.5
210137,CVE-2026-48566,5.5
210137,CVE-2026-42906,5.5
210137,CVE-2026-42973,5.5
210137,CVE-2026-42972,5.5
210137,CVE-2026-42969,5.5
210137,CVE-2026-45595,5.4
210137,CVE-2026-45655,5.3
210137,CVE-2026-42914,5.3
210137,CVE-2026-45642,3.9
210138,CVE-2026-57092,9.9
210138,CVE-2026-42990,9.8
210138,CVE-2026-56190,9.8
210138,CVE-2026-50447,9.8
210138,CVE-2026-49172,9.8
210138,CVE-2026-54990,9.8
210138,CVE-2026-56188,9.8
210138,CVE-2026-50380,9.6
210138,CVE-2026-49798,9.3
210138,CVE-2026-57090,8.8
210138,CVE-2026-57094,8.8
210138,CVE-2026-56194,8.8
210138,CVE-2026-49795,8.8
210138,CVE-2026-57087,8.8
210138,CVE-2026-58608,8.8
210138,CVE-2026-58594,8.8
210138,CVE-2026-50474,8.8
210138,CVE-2026-50385,8.8
210138,CVE-2026-50692,8.8
210138,CVE-2026-50687,8.8
210138,CVE-2026-50670,8.8
210138,CVE-2026-50398,8.8
210138,CVE-2026-50382,8.8
210138,CVE-2026-50369,8.8
210138,CVE-2026-50489,8.8
210138,CVE-2026-50413,8.8
210138,CVE-2026-50666,8.8
210138,CVE-2026-50342,8.8
210138,CVE-2026-50477,8.8
210138,CVE-2026-49178,8.8
210138,CVE-2026-58534,8.8
210138,CVE-2026-50360,8.8
210138,CVE-2026-54107,8.8
210138,CVE-2026-58626,8.8
210138,CVE-2026-56647,8.8
210138,CVE-2026-54999,8.8
210138,CVE-2026-54982,8.8
210138,CVE-2026-50340,8.5
210138,CVE-2026-49184,8.4
210138,CVE-2026-54992,8.4
210138,CVE-2026-54122,8.4
210138,CVE-2026-54128,8.4
210138,CVE-2026-56181,8.3
210138,CVE-2026-50680,8.2
210138,CVE-2026-50429,8.2
210138,CVE-2026-50439,8.1
210138,CVE-2026-50686,8.1
210138,CVE-2026-50694,8.1
210138,CVE-2026-49164,8.1
210138,CVE-2026-42900,8.1
210138,CVE-2026-50460,8.1
210138,CVE-2026-50487,8.1
210138,CVE-2026-56186,8.1
210138,CVE-2026-54995,8.1
210138,CVE-2026-50365,8.0
210138,CVE-2026-40400,8.0
210138,CVE-2026-50502,8.0
210138,CVE-2026-42975,8.0
210138,CVE-2026-54114,7.8
210138,CVE-2026-54993,7.8
210138,CVE-2026-58602,7.8
210138,CVE-2026-58536,7.8
210138,CVE-2026-58610,7.8
210138,CVE-2026-42982,7.8
210138,CVE-2026-50326,7.8
210138,CVE-2026-50461,7.8
210138,CVE-2026-50484,7.8
210138,CVE-2026-50313,7.8
210138,CVE-2026-50676,7.8
210138,CVE-2026-50498,7.8
210138,CVE-2026-50423,7.8
210138,CVE-2026-50387,7.8
210138,CVE-2026-50351,7.8
210138,CVE-2026-50333,7.8
210138,CVE-2026-55004,7.8
210138,CVE-2026-57091,7.8
210138,CVE-2026-49783,7.8
210138,CVE-2026-56650,7.8
210138,CVE-2026-56175,7.8
210138,CVE-2026-56189,7.8
210138,CVE-2026-56643,7.8
210138,CVE-2026-57096,7.8
210138,CVE-2026-58632,7.8
210138,CVE-2026-44800,7.8
210138,CVE-2026-58530,7.8
210138,CVE-2026-49793,7.8
210138,CVE-2026-58537,7.8
210138,CVE-2026-54125,7.8
210138,CVE-2026-49166,7.8
210138,CVE-2026-49800,7.8
210138,CVE-2026-49797,7.8
210138,CVE-2026-49796,7.8
210138,CVE-2026-49176,7.8
210138,CVE-2026-49808,7.8
210138,CVE-2026-49170,7.8
210138,CVE-2026-49175,7.8
210138,CVE-2026-50388,7.8
210138,CVE-2026-50494,7.8
210138,CVE-2026-50317,7.8
210138,CVE-2026-50400,7.8
210138,CVE-2026-50433,7.8
210138,CVE-2026-50471,7.8
210138,CVE-2026-50391,7.8
210138,CVE-2026-50405,7.8
210138,CVE-2026-50422,7.8
210138,CVE-2026-50357,7.8
210138,CVE-2026-50688,7.8
210138,CVE-2026-50332,7.8
210138,CVE-2026-50457,7.8
210138,CVE-2026-50679,7.8
210138,CVE-2026-50697,7.8
210138,CVE-2026-50417,7.8
210138,CVE-2026-50386,7.8
210138,CVE-2026-50448,7.8
210138,CVE-2026-50458,7.8
210138,CVE-2026-50655,7.8
210138,CVE-2026-50435,7.8
210138,CVE-2026-50309,7.8
210138,CVE-2026-50673,7.8
210138,CVE-2026-50308,7.8
210138,CVE-2026-50362,7.8
210138,CVE-2026-50402,7.8
210138,CVE-2026-50441,7.8
210138,CVE-2026-50454,7.8
210138,CVE-2026-50336,7.8
210138,CVE-2026-50469,7.8
210138,CVE-2026-50306,7.8
210138,CVE-2026-50399,7.8
210138,CVE-2026-50462,7.8
210138,CVE-2026-50427,7.8
210138,CVE-2026-50450,7.8
210138,CVE-2026-50305,7.8
210138,CVE-2026-50363,7.8
210138,CVE-2026-50486,7.8
210138,CVE-2026-50311,7.8
210138,CVE-2026-50421,7.8
210138,CVE-2026-50488,7.8
210138,CVE-2026-50509,7.8
210138,CVE-2026-50315,7.8
210138,CVE-2026-50436,7.8
210138,CVE-2026-50407,7.8
210138,CVE-2026-50476,7.8
210138,CVE-2026-50344,7.8
210138,CVE-2026-50361,7.8
210138,CVE-2026-50367,7.8
210138,CVE-2026-50478,7.8
210138,CVE-2026-50331,7.8
210138,CVE-2026-50347,7.8
210138,CVE-2026-50466,7.8
210138,CVE-2026-50321,7.8
210138,CVE-2026-50378,7.8
210138,CVE-2026-50329,7.8
210138,CVE-2026-50318,7.8
210138,CVE-2026-50493,7.8
210138,CVE-2026-50335,7.8
210138,CVE-2026-50373,7.8
210138,CVE-2026-50337,7.8
210138,CVE-2026-50346,7.8
210138,CVE-2026-50501,7.8
210138,CVE-2026-50353,7.8
210138,CVE-2026-50425,7.8
210138,CVE-2026-50440,7.8
210138,CVE-2026-50677,7.8
210138,CVE-2026-50343,7.8
210138,CVE-2026-50412,7.8
210138,CVE-2026-50689,7.8
210138,CVE-2026-50293,7.8
210138,CVE-2026-50499,7.8
210138,CVE-2026-50667,7.8
210138,CVE-2026-50327,7.8
210138,CVE-2026-54112,7.8
210138,CVE-2026-54991,7.8
210138,CVE-2026-54986,7.8
210138,CVE-2026-54115,7.8
210138,CVE-2026-54987,7.8
210138,CVE-2026-54124,7.8
210138,CVE-2026-56644,7.8
210138,CVE-2026-49792,7.8
210138,CVE-2026-54109,7.8
210138,CVE-2026-56176,7.8
210138,CVE-2026-58527,7.8
210138,CVE-2026-58601,7.8
210138,CVE-2026-58628,7.8
210138,CVE-2026-56182,7.8
210138,CVE-2026-58542,7.8
210138,CVE-2026-58609,7.8
210138,CVE-2026-58538,7.8
210138,CVE-2026-58635,7.8
210138,CVE-2026-58541,7.8
210138,CVE-2026-58613,7.8
210138,CVE-2026-58532,7.8
210138,CVE-2026-58540,7.8
210138,CVE-2026-58531,7.5
210138,CVE-2026-54983,7.5
210138,CVE-2026-54119,7.5
210138,CVE-2026-50695,7.5
210138,CVE-2026-50470,7.5
210138,CVE-2026-50496,7.5
210138,CVE-2026-50424,7.5
210138,CVE-2026-50379,7.5
210138,CVE-2026-50500,7.5
210138,CVE-2026-49171,7.5
210138,CVE-2026-49788,7.5
210138,CVE-2026-56648,7.5
210138,CVE-2026-57089,7.5
210138,CVE-2026-49787,7.5
210138,CVE-2026-50647,7.5
210138,CVE-2026-50696,7.5
210138,CVE-2026-50414,7.5
210138,CVE-2026-40378,7.5
210138,CVE-2026-50505,7.5
210138,CVE-2026-50463,7.5
210138,CVE-2026-50330,7.5
210138,CVE-2026-50411,7.5
210138,CVE-2026-54127,7.4
210138,CVE-2026-49789,7.3
210138,CVE-2026-49790,7.3
210138,CVE-2026-50482,7.3
210138,CVE-2026-50364,7.3
210138,CVE-2026-58640,7.3
210138,CVE-2026-49165,7.1
210138,CVE-2026-49791,7.1
210138,CVE-2026-50354,7.1
210138,CVE-2026-50451,7.1
210138,CVE-2026-50465,7.1
210138,CVE-2026-55144,7.1
210138,CVE-2026-50682,7.1
210138,CVE-2026-50325,7.0
210138,CVE-2026-50669,7.0
210138,CVE-2026-50348,7.0
210138,CVE-2026-50674,7.0
210138,CVE-2026-56183,7.0
210138,CVE-2026-58526,7.0
210138,CVE-2026-58637,7.0
210138,CVE-2026-54989,7.0
210138,CVE-2026-49806,7.0
210138,CVE-2026-54129,7.0
210138,CVE-2026-50372,7.0
210138,CVE-2026-50296,7.0
210138,CVE-2026-50449,7.0
210138,CVE-2026-50490,7.0
210138,CVE-2026-50384,7.0
210138,CVE-2026-50491,7.0
210138,CVE-2026-54111,7.0
210138,CVE-2026-50403,7.0
210138,CVE-2026-50358,7.0
210138,CVE-2026-50410,7.0
210138,CVE-2026-50371,7.0
210138,CVE-2026-58629,7.0
210138,CVE-2026-58544,7.0
210138,CVE-2026-58598,7.0
210138,CVE-2026-48572,7.0
210138,CVE-2026-50396,7.0
210138,CVE-2026-50297,7.0
210138,CVE-2026-50503,7.0
210138,CVE-2026-50393,7.0
210138,CVE-2026-57093,7.0
210138,CVE-2026-56187,7.0
210138,CVE-2026-49803,7.0
210138,CVE-2026-54996,7.0
210138,CVE-2026-49802,7.0
210138,CVE-2026-49183,7.0
210138,CVE-2026-58619,7.0
210138,CVE-2026-49162,7.0
210138,CVE-2026-49784,7.0
210138,CVE-2026-56173,7.0
210138,CVE-2026-49805,7.0
210138,CVE-2026-50323,7.0
210138,CVE-2026-50390,7.0
210138,CVE-2026-50307,7.0
210138,CVE-2026-50452,7.0
210138,CVE-2026-50322,7.0
210138,CVE-2026-50406,7.0
210138,CVE-2026-50459,7.0
210138,CVE-2026-50345,7.0
210138,CVE-2026-50672,7.0
210138,CVE-2026-50397,7.0
210138,CVE-2026-48571,7.0
210138,CVE-2026-50404,7.0
210138,CVE-2026-50392,7.0
210138,CVE-2026-50356,7.0
210138,CVE-2026-50359,7.0
210138,CVE-2026-54132,6.8
210138,CVE-2026-50492,6.8
210138,CVE-2026-49168,6.8
210138,CVE-2026-50299,6.8
210138,CVE-2026-58528,6.8
210138,CVE-2026-50298,6.8
210138,CVE-2026-50668,6.8
210138,CVE-2026-49804,6.6
210138,CVE-2026-55003,6.5
210138,CVE-2026-50366,6.5
210138,CVE-2026-49799,6.5
210138,CVE-2026-57976,6.5
210138,CVE-2026-57979,6.5
210138,CVE-2026-57982,6.5
210138,CVE-2026-58535,6.5
210138,CVE-2026-56168,6.5
210138,CVE-2026-50497,6.5
210138,CVE-2026-50376,6.5
210138,CVE-2026-50504,6.5
210138,CVE-2026-54126,6.5
210138,CVE-2026-50445,6.5
210138,CVE-2026-58533,6.5
210138,CVE-2026-58546,6.5
210138,CVE-2026-34348,6.5
210138,CVE-2026-58539,6.5
210138,CVE-2026-57097,6.4
210138,CVE-2026-55000,6.4
210138,CVE-2026-50374,6.3
210138,CVE-2026-58543,6.3
210138,CVE-2026-50375,6.3
210138,CVE-2026-49807,6.2
210138,CVE-2026-50294,6.2
210138,CVE-2026-50420,6.2
210138,CVE-2026-57095,6.2
210138,CVE-2026-49174,6.1
210138,CVE-2026-50661,6.1
210138,CVE-2026-50453,6.1
210138,CVE-2026-50383,6.1
210138,CVE-2026-50495,6.1
210138,CVE-2026-58638,6.0
210138,CVE-2026-56649,5.9
210138,CVE-2026-34346,5.5
210138,CVE-2026-34349,5.5
210138,CVE-2026-33842,5.5
210138,CVE-2026-49801,5.5
210138,CVE-2026-34328,5.5
210138,CVE-2026-54997,5.5
210138,CVE-2026-50352,5.5
210138,CVE-2026-50300,5.5
210138,CVE-2026-58547,5.5
210138,CVE-2026-50483,5.5
210138,CVE-2026-50381,5.5
210138,CVE-2026-50334,5.5
210138,CVE-2026-50431,5.5
210138,CVE-2026-50377,5.5
210138,CVE-2026-50339,5.5
210138,CVE-2026-50389,5.5
210138,CVE-2026-50430,5.5
210138,CVE-2026-50442,5.5
210138,CVE-2026-50690,5.5
210138,CVE-2026-50341,5.5
210138,CVE-2026-50316,5.5
210138,CVE-2026-50295,5.5
210138,CVE-2026-40422,5.5
210138,CVE-2026-41087,5.5
210138,CVE-2026-58545,5.5
210138,CVE-2026-58614,5.5
210138,CVE-2026-57084,5.5
210138,CVE-2026-56184,5.5
210138,CVE-2026-50456,5.5
210138,CVE-2026-50401,5.5
210138,CVE-2026-50350,5.5
210138,CVE-2026-50434,5.5
210138,CVE-2026-50681,5.5
210138,CVE-2026-50475,5.5
210138,CVE-2026-50409,5.5
210138,CVE-2026-50303,5.5
210138,CVE-2026-50455,5.5
210138,CVE-2026-50437,5.5
210138,CVE-2026-50473,5.5
210138,CVE-2026-50394,5.5
210138,CVE-2026-57085,5.5
210138,CVE-2026-49177,5.5
210138,CVE-2026-49180,5.5
210138,CVE-2026-57083,5.5
210138,CVE-2026-44806,5.3
210138,CVE-2026-50415,5.3
210138,CVE-2026-50432,5.3
210138,CVE-2026-50418,5.1
210138,CVE-2026-50310,4.7
210138,CVE-2026-49167,4.7
210138,CVE-2026-50312,4.7
210138,CVE-2026-49794,4.6
210138,CVE-2026-50485,4.5
210138,CVE-2026-50302,4.2
210138,CVE-2026-50416,3.3
210138,CVE-2026-50419,3.3
210139,CVE-2026-62815,9.8
210139,CVE-2026-62822,8.8
210139,CVE-2026-62784,8.8
210139,CVE-2026-49179,8.8
210139,CVE-2026-62790,8.8
210139,CVE-2026-62800,8.8
210139,CVE-2026-62795,8.8
210139,CVE-2026-62816,8.8
210139,CVE-2026-62785,8.8
210139,CVE-2026-56179,8.3
210139,CVE-2026-62792,8.1
210139,CVE-2026-62889,8.1
210139,CVE-2026-62781,8.1
210139,CVE-2026-62819,8.1
210139,CVE-2026-62732,7.8
210139,CVE-2026-65787,7.8
210139,CVE-2026-65672,7.8
210139,CVE-2026-62752,7.8
210139,CVE-2026-62722,7.8
210139,CVE-2026-62811,7.8
210139,CVE-2026-62713,7.8
210139,CVE-2026-62712,7.8
210139,CVE-2026-62717,7.8
210139,CVE-2026-62701,7.8
210139,CVE-2026-65773,7.8
210139,CVE-2026-65814,7.8
210139,CVE-2026-62700,7.8
210139,CVE-2026-65671,7.8
210139,CVE-2026-65790,7.8
210139,CVE-2026-65775,7.8
210139,CVE-2026-62880,7.8
210139,CVE-2026-65774,7.8
210139,CVE-2026-65786,7.8
210139,CVE-2026-62695,7.8
210139,CVE-2026-62696,7.8
210139,CVE-2026-62721,7.8
210139,CVE-2026-62894,7.8
210139,CVE-2026-62707,7.8
210139,CVE-2026-62733,7.8
210139,CVE-2026-62771,7.8
210139,CVE-2026-62737,7.8
210139,CVE-2026-62741,7.8
210139,CVE-2026-62736,7.8
210139,CVE-2026-62747,7.8
210139,CVE-2026-62758,7.8
210139,CVE-2026-62735,7.8
210139,CVE-2026-62719,7.8
210139,CVE-2026-62710,7.8
210139,CVE-2026-62779,7.8
210139,CVE-2026-62832,7.8
210139,CVE-2026-62755,7.8
210139,CVE-2026-62890,7.8
210139,CVE-2026-62770,7.8
210139,CVE-2026-62698,7.8
210139,CVE-2026-62885,7.8
210139,CVE-2026-62692,7.8
210139,CVE-2026-62711,7.8
210139,CVE-2026-62877,7.8
210139,CVE-2026-62768,7.8
210139,CVE-2026-62751,7.8
210139,CVE-2026-62783,7.8
210139,CVE-2026-62688,7.8
210139,CVE-2026-62754,7.8
210139,CVE-2026-62876,7.8
210139,CVE-2026-62777,7.8
210139,CVE-2026-62739,7.8
210139,CVE-2026-62888,7.8
210139,CVE-2026-61930,7.8
210139,CVE-2026-61364,7.8
210139,CVE-2026-61923,7.8
210139,CVE-2026-54984,7.8
210139,CVE-2026-66799,7.8
210139,CVE-2026-61926,7.8
210139,CVE-2026-70344,7.8
210139,CVE-2026-70345,7.8
210139,CVE-2026-42976,7.8
210139,CVE-2026-70346,7.8
210139,CVE-2026-70347,7.8
210139,CVE-2026-61357,7.8
210139,CVE-2026-61937,7.8
210139,CVE-2026-66804,7.8
210139,CVE-2026-61359,7.8
210139,CVE-2026-61365,7.8
210139,CVE-2026-61934,7.8
210139,CVE-2026-61356,7.8
210139,CVE-2026-61358,7.8
210139,CVE-2026-61925,7.8
210139,CVE-2026-61353,7.8
210139,CVE-2026-61355,7.8
210139,CVE-2026-61367,7.8
210139,CVE-2026-61349,7.8
210139,CVE-2026-59127,7.8
210139,CVE-2026-62797,7.8
210139,CVE-2026-59132,7.5
210139,CVE-2026-61363,7.5
210139,CVE-2026-61352,7.5
210139,CVE-2026-59134,7.5
210139,CVE-2026-54113,7.5
210139,CVE-2026-59122,7.0
210139,CVE-2026-59126,7.0
210139,CVE-2026-61346,7.0
210139,CVE-2026-70307,7.0
210139,CVE-2026-61927,7.0
210139,CVE-2026-61938,7.0
210139,CVE-2026-61348,7.0
210139,CVE-2026-61929,7.0
210139,CVE-2026-61939,7.0
210139,CVE-2026-50472,7.0
210139,CVE-2026-61361,7.0
210139,CVE-2026-62766,7.0
210139,CVE-2026-62726,7.0
210139,CVE-2026-61366,7.0
210139,CVE-2026-62727,7.0
210139,CVE-2026-65776,7.0
210139,CVE-2026-65783,7.0
210139,CVE-2026-62734,7.0
210139,CVE-2026-65788,7.0
210139,CVE-2026-65779,7.0
210139,CVE-2026-65678,7.0
210139,CVE-2026-65782,7.0
210139,CVE-2026-62690,7.0
210139,CVE-2026-62728,7.0
210139,CVE-2026-62892,7.0
210139,CVE-2026-62908,7.0
210139,CVE-2026-62780,7.0
210139,CVE-2026-65778,7.0
210139,CVE-2026-65781,7.0
210139,CVE-2026-65780,7.0
210139,CVE-2026-68820,7.0
210139,CVE-2026-62729,7.0
210139,CVE-2026-62723,7.0
210139,CVE-2026-62705,7.0
210139,CVE-2026-62748,7.0
210139,CVE-2026-62773,7.0
210139,CVE-2026-62774,7.0
210139,CVE-2026-62725,7.0
210139,CVE-2026-62724,7.0
210139,CVE-2026-62749,7.0
210139,CVE-2026-62788,7.0
210139,CVE-2026-62753,7.0
210139,CVE-2026-62693,7.0
210139,CVE-2026-59125,7.0
210139,CVE-2026-62699,6.8
210139,CVE-2026-62702,6.8
210139,CVE-2026-65797,6.7
210139,CVE-2026-70330,6.7
210139,CVE-2026-70304,6.7
210139,CVE-2026-65799,6.7
210139,CVE-2026-65798,6.7
210139,CVE-2026-65795,6.7
210139,CVE-2026-62769,6.7
210139,CVE-2026-62883,6.7
210139,CVE-2026-62881,6.7
210139,CVE-2026-65785,6.5
210139,CVE-2026-65794,6.5
210139,CVE-2026-59138,6.5
210139,CVE-2026-62782,6.5
210139,CVE-2026-61924,6.5
210139,CVE-2026-61918,6.5
210139,CVE-2026-61921,6.5
210139,CVE-2026-61345,6.5
210139,CVE-2026-62750,6.5
210139,CVE-2026-62708,6.4
210139,CVE-2026-59130,5.6
210139,CVE-2026-59131,5.6
210139,CVE-2026-65784,5.5
210139,CVE-2026-65662,5.5
210139,CVE-2026-62798,5.5
210139,CVE-2026-62796,5.5
210139,CVE-2026-61936,5.5
210139,CVE-2026-62887,5.5
210139,CVE-2026-62743,5.5
210139,CVE-2026-62709,5.5
210139,CVE-2026-62746,5.5
210139,CVE-2026-62730,5.5
210139,CVE-2026-62793,5.5
210139,CVE-2026-62738,5.5
210139,CVE-2026-61933,5.5
210139,CVE-2026-62740,5.5
210139,CVE-2026-62786,5.5
210139,CVE-2026-62703,5.5
210139,CVE-2026-59137,5.5
210139,CVE-2026-59136,5.5
210139,CVE-2026-59128,5.5
210139,CVE-2026-61347,5.5
210139,CVE-2026-70348,5.5
210139,CVE-2026-61928,5.5
210139,CVE-2026-59135,5.5
210139,CVE-2026-61360,5.5
210139,CVE-2026-65777,5.3
210139,CVE-2026-62757,5.3
210139,CVE-2026-61368,5.0
210139,CVE-2026-61350,4.6
210140,CVE-2026-69819,9.8
210140,CVE-2026-69824,9.8
210140,CVE-2026-69431,9.8
210140,CVE-2026-69496,9.8
210140,CVE-2026-69276,9.8
210140,CVE-2026-69525,9.8
210140,CVE-2026-69493,9.8
210140,CVE-2026-69769,9.8
210140,CVE-2026-69408,9.8
210140,CVE-2026-68839,9.8
210140,CVE-2026-69579,9.8
210140,CVE-2026-72983,9.8
210140,CVE-2026-69491,9.8
210140,CVE-2026-73009,9.8
210140,CVE-2026-77493,9.8
210140,CVE-2026-72982,9.8
210140,CVE-2026-69590,9.8
210140,CVE-2026-69910,9.8
210140,CVE-2026-69463,9.8
210140,CVE-2026-69829,9.8
210140,CVE-2026-69768,9.8
210140,CVE-2026-69715,9.8
210140,CVE-2026-70296,9.8
210140,CVE-2026-69586,9.8
210140,CVE-2026-73012,8.8
210140,CVE-2026-83992,8.8
210140,CVE-2026-83998,8.8
210140,CVE-2026-68828,8.8
210140,CVE-2026-73018,8.8
210140,CVE-2026-69386,8.8
210140,CVE-2026-77504,8.8
210140,CVE-2026-69360,8.8
210140,CVE-2026-70586,8.8
210140,CVE-2026-72933,8.8
210140,CVE-2026-80096,8.8
210140,CVE-2026-80083,8.8
210140,CVE-2026-69494,8.8
210140,CVE-2026-69511,8.8
210140,CVE-2026-73006,8.8
210140,CVE-2026-69485,8.8
210140,CVE-2026-69499,8.8
210140,CVE-2026-69740,8.8
210140,CVE-2026-69518,8.8
210140,CVE-2026-72950,8.8
210140,CVE-2026-72959,8.8
210140,CVE-2026-85877,8.8
210140,CVE-2026-69461,8.8
210140,CVE-2026-69603,8.8
210140,CVE-2026-77495,8.8
210140,CVE-2026-69784,8.8
210140,CVE-2026-73013,8.8
210140,CVE-2026-73016,8.8
210140,CVE-2026-83996,8.8
210140,CVE-2026-71352,8.8
210140,CVE-2026-69334,8.8
210140,CVE-2026-72940,8.8
210140,CVE-2026-69772,8.8
210140,CVE-2026-70203,8.8
210140,CVE-2026-69669,8.8
210140,CVE-2026-69601,8.8
210140,CVE-2026-69628,8.8
210140,CVE-2026-69291,8.8
210140,CVE-2026-69860,8.8
210140,CVE-2026-69729,8.8
210140,CVE-2026-72986,8.8
210140,CVE-2026-62706,8.8
210140,CVE-2026-81955,8.8
210140,CVE-2026-62744,8.8
210140,CVE-2026-69434,8.8
210140,CVE-2026-73023,8.8
210140,CVE-2026-69598,8.8
210140,CVE-2026-72960,8.8
210140,CVE-2026-69495,8.8
210140,CVE-2026-69676,8.8
210140,CVE-2026-69638,8.4
210140,CVE-2026-77503,8.4
210140,CVE-2026-69479,8.4
210140,CVE-2026-69906,8.2
210140,CVE-2026-72958,8.2
210140,CVE-2026-72962,8.2
210140,CVE-2026-72961,8.2
210140,CVE-2026-69846,8.2
210140,CVE-2026-81354,8.2
210140,CVE-2026-69820,8.2
210140,CVE-2026-69874,8.2
210140,CVE-2026-83997,8.1
210140,CVE-2026-69325,8.1
210140,CVE-2026-72981,8.1
210140,CVE-2026-78449,8.1
210140,CVE-2026-70342,8.1
210140,CVE-2026-69546,8.1
210140,CVE-2026-69732,8.1
210140,CVE-2026-72936,8.1
210140,CVE-2026-69786,8.1
210140,CVE-2026-69524,8.1
210140,CVE-2026-70563,8.1
210140,CVE-2026-69438,8.1
210140,CVE-2026-68894,8.0
210140,CVE-2026-68878,8.0
210140,CVE-2026-68838,8.0
210140,CVE-2026-68827,8.0
210140,CVE-2026-69681,8.0
210140,CVE-2026-69346,8.0
210140,CVE-2026-69727,8.0
210140,CVE-2026-69623,8.0
210140,CVE-2026-69418,8.0
210140,CVE-2026-69762,8.0
210140,CVE-2026-69875,8.0
210140,CVE-2026-69322,8.0
210140,CVE-2026-69689,8.0
210140,CVE-2026-69512,8.0
210140,CVE-2026-69777,8.0
210140,CVE-2026-69847,8.0
210140,CVE-2026-69826,8.0
210140,CVE-2026-69625,8.0
210140,CVE-2026-69619,8.0
210140,CVE-2026-69301,8.0
210140,CVE-2026-69423,8.0
210140,CVE-2026-69332,8.0
210140,CVE-2026-69717,8.0
210140,CVE-2026-69481,8.0
210140,CVE-2026-69271,8.0
210140,CVE-2026-69427,8.0
210140,CVE-2026-69503,8.0
210140,CVE-2026-69643,8.0
210140,CVE-2026-69505,8.0
210140,CVE-2026-69371,8.0
210140,CVE-2026-69807,8.0
210140,CVE-2026-69458,8.0
210140,CVE-2026-69714,8.0
210140,CVE-2026-69773,8.0
210140,CVE-2026-69365,8.0
210140,CVE-2026-69462,8.0
210140,CVE-2026-68876,8.0
210140,CVE-2026-68834,8.0
210140,CVE-2026-68880,8.0
210140,CVE-2026-68896,7.8
210140,CVE-2026-73000,7.8
210140,CVE-2026-73026,7.8
210140,CVE-2026-73014,7.8
210140,CVE-2026-68844,7.8
210140,CVE-2026-83981,7.8
210140,CVE-2026-83978,7.8
210140,CVE-2026-83968,7.8
210140,CVE-2026-83995,7.8
210140,CVE-2026-83952,7.8
210140,CVE-2026-83498,7.8
210140,CVE-2026-83955,7.8
210140,CVE-2026-83954,7.8
210140,CVE-2026-83980,7.8
210140,CVE-2026-83987,7.8
210140,CVE-2026-83976,7.8
210140,CVE-2026-83974,7.8
210140,CVE-2026-73020,7.8
210140,CVE-2026-73021,7.8
210140,CVE-2026-73015,7.8
210140,CVE-2026-83990,7.8
210140,CVE-2026-83986,7.8
210140,CVE-2026-83979,7.8
210140,CVE-2026-83982,7.8
210140,CVE-2026-83969,7.8
210140,CVE-2026-83942,7.8
210140,CVE-2026-69580,7.8
210140,CVE-2026-69433,7.8
210140,CVE-2026-69467,7.8
210140,CVE-2026-69541,7.8
210140,CVE-2026-68877,7.8
210140,CVE-2026-68845,7.8
210140,CVE-2026-69583,7.8
210140,CVE-2026-69323,7.8
210140,CVE-2026-69907,7.8
210140,CVE-2026-71334,7.8
210140,CVE-2026-71337,7.8
210140,CVE-2026-56198,7.8
210140,CVE-2026-71343,7.8
210140,CVE-2026-71345,7.8
210140,CVE-2026-83988,7.8
210140,CVE-2026-83983,7.8
210140,CVE-2026-77500,7.8
210140,CVE-2026-77904,7.8
210140,CVE-2026-77489,7.8
210140,CVE-2026-56172,7.8
210140,CVE-2026-69377,7.8
210140,CVE-2026-72997,7.8
210140,CVE-2026-72994,7.8
210140,CVE-2026-72992,7.8
210140,CVE-2026-72990,7.8
210140,CVE-2026-72946,7.8
210140,CVE-2026-72967,7.8
210140,CVE-2026-72993,7.8
210140,CVE-2026-69538,7.8
210140,CVE-2026-72941,7.8
210140,CVE-2026-72995,7.8
210140,CVE-2026-69584,7.8
210140,CVE-2026-69391,7.8
210140,CVE-2026-69787,7.8
210140,CVE-2026-69359,7.8
210140,CVE-2026-69407,7.8
210140,CVE-2026-69324,7.8
210140,CVE-2026-69476,7.8
210140,CVE-2026-69489,7.8
210140,CVE-2026-69290,7.8
210140,CVE-2026-69612,7.8
210140,CVE-2026-69592,7.8
210140,CVE-2026-69480,7.8
210140,CVE-2026-69432,7.8
210140,CVE-2026-69307,7.8
210140,CVE-2026-69455,7.8
210140,CVE-2026-69758,7.8
210140,CVE-2026-69532,7.8
210140,CVE-2026-69421,7.8
210140,CVE-2026-70583,7.8
210140,CVE-2026-70289,7.8
210140,CVE-2026-70581,7.8
210140,CVE-2026-69604,7.8
210140,CVE-2026-69691,7.8
210140,CVE-2026-69328,7.8
210140,CVE-2026-69921,7.8
210140,CVE-2026-69293,7.8
210140,CVE-2026-69593,7.8
210140,CVE-2026-69270,7.8
210140,CVE-2026-69582,7.8
210140,CVE-2026-69475,7.8
210140,CVE-2026-69420,7.8
210140,CVE-2026-69731,7.8
210140,CVE-2026-69269,7.8
210140,CVE-2026-69561,7.8
210140,CVE-2026-69594,7.8
210140,CVE-2026-69312,7.8
210140,CVE-2026-69508,7.8
210140,CVE-2026-69799,7.8
210140,CVE-2026-69459,7.8
210140,CVE-2026-69534,7.8
210140,CVE-2026-69509,7.8
210140,CVE-2026-69528,7.8
210140,CVE-2026-69447,7.8
210140,CVE-2026-69900,7.8
210140,CVE-2026-69608,7.8
210140,CVE-2026-69298,7.8
210140,CVE-2026-69436,7.8
210140,CVE-2026-69444,7.8
210140,CVE-2026-69283,7.8
210140,CVE-2026-69265,7.8
210140,CVE-2026-69709,7.8
210140,CVE-2026-78448,7.8
210140,CVE-2026-69445,7.8
210140,CVE-2026-69844,7.8
210140,CVE-2026-69392,7.8
210140,CVE-2026-69841,7.8
210140,CVE-2026-78447,7.8
210140,CVE-2026-80075,7.8
210140,CVE-2026-72991,7.8
210140,CVE-2026-72944,7.8
210140,CVE-2026-70574,7.8
210140,CVE-2026-70569,7.8
210140,CVE-2026-72965,7.8
210140,CVE-2026-72929,7.8
210140,CVE-2026-72988,7.8
210140,CVE-2026-72953,7.8
210140,CVE-2026-72996,7.8
210140,CVE-2026-70564,7.8
210140,CVE-2026-70584,7.8
210140,CVE-2026-69725,7.8
210140,CVE-2026-69277,7.8
210140,CVE-2026-69571,7.8
210140,CVE-2026-84000,7.8
210140,CVE-2026-62810,7.8
210140,CVE-2026-69295,7.8
210140,CVE-2026-69478,7.8
210140,CVE-2026-62697,7.8
210140,CVE-2026-81963,7.8
210140,CVE-2026-69707,7.8
210140,CVE-2026-69576,7.8
210140,CVE-2026-69790,7.8
210140,CVE-2026-69450,7.8
210140,CVE-2026-69864,7.8
210140,CVE-2026-69535,7.8
210140,CVE-2026-69456,7.8
210140,CVE-2026-69685,7.8
210140,CVE-2026-73011,7.8
210140,CVE-2026-73001,7.8
210140,CVE-2026-69720,7.8
210140,CVE-2026-73024,7.8
210140,CVE-2026-73002,7.8
210140,CVE-2026-73007,7.8
210140,CVE-2026-69289,7.8
210140,CVE-2026-69801,7.8
210140,CVE-2026-69687,7.8
210140,CVE-2026-69424,7.8
210140,CVE-2026-69348,7.8
210140,CVE-2026-69585,7.8
210140,CVE-2026-69589,7.8
210140,CVE-2026-69426,7.8
210140,CVE-2026-69284,7.8
210140,CVE-2026-69513,7.8
210140,CVE-2026-70572,7.8
210140,CVE-2026-69542,7.8
210140,CVE-2026-69368,7.8
210140,CVE-2026-69738,7.8
210140,CVE-2026-69389,7.8
210140,CVE-2026-69785,7.8
210140,CVE-2026-69352,7.8
210140,CVE-2026-69822,7.8
210140,CVE-2026-68875,7.8
210140,CVE-2026-68850,7.8
210140,CVE-2026-68885,7.8
210140,CVE-2026-68888,7.8
210140,CVE-2026-83975,7.8
210140,CVE-2026-68832,7.8
210140,CVE-2026-68892,7.8
210140,CVE-2026-68848,7.8
210140,CVE-2026-68841,7.8
210140,CVE-2026-68890,7.8
210140,CVE-2026-83973,7.8
210140,CVE-2026-83967,7.8
210140,CVE-2026-83972,7.8
210140,CVE-2026-83977,7.8
210140,CVE-2026-83971,7.8
210140,CVE-2026-83985,7.8
210140,CVE-2026-83970,7.8
210140,CVE-2026-56177,7.8
210140,CVE-2026-71330,7.5
210140,CVE-2026-69397,7.5
210140,CVE-2026-69760,7.5
210140,CVE-2026-69744,7.5
210140,CVE-2026-83989,7.5
210140,CVE-2026-68887,7.5
210140,CVE-2026-62813,7.5
210140,CVE-2026-62759,7.5
210140,CVE-2026-81355,7.5
210140,CVE-2026-84001,7.5
210140,CVE-2026-69429,7.5
210140,CVE-2026-69587,7.5
210140,CVE-2026-69428,7.5
210140,CVE-2026-70579,7.5
210140,CVE-2026-69890,7.5
210140,CVE-2026-69599,7.5
210140,CVE-2026-69588,7.5
210140,CVE-2026-69710,7.5
210140,CVE-2026-69881,7.5
210140,CVE-2026-73017,7.5
210140,CVE-2026-72932,7.5
210140,CVE-2026-69514,7.5
210140,CVE-2026-69793,7.5
210140,CVE-2026-69329,7.5
210140,CVE-2026-72949,7.5
210140,CVE-2026-69809,7.5
210140,CVE-2026-69539,7.5
210140,CVE-2026-69852,7.5
210140,CVE-2026-70570,7.5
210140,CVE-2026-70587,7.5
210140,CVE-2026-69347,7.4
210140,CVE-2026-69706,7.1
210140,CVE-2026-69482,7.1
210140,CVE-2026-69336,7.1
210140,CVE-2026-69313,7.1
210140,CVE-2026-69314,7.1
210140,CVE-2026-69396,7.1
210140,CVE-2026-68835,7.1
210140,CVE-2026-68846,7.1
210140,CVE-2026-69364,7.1
210140,CVE-2026-69358,7.1
210140,CVE-2026-69757,7.1
210140,CVE-2026-69384,7.1
210140,CVE-2026-69337,7.1
210140,CVE-2026-69536,7.1
210140,CVE-2026-69602,7.1
210140,CVE-2026-69451,7.1
210140,CVE-2026-69272,7.1
210140,CVE-2026-69460,7.1
210140,CVE-2026-69305,7.1
210140,CVE-2026-69553,7.1
210140,CVE-2026-69274,7.1
210140,CVE-2026-69366,7.1
210140,CVE-2026-69597,7.1
210140,CVE-2026-69761,7.1
210140,CVE-2026-69340,7.1
210140,CVE-2026-69688,7.1
210140,CVE-2026-69296,7.1
210140,CVE-2026-68889,7.1
210140,CVE-2026-68884,7.0
210140,CVE-2026-68837,7.0
210140,CVE-2026-68847,7.0
210140,CVE-2026-69473,7.0
210140,CVE-2026-73005,7.0
210140,CVE-2026-68840,7.0
210140,CVE-2026-68897,7.0
210140,CVE-2026-68825,7.0
210140,CVE-2026-73003,7.0
210140,CVE-2026-69281,7.0
210140,CVE-2026-69605,7.0
210140,CVE-2026-69362,7.0
210140,CVE-2026-69388,7.0
210140,CVE-2026-69517,7.0
210140,CVE-2026-69422,7.0
210140,CVE-2026-69468,7.0
210140,CVE-2026-69814,7.0
210140,CVE-2026-69299,7.0
210140,CVE-2026-69581,7.0
210140,CVE-2026-69404,7.0
210140,CVE-2026-69333,7.0
210140,CVE-2026-69652,7.0
210140,CVE-2026-69280,7.0
210140,CVE-2026-69693,7.0
210140,CVE-2026-69379,7.0
210140,CVE-2026-69331,7.0
210140,CVE-2026-62694,7.0
210140,CVE-2026-69311,7.0
210140,CVE-2026-69472,7.0
210140,CVE-2026-69735,7.0
210140,CVE-2026-69341,7.0
210140,CVE-2026-69834,7.0
210140,CVE-2026-69567,7.0
210140,CVE-2026-69682,7.0
210140,CVE-2026-69498,7.0
210140,CVE-2026-69309,7.0
210140,CVE-2026-69694,7.0
210140,CVE-2026-69300,7.0
210140,CVE-2026-69279,7.0
210140,CVE-2026-69430,7.0
210140,CVE-2026-69692,7.0
210140,CVE-2026-69838,7.0
210140,CVE-2026-69575,7.0
210140,CVE-2026-69573,7.0
210140,CVE-2026-69394,7.0
210140,CVE-2026-69563,7.0
210140,CVE-2026-69889,7.0
210140,CVE-2026-69319,7.0
210140,CVE-2026-69630,7.0
210140,CVE-2026-69448,7.0
210140,CVE-2026-69398,7.0
210140,CVE-2026-69488,7.0
210140,CVE-2026-69613,7.0
210140,CVE-2026-69466,7.0
210140,CVE-2026-69708,7.0
210140,CVE-2026-69335,7.0
210140,CVE-2026-69818,7.0
210140,CVE-2026-69859,7.0
210140,CVE-2026-69791,7.0
210140,CVE-2026-69549,7.0
210140,CVE-2026-69574,7.0
210140,CVE-2026-69275,7.0
210140,CVE-2026-69891,7.0
210140,CVE-2026-69896,7.0
210140,CVE-2026-70283,7.0
210140,CVE-2026-78464,7.0
210140,CVE-2026-80093,7.0
210140,CVE-2026-78457,7.0
210140,CVE-2026-71353,7.0
210140,CVE-2026-71333,7.0
210140,CVE-2026-71332,7.0
210140,CVE-2026-71342,7.0
210140,CVE-2026-85360,7.0
210140,CVE-2026-77899,7.0
210140,CVE-2026-77894,7.0
210140,CVE-2026-77905,7.0
210140,CVE-2026-68824,7.0
210140,CVE-2026-73022,7.0
210140,CVE-2026-83940,7.0
210140,CVE-2026-83999,7.0
210140,CVE-2026-69287,7.0
210140,CVE-2026-69621,7.0
210140,CVE-2026-71340,7.0
210140,CVE-2026-71351,7.0
210140,CVE-2026-70568,7.0
210140,CVE-2026-69440,7.0
210140,CVE-2026-69540,7.0
210140,CVE-2026-70573,7.0
210140,CVE-2026-69441,7.0
210140,CVE-2026-69911,7.0
210140,CVE-2026-69645,7.0
210140,CVE-2026-69413,7.0
210140,CVE-2026-69816,7.0
210140,CVE-2026-69470,7.0
210140,CVE-2026-69600,7.0
210140,CVE-2026-69654,7.0
210140,CVE-2026-72963,7.0
210140,CVE-2026-50349,7.0
210140,CVE-2026-70577,7.0
210140,CVE-2026-70562,7.0
210140,CVE-2026-69492,7.0
210140,CVE-2026-70565,7.0
210140,CVE-2026-69817,7.0
210140,CVE-2026-69383,7.0
210140,CVE-2026-70578,7.0
210140,CVE-2026-70567,7.0
210140,CVE-2026-69401,7.0
210140,CVE-2026-69501,7.0
210140,CVE-2026-69611,7.0
210140,CVE-2026-69648,7.0
210140,CVE-2026-69610,7.0
210140,CVE-2026-69560,7.0
210140,CVE-2026-72930,7.0
210140,CVE-2026-72952,7.0
210140,CVE-2026-72926,7.0
210140,CVE-2026-69779,7.0
210140,CVE-2026-69866,7.0
210140,CVE-2026-69516,7.0
210140,CVE-2026-69606,7.0
210140,CVE-2026-69385,7.0
210140,CVE-2026-69711,7.0
210140,CVE-2026-69578,7.0
210140,CVE-2026-69500,7.0
210140,CVE-2026-69310,7.0
210140,CVE-2026-71350,6.8
210140,CVE-2026-68833,6.8
210140,CVE-2026-69490,6.8
210140,CVE-2026-69566,6.8
210140,CVE-2026-77892,6.8
210140,CVE-2026-78451,6.8
210140,CVE-2026-71348,6.8
210140,CVE-2026-71329,6.8
210140,CVE-2026-72985,6.8
210140,CVE-2026-72999,6.8
210140,CVE-2026-71349,6.8
210140,CVE-2026-71339,6.7
210140,CVE-2026-72935,6.7
210140,CVE-2026-72927,6.7
210140,CVE-2026-69350,6.7
210140,CVE-2026-69373,6.7
210140,CVE-2026-69449,6.7
210140,CVE-2026-69469,6.6
210140,CVE-2026-62801,6.5
210140,CVE-2026-69781,6.5
210140,CVE-2026-70019,6.5
210140,CVE-2026-72942,6.5
210140,CVE-2026-78453,6.5
210140,CVE-2026-77896,6.5
210140,CVE-2026-68898,6.5
210140,CVE-2026-69374,6.5
210140,CVE-2026-72939,6.5
210140,CVE-2026-69267,6.5
210140,CVE-2026-62762,6.5
210140,CVE-2026-70582,6.4
210140,CVE-2026-72947,6.4
210140,CVE-2026-69569,5.7
210140,CVE-2026-69591,5.7
210140,CVE-2026-69349,5.7
210140,CVE-2026-69317,5.7
210140,CVE-2026-68874,5.7
210140,CVE-2026-69507,5.7
210140,CVE-2026-69723,5.7
210140,CVE-2026-69552,5.7
210140,CVE-2026-69572,5.7
210140,CVE-2026-69393,5.7
210140,CVE-2026-69832,5.6
210140,CVE-2026-68852,5.5
210140,CVE-2026-68895,5.5
210140,CVE-2026-69531,5.5
210140,CVE-2026-69294,5.5
210140,CVE-2026-68842,5.5
210140,CVE-2026-68886,5.5
210140,CVE-2026-68831,5.5
210140,CVE-2026-68851,5.5
210140,CVE-2026-68873,5.5
210140,CVE-2026-69609,5.5
210140,CVE-2026-69770,5.5
210140,CVE-2026-69674,5.5
210140,CVE-2026-69453,5.5
210140,CVE-2026-69339,5.5
210140,CVE-2026-69684,5.5
210140,CVE-2026-69367,5.5
210140,CVE-2026-69288,5.5
210140,CVE-2026-69862,5.5
210140,CVE-2026-77492,5.5
210140,CVE-2026-83991,5.5
210140,CVE-2026-83501,5.5
210140,CVE-2026-73008,5.5
210140,CVE-2026-70145,5.5
210140,CVE-2026-72937,5.5
210140,CVE-2026-69504,5.5
210140,CVE-2026-77491,5.5
210140,CVE-2026-78454,5.5
210140,CVE-2026-69344,5.5
210140,CVE-2026-69406,5.5
210140,CVE-2026-69318,5.5
210140,CVE-2026-69627,5.5
210140,CVE-2026-69315,5.5
210140,CVE-2026-69308,5.5
210140,CVE-2026-69554,5.5
210140,CVE-2026-69618,5.5
210140,CVE-2026-69616,5.5
210140,CVE-2026-69286,5.5
210140,CVE-2026-69568,5.5
210140,CVE-2026-69321,5.5
210140,CVE-2026-69390,5.5
210140,CVE-2026-69345,5.5
210140,CVE-2026-70290,5.5
210140,CVE-2026-72964,5.5
210140,CVE-2026-69794,5.5
210140,CVE-2026-69343,5.5
210140,CVE-2026-69457,5.5
210140,CVE-2026-69376,5.5
210140,CVE-2026-69353,5.5
210140,CVE-2026-69808,5.5
210140,CVE-2026-72966,5.5
210140,CVE-2026-68881,5.5
210140,CVE-2026-73004,5.5
210140,CVE-2026-68830,5.5
210140,CVE-2026-69403,5.5
210140,CVE-2026-69303,5.5
210140,CVE-2026-69741,5.5
210140,CVE-2026-69351,5.5
210140,CVE-2026-68843,5.5
210140,CVE-2026-69527,5.5
210140,CVE-2026-71341,5.5
210140,CVE-2026-78446,5.3
210140,CVE-2026-70575,5.3
210140,CVE-2026-69474,4.8
210140,CVE-2026-68891,4.7
210140,CVE-2026-69792,4.7
210140,CVE-2026-69895,4.7
210140,CVE-2026-68849,4.7
210140,CVE-2026-69483,4.7
210140,CVE-2026-72931,4.7
210140,CVE-2026-69853,4.7
210140,CVE-2026-69316,4.7
210140,CVE-2026-69425,4.7
210140,CVE-2026-69771,4.7
210140,CVE-2026-69381,4.6
210140,CVE-2026-78508,4.6
210140,CVE-2026-78452,4.6
210140,CVE-2026-69548,4.6
210140,CVE-2026-69713,4.4
210140,CVE-2026-72980,4.4
210140,CVE-2026-73019,4.3
210140,CVE-2026-78516,4.3
210140,CVE-2026-78455,4.3
210141,CVE-2024-30103,8.8
210141,CVE-2024-30104,7.8
210141,CVE-2024-30101,7.5
210141,CVE-2024-30102,7.3
210142,CVE-2024-38021,8.8
210142,CVE-2024-38020,6.5
210143,CVE-2024-38189,8.8
210143,CVE-2024-38169,7.8
210143,CVE-2024-38171,7.8
210143,CVE-2024-38172,7.8
210143,CVE-2024-38170,7.1
210143,CVE-2024-38173,6.7
210143,CVE-2024-38200,6.5
210144,CVE-2024-38016,7.8
210144,CVE-2024-43463,7.8
210144,CVE-2024-43465,7.8
210145,CVE-2024-43576,7.8
210145,CVE-2024-43504,7.8
210145,CVE-2024-43616,7.8
210145,CVE-2024-43505,7.8
210145,CVE-2024-43609,6.5
210146,CVE-2024-49027,7.8
210146,CVE-2024-49028,7.8
210146,CVE-2024-49031,7.8
210146,CVE-2024-49026,7.8
210146,CVE-2024-49029,7.8
210146,CVE-2024-49032,7.8
210146,CVE-2024-49030,7.8
210146,CVE-2024-49033,7.5
210147,CVE-2024-49142,7.8
210147,CVE-2024-49069,7.8
210147,CVE-2024-49059,7.0
210147,CVE-2024-49065,5.5
210148,CVE-2025-21354,8.4
210148,CVE-2025-21362,8.4
210148,CVE-2025-21365,7.8
210148,CVE-2025-21186,7.8
210148,CVE-2025-21345,7.8
210148,CVE-2025-21366,7.8
210148,CVE-2025-21364,7.8
210148,CVE-2025-21395,7.8
210148,CVE-2025-21363,7.8
210148,CVE-2025-21356,7.8
210148,CVE-2025-21346,7.1
210148,CVE-2025-21357,6.7
210149,CVE-2025-21383,7.8
210149,CVE-2025-21390,7.8
210149,CVE-2025-21397,7.8
210149,CVE-2025-21386,7.8
210149,CVE-2025-21387,7.8
210149,CVE-2025-21394,7.8
210149,CVE-2025-21381,7.8
210149,CVE-2025-21392,7.8
210150,CVE-2025-24083,7.8
210150,CVE-2025-24080,7.8
210150,CVE-2025-24057,7.8
210150,CVE-2025-24079,7.8
210150,CVE-2025-24077,7.8
210150,CVE-2025-24081,7.8
210150,CVE-2025-24082,7.8
210150,CVE-2025-26629,7.8
210150,CVE-2025-24075,7.8
210150,CVE-2025-26630,7.8
210150,CVE-2025-24078,7.0
210151,CVE-2025-29791,7.8
210151,CVE-2025-29822,7.8
210151,CVE-2025-29820,7.8
210151,CVE-2025-26642,7.8
210151,CVE-2025-29823,7.8
210151,CVE-2025-27745,7.8
210151,CVE-2025-27748,7.8
210151,CVE-2025-27750,7.8
210151,CVE-2025-27747,7.8
210151,CVE-2025-27752,7.8
210151,CVE-2025-27749,7.8
210151,CVE-2025-27751,7.8
210151,CVE-2025-27746,7.8
210151,CVE-2025-29816,7.5
210151,CVE-2025-29792,7.3
210152,CVE-2025-32704,8.4
210152,CVE-2025-30377,8.4
210152,CVE-2025-30386,8.4
210152,CVE-2025-29978,7.8
210152,CVE-2025-29979,7.8
210152,CVE-2025-32705,7.8
210152,CVE-2025-29977,7.8
210152,CVE-2025-30393,7.8
210152,CVE-2025-30383,7.8
210152,CVE-2025-30375,7.8
210152,CVE-2025-30379,7.8
210152,CVE-2025-30376,7.8
210152,CVE-2025-30381,7.8
210153,CVE-2025-47953,8.4
210153,CVE-2025-47162,8.4
210153,CVE-2025-47957,8.4
210153,CVE-2025-32717,8.4
210153,CVE-2025-47167,8.4
210153,CVE-2025-47164,8.4
210153,CVE-2025-47174,7.8
210153,CVE-2025-47175,7.8
210153,CVE-2025-47170,7.8
210153,CVE-2025-47169,7.8
210153,CVE-2025-47173,7.8
210153,CVE-2025-47168,7.8
210153,CVE-2025-47176,7.8
210153,CVE-2025-47165,7.8
210153,CVE-2025-47171,6.7
210154,CVE-2025-49695,8.4
210154,CVE-2025-49696,8.4
210154,CVE-2025-49697,8.4
210154,CVE-2025-47994,7.8
210154,CVE-2025-49703,7.8
210154,CVE-2025-49705,7.8
210154,CVE-2025-49702,7.8
210154,CVE-2025-49700,7.8
210154,CVE-2025-49711,7.8
210154,CVE-2025-49698,7.8
210154,CVE-2025-49699,7.0
210154,CVE-2025-48812,5.5
210154,CVE-2025-49756,3.3
210155,CVE-2025-53731,8.4
210155,CVE-2025-53733,8.4
210155,CVE-2025-53784,8.4
210155,CVE-2025-53740,8.4
210155,CVE-2025-53734,7.8
210155,CVE-2025-53735,7.8
210155,CVE-2025-53741,7.8
210155,CVE-2025-53737,7.8
210155,CVE-2025-53730,7.8
210155,CVE-2025-53739,7.8
210155,CVE-2025-53759,7.8
210155,CVE-2025-53738,7.8
210155,CVE-2025-53761,7.8
210155,CVE-2025-53736,6.8
210156,CVE-2025-54910,8.4
210156,CVE-2025-54907,7.8
210156,CVE-2025-54906,7.8
210156,CVE-2025-54903,7.8
210156,CVE-2025-54898,7.8
210156,CVE-2025-54896,7.8
210156,CVE-2025-54899,7.8
210156,CVE-2025-54904,7.8
210156,CVE-2025-54908,7.8
210156,CVE-2025-54902,7.8
210156,CVE-2025-54900,7.8
210156,CVE-2025-54905,7.1
210156,CVE-2025-54901,5.5
210157,CVE-2025-59236,8.4
210157,CVE-2025-59227,7.8
210157,CVE-2025-59238,7.8
210157,CVE-2025-59243,7.8
210157,CVE-2025-59224,7.8
210157,CVE-2025-59233,7.8
210157,CVE-2025-59225,7.8
210157,CVE-2025-59226,7.8
210157,CVE-2025-59234,7.8
210157,CVE-2025-59222,7.8
210157,CVE-2025-59223,7.8
210157,CVE-2025-59231,7.8
210157,CVE-2025-59232,7.1
210157,CVE-2025-59235,7.1
210157,CVE-2025-59221,7.0
210157,CVE-2025-59229,5.5
210158,CVE-2025-60727,7.8
210158,CVE-2025-62216,7.8
210158,CVE-2025-62199,7.8
210158,CVE-2025-62205,7.8
210158,CVE-2025-62200,7.8
210158,CVE-2025-62203,7.8
210158,CVE-2025-62201,7.8
210158,CVE-2025-62202,7.1
210158,CVE-2025-60726,7.1
210158,CVE-2025-59240,5.5
210158,CVE-2025-60728,4.3
210159,CVE-2025-62557,8.4
210159,CVE-2025-62554,8.4
210159,CVE-2025-62556,7.8
210159,CVE-2025-62562,7.8
210159,CVE-2025-62561,7.8
210159,CVE-2025-62563,7.8
210159,CVE-2025-62559,7.8
210159,CVE-2025-62552,7.8
210159,CVE-2025-62564,7.8
210159,CVE-2025-62558,7.8
210159,CVE-2025-62553,7.8
210159,CVE-2025-62560,7.8
210159,CVE-2025-62555,7.0
210160,CVE-2026-20952,8.4
210160,CVE-2026-20953,8.4
210160,CVE-2026-20944,8.4
210160,CVE-2026-20950,7.8
210160,CVE-2026-20948,7.8
210160,CVE-2026-20955,7.8
210160,CVE-2026-20946,7.8
210160,CVE-2026-20957,7.8
210160,CVE-2026-20949,7.8
210160,CVE-2026-20956,7.8
210160,CVE-2026-21509,7.8
210161,CVE-2026-21514,7.8
210161,CVE-2026-21259,7.8
210161,CVE-2026-21260,7.5
210161,CVE-2026-21511,7.5
210161,CVE-2026-21258,5.5
210161,CVE-2026-21261,5.5
210162,CVE-2026-26109,8.4
210162,CVE-2026-26110,8.4
210162,CVE-2026-26113,8.4
210162,CVE-2026-26108,7.8
210162,CVE-2026-26107,7.8
210162,CVE-2026-26112,7.8
210162,CVE-2026-26144,7.5
210163,CVE-2026-33114,8.4
210163,CVE-2026-33115,8.4
210163,CVE-2026-32190,8.4
210163,CVE-2026-23657,7.8
210163,CVE-2026-32189,7.8
210163,CVE-2026-33095,7.8
210163,CVE-2026-32198,7.8
210163,CVE-2026-32197,7.8
210163,CVE-2026-32199,7.8
210163,CVE-2026-32200,7.8
210163,CVE-2026-32188,7.1
210163,CVE-2026-33822,6.1
210164,CVE-2026-40420,8.8
210164,CVE-2026-35436,8.8
210164,CVE-2026-40361,8.4
210164,CVE-2026-40363,8.4
210164,CVE-2026-40358,8.4
210164,CVE-2026-40367,8.4
210164,CVE-2026-40366,8.4
210164,CVE-2026-40364,8.4
210164,CVE-2026-40418,7.8
210164,CVE-2026-40419,7.8
210164,CVE-2026-40360,7.8
210164,CVE-2026-40359,7.8
210164,CVE-2026-40362,7.8
210164,CVE-2026-21530,6.7
210164,CVE-2026-35440,5.5
210164,CVE-2026-40421,4.3
210165,CVE-2026-45472,8.4
210165,CVE-2026-45461,8.4
210165,CVE-2026-45458,8.4
210165,CVE-2026-45463,8.4
210165,CVE-2026-45456,8.4
210165,CVE-2026-45474,8.4
210165,CVE-2026-44822,8.2
210165,CVE-2026-44824,7.8
210165,CVE-2026-44823,7.8
210165,CVE-2026-44820,7.8
210165,CVE-2026-44819,7.8
210165,CVE-2026-45486,7.8
210165,CVE-2026-45457,7.8
210165,CVE-2026-45469,7.8
210165,CVE-2026-45471,7.8
210165,CVE-2026-44817,7.8
210165,CVE-2026-45475,7.8
210165,CVE-2026-45643,7.8
210165,CVE-2026-45645,7.8
210165,CVE-2026-44818,7.0
210165,CVE-2026-47293,7.0
210165,CVE-2026-44821,5.5
210165,CVE-2026-45460,4.7
210165,CVE-2026-45455,3.3
210165,CVE-2026-45459,3.3
210165,CVE-2026-45466,3.3
210165,CVE-2026-45485,3.3
210166,CVE-2026-55045,8.4
210166,CVE-2026-56156,7.8
210166,CVE-2026-55025,7.8
210166,CVE-2026-47290,7.8
210166,CVE-2026-58618,7.8
210166,CVE-2026-55024,7.8
210166,CVE-2026-55037,7.8
210166,CVE-2026-55017,7.8
210166,CVE-2026-55127,7.8
210166,CVE-2026-55031,7.8
210166,CVE-2026-55899,7.8
210166,CVE-2026-55123,7.8
210166,CVE-2026-47642,7.8
210166,CVE-2026-54131,7.8
210166,CVE-2026-50314,7.8
210166,CVE-2026-50467,7.8
210166,CVE-2026-50675,7.8
210166,CVE-2026-50665,7.8
210166,CVE-2026-55029,7.8
210166,CVE-2026-55043,7.8
210166,CVE-2026-55056,7.8
210166,CVE-2026-55134,7.8
210166,CVE-2026-55125,7.8
210166,CVE-2026-55120,7.8
210166,CVE-2026-55022,7.8
210166,CVE-2026-55032,7.8
210166,CVE-2026-55133,7.8
210166,CVE-2026-55049,7.8
210166,CVE-2026-55055,7.8
210166,CVE-2026-55036,7.8
210166,CVE-2026-55129,7.8
210166,CVE-2026-55132,7.8
210166,CVE-2026-55038,7.8
210166,CVE-2026-55039,7.8
210166,CVE-2026-55140,7.8
210166,CVE-2026-55948,7.8
210166,CVE-2026-55131,7.8
210166,CVE-2026-55130,7.8
210166,CVE-2026-55141,7.8
210166,CVE-2026-55048,7.8
210166,CVE-2026-55949,7.8
210166,CVE-2026-55058,7.8
210166,CVE-2026-55018,7.8
210166,CVE-2026-55947,7.8
210166,CVE-2026-55128,7.8
210166,CVE-2026-55137,7.8
210166,CVE-2026-55053,7.8
210166,CVE-2026-55041,7.8
210166,CVE-2026-55033,7.8
210166,CVE-2026-55044,7.8
210166,CVE-2026-50301,7.8
210166,CVE-2026-55136,7.8
210166,CVE-2026-56193,7.1
210166,CVE-2026-55122,7.1
210166,CVE-2026-50678,6.6
210166,CVE-2026-55054,6.5
210166,CVE-2026-55026,6.2
210166,CVE-2026-54988,6.1
210166,CVE-2026-55898,6.1
210166,CVE-2026-56192,5.5
210166,CVE-2026-56195,5.5
210166,CVE-2026-55023,5.5
210166,CVE-2026-55142,5.5
210166,CVE-2026-55035,5.5
210166,CVE-2026-55050,5.5
210166,CVE-2026-55047,5.5
210166,CVE-2026-55046,5.5
210166,CVE-2026-55139,5.5
210166,CVE-2026-55028,5.5
210166,CVE-2026-55042,5.5
210166,CVE-2026-55027,5.5
210166,CVE-2026-55057,5.5
210166,CVE-2026-50408,5.5
210166,CVE-2026-55138,5.5
210166,CVE-2026-48580,5.5
210166,CVE-2026-55124,5.5
210166,CVE-2026-55121,5.5
210167,CVE-2026-70329,8.8
210167,CVE-2026-65807,8.8
210167,CVE-2026-62870,8.8
210167,CVE-2026-70130,8.4
210167,CVE-2026-68795,7.8
210167,CVE-2026-68812,7.8
210167,CVE-2026-68805,7.8
210167,CVE-2026-68817,7.8
210167,CVE-2026-68814,7.8
210167,CVE-2026-68792,7.8
210167,CVE-2026-68803,7.8
210167,CVE-2026-58651,7.8
210167,CVE-2026-68815,7.8
210167,CVE-2026-68798,7.8
210167,CVE-2026-68794,7.8
210167,CVE-2026-68806,7.8
210167,CVE-2026-68810,7.8
210167,CVE-2026-68801,7.8
210167,CVE-2026-68816,7.8
210167,CVE-2026-68796,7.8
210167,CVE-2026-68793,7.8
210167,CVE-2026-63527,7.8
210167,CVE-2026-63525,7.8
210167,CVE-2026-68804,7.8
210167,CVE-2026-68807,7.8
210167,CVE-2026-68811,7.8
210167,CVE-2026-68800,7.8
210167,CVE-2026-70313,7.8
210167,CVE-2026-64910,7.8
210167,CVE-2026-70311,7.8
210167,CVE-2026-64911,7.8
210167,CVE-2026-64908,7.8
210167,CVE-2026-64914,7.8
210167,CVE-2026-63532,7.8
210167,CVE-2026-63526,7.8
210167,CVE-2026-63533,7.8
210167,CVE-2026-64898,7.8
210167,CVE-2026-65664,7.8
210167,CVE-2026-65657,7.8
210167,CVE-2026-65656,7.8
210167,CVE-2026-65661,7.8
210167,CVE-2026-63513,7.8
210167,CVE-2026-63515,7.8
210167,CVE-2026-64904,7.8
210167,CVE-2026-64912,7.8
210167,CVE-2026-64919,7.8
210167,CVE-2026-64906,7.8
210167,CVE-2026-64909,7.8
210167,CVE-2026-64915,7.8
210167,CVE-2026-66807,7.8
210167,CVE-2026-64905,7.8
210167,CVE-2026-64920,7.8
210167,CVE-2026-64903,7.8
210167,CVE-2026-64907,7.8
210167,CVE-2026-63519,7.8
210167,CVE-2026-63518,7.8
210167,CVE-2026-70328,6.5
210167,CVE-2026-70327,6.5
210167,CVE-2026-70105,6.5
210167,CVE-2026-68802,5.5
210167,CVE-2026-68799,5.5
210167,CVE-2026-68808,5.5
210167,CVE-2026-68813,5.5
210167,CVE-2026-68797,5.5
210167,CVE-2026-68809,5.5
210167,CVE-2026-70310,5.5
210167,CVE-2026-64917,5.5
210167,CVE-2026-63528,5.5
210167,CVE-2026-63531,5.5
210167,CVE-2026-62842,5.5
210167,CVE-2026-63530,5.5
210167,CVE-2026-63517,5.5
210167,CVE-2026-63521,5.5
210167,CVE-2026-63529,5.5
210167,CVE-2026-63524,5.5
210167,CVE-2026-70325,5.5
210167,CVE-2026-70314,5.5
210167,CVE-2026-70318,5.5
210167,CVE-2026-70315,5.5
210167,CVE-2026-64899,5.5
210167,CVE-2026-70312,5.5
210167,CVE-2026-70319,5.5
210167,CVE-2026-70316,5.5
210167,CVE-2026-70322,5.5
210167,CVE-2026-70320,5.5
210167,CVE-2026-70323,5.5
210167,CVE-2026-70317,5.5
210167,CVE-2026-66810,5.5
210167,CVE-2026-66809,5.5
210167,CVE-2026-66806,5.5
210167,CVE-2026-62882,4.3
210168,CVE-2026-78509,9.8
210168,CVE-2026-69285,8.8
210168,CVE-2026-69614,8.8
210168,CVE-2026-69764,8.8
210168,CVE-2026-69797,8.8
210168,CVE-2026-69632,8.8
210168,CVE-2026-69629,8.8
210168,CVE-2026-69767,8.8
210168,CVE-2026-69671,8.8
210168,CVE-2026-69759,8.8
210168,CVE-2026-69678,8.8
210168,CVE-2026-69686,8.8
210168,CVE-2026-69778,8.8
210168,CVE-2026-69722,8.8
210168,CVE-2026-81385,8.8
210168,CVE-2026-69442,8.8
210168,CVE-2026-69556,8.8
210168,CVE-2026-69529,8.8
210168,CVE-2026-78504,8.8
210168,CVE-2026-78525,8.8
210168,CVE-2026-80085,8.8
210168,CVE-2026-77901,8.8
210168,CVE-2026-80081,8.8
210168,CVE-2026-78505,8.8
210168,CVE-2026-80080,8.8
210168,CVE-2026-78521,8.8
210168,CVE-2026-72972,8.8
210168,CVE-2026-78512,8.8
210168,CVE-2026-78524,8.8
210168,CVE-2026-78526,8.8
210168,CVE-2026-78511,8.8
210168,CVE-2026-78518,8.8
210168,CVE-2026-78517,8.8
210168,CVE-2026-78507,8.8
210168,CVE-2026-81952,8.8
210168,CVE-2026-72973,8.8
210168,CVE-2026-78519,8.8
210168,CVE-2026-78514,8.8
210168,CVE-2026-81955,8.8
210168,CVE-2026-69742,8.8
210168,CVE-2026-78510,8.4
210168,CVE-2026-81957,7.8
210168,CVE-2026-81949,7.8
210168,CVE-2026-81947,7.8
210168,CVE-2026-81386,7.8
210168,CVE-2026-81960,7.8
210168,CVE-2026-81398,7.8
210168,CVE-2026-81388,7.8
210168,CVE-2026-81948,7.8
210168,CVE-2026-81954,7.8
210168,CVE-2026-81951,7.8
210168,CVE-2026-62804,7.8
210168,CVE-2026-81397,7.8
210168,CVE-2026-81396,7.8
210168,CVE-2026-81956,7.8
210168,CVE-2026-81953,7.8
210168,CVE-2026-81950,7.8
210168,CVE-2026-81959,7.8
210168,CVE-2026-77898,7.5
210168,CVE-2026-69477,7.3
210168,CVE-2026-81389,7.0
210168,CVE-2026-80084,6.5
210168,CVE-2026-80091,6.5
210168,CVE-2026-80086,6.5
210168,CVE-2026-80088,6.5
210168,CVE-2026-78502,6.5
210168,CVE-2026-69626,6.5
210168,CVE-2026-69739,6.5
210168,CVE-2026-69734,6.5
210168,CVE-2026-69719,6.5
210168,CVE-2026-80090,6.5
210168,CVE-2026-78503,6.5
210168,CVE-2026-72938,6.5
210168,CVE-2026-72974,6.5
210168,CVE-2026-77911,6.5
210168,CVE-2026-80079,6.5
210168,CVE-2026-80076,6.5
210168,CVE-2026-80087,6.5
210168,CVE-2026-80082,6.5
210168,CVE-2026-80073,6.5
210168,CVE-2026-80089,6.5
210168,CVE-2026-78515,6.5
210168,CVE-2026-64918,6.5
210168,CVE-2026-72977,6.5
210168,CVE-2026-72956,6.5
210168,CVE-2026-72975,6.5
210168,CVE-2026-78522,6.5
210168,CVE-2026-78520,6.5
210168,CVE-2026-80078,6.5
210168,CVE-2026-85875,5.5
210168,CVE-2026-81387,5.5
210168,CVE-2026-81958,5.5
210168,CVE-2026-81392,5.5
210168,CVE-2026-81400,5.5
210168,CVE-2026-81395,5.5
210168,CVE-2026-81399,5.5
210168,CVE-2026-81394,5.5
210168,CVE-2026-81390,5.5
210168,CVE-2026-78506,5.5
210168,CVE-2026-81393,5.5
210168,CVE-2026-81401,5.5
210168,CVE-2026-81391,5.5
210168,CVE-2026-83951,5.5
210168,CVE-2026-78513,5.5
210168,CVE-2026-83949,5.5
210168,CVE-2026-72976,5.0
210185,CVE-2025-13042,8.8
210185,CVE-2025-13223,8.8
210185,CVE-2025-11205,8.8
210185,CVE-2025-11460,8.8
210185,CVE-2025-13230,8.8
210185,CVE-2025-13228,8.8
210185,CVE-2025-13224,8.8
210185,CVE-2025-13226,8.8
210185,CVE-2025-13229,8.8
210185,CVE-2025-13227,8.8
210185,CVE-2025-12907,8.8
210185,CVE-2025-12036,8.8
210185,CVE-2025-12432,8.8
210185,CVE-2025-12725,8.8
210185,CVE-2025-12438,8.8
210185,CVE-2025-12429,8.8
210185,CVE-2025-12727,8.8
210185,CVE-2025-12428,8.8
210185,CVE-2025-11756,8.8
210185,CVE-2025-11209,8.2
210185,CVE-2025-11458,8.1
210185,CVE-2024-7017,7.5
210185,CVE-2025-12430,7.5
210185,CVE-2024-9126,7.5
210185,CVE-2025-12726,7.5
210185,CVE-2025-11211,7.5
210185,CVE-2025-12437,7.5
210185,CVE-2025-11206,7.1
210185,CVE-2025-12431,6.5
210185,CVE-2025-12445,6.5
210185,CVE-2025-11207,6.5
210185,CVE-2024-13983,6.3
210185,CVE-2025-11213,6.3
210185,CVE-2025-11216,6.3
210185,CVE-2025-11212,6.3
210185,CVE-2025-11208,6.3
210185,CVE-2025-12910,6.2
210185,CVE-2025-12436,5.9
210185,CVE-2025-12439,5.5
210185,CVE-2025-12905,5.4
210185,CVE-2025-11210,5.4
210185,CVE-2025-12435,5.4
210185,CVE-2025-12908,5.4
210185,CVE-2025-12906,5.4
210185,CVE-2025-13097,5.4
210185,CVE-2025-12909,5.3
210185,CVE-2025-12440,5.3
210185,CVE-2024-13178,4.3
210185,CVE-2025-13102,4.3
210185,CVE-2024-7021,4.3
210185,CVE-2025-12911,4.3
210185,CVE-2025-11215,4.3
210185,CVE-2025-12441,4.3
210185,CVE-2025-12443,4.3
210185,CVE-2025-12433,4.3
210185,CVE-2024-11919,4.3
210185,CVE-2024-11920,4.3
210185,CVE-2025-13107,4.3
210185,CVE-2025-9479,4.3
210185,CVE-2025-12447,4.2
210185,CVE-2025-12729,4.2
210185,CVE-2025-12444,4.2
210185,CVE-2025-12728,4.2
210185,CVE-2025-12446,4.2
210185,CVE-2025-12434,4.2
210185,CVE-2025-11219,3.1
210186,CVE-2025-13630,8.8
210186,CVE-2025-13631,8.8
210186,CVE-2025-13720,8.8
210186,CVE-2025-14765,8.8
210186,CVE-2025-14174,8.8
210186,CVE-2025-13633,8.8
210186,CVE-2025-14766,8.8
210186,CVE-2025-13638,8.8
210186,CVE-2025-13639,8.1
210186,CVE-2025-13721,7.5
210186,CVE-2025-14372,6.1
210186,CVE-2025-13632,5.4
210186,CVE-2025-13992,4.7
210186,CVE-2025-13635,4.4
210186,CVE-2025-13634,4.4
210186,CVE-2025-13637,4.3
210186,CVE-2025-13636,4.3
210186,CVE-2025-14373,4.3
210186,CVE-2025-13640,3.5
210187,CVE-2026-0907,9.8
210187,CVE-2026-0905,9.8
210187,CVE-2026-0906,9.8
210187,CVE-2026-0902,8.8
210187,CVE-2026-0628,8.8
210187,CVE-2026-0908,8.8
210187,CVE-2026-0899,8.8
210187,CVE-2026-0900,8.8
210187,CVE-2026-1504,6.5
210187,CVE-2026-0901,5.4
210187,CVE-2026-0903,5.4
210187,CVE-2026-0904,5.4
210188,CVE-2026-2314,8.8
210188,CVE-2026-2648,8.8
210188,CVE-2026-2441,8.8
210188,CVE-2026-2321,8.8
210188,CVE-2026-3062,8.8
210188,CVE-2026-3061,8.8
210188,CVE-2026-2315,8.8
210188,CVE-2026-1861,8.8
210188,CVE-2026-1862,8.8
210188,CVE-2026-2649,8.8
210188,CVE-2026-2313,8.8
210188,CVE-2026-2650,8.8
210188,CVE-2026-3063,8.8
210188,CVE-2026-2319,7.5
210188,CVE-2026-2320,6.5
210188,CVE-2026-2318,6.5
210188,CVE-2026-2316,6.5
210188,CVE-2026-2317,6.5
210188,CVE-2026-2322,5.4
210188,CVE-2026-2323,4.3
210189,CVE-2026-3916,9.6
210189,CVE-2026-3545,9.6
210189,CVE-2026-3913,8.8
210189,CVE-2026-3915,8.8
210189,CVE-2026-3918,8.8
210189,CVE-2026-3544,8.8
210189,CVE-2026-3543,8.8
210189,CVE-2026-3926,8.8
210189,CVE-2026-3923,8.8
210189,CVE-2026-3910,8.8
210189,CVE-2026-4675,8.8
210189,CVE-2026-4448,8.8
210189,CVE-2026-4459,8.8
210189,CVE-2026-3931,8.8
210189,CVE-2026-3917,8.8
210189,CVE-2026-3536,8.8
210189,CVE-2026-3537,8.8
210189,CVE-2026-3920,8.8
210189,CVE-2026-3921,8.8
210189,CVE-2026-3909,8.8
210189,CVE-2026-3936,8.8
210189,CVE-2026-3919,8.8
210189,CVE-2026-3922,8.8
210189,CVE-2026-3538,8.8
210189,CVE-2026-3542,8.8
210189,CVE-2026-3541,8.8
210189,CVE-2026-4464,8.8
210189,CVE-2026-4458,8.8
210189,CVE-2026-3540,8.8
210189,CVE-2026-3914,8.8
210189,CVE-2026-4450,8.8
210189,CVE-2026-4461,8.8
210189,CVE-2026-4441,8.8
210189,CVE-2026-4444,8.8
210189,CVE-2026-4445,8.8
210189,CVE-2026-4452,8.8
210189,CVE-2026-4678,8.8
210189,CVE-2026-4451,8.8
210189,CVE-2026-4462,8.8
210189,CVE-2026-4454,8.8
210189,CVE-2026-4673,8.8
210189,CVE-2026-4677,8.8
210189,CVE-2026-4680,8.8
210189,CVE-2026-4439,8.8
210189,CVE-2026-4679,8.8
210189,CVE-2026-4440,8.8
210189,CVE-2026-4463,8.8
210189,CVE-2026-4460,8.8
210189,CVE-2026-4442,8.8
210189,CVE-2026-4457,8.8
210189,CVE-2026-4443,8.8
210189,CVE-2026-4449,8.8
210189,CVE-2026-4446,8.8
210189,CVE-2026-4456,8.8
210189,CVE-2026-4455,8.8
210189,CVE-2026-4447,8.8
210189,CVE-2026-4674,8.8
210189,CVE-2026-4676,8.8
210189,CVE-2026-3924,7.5
210189,CVE-2026-3939,6.5
210189,CVE-2026-3930,6.5
210189,CVE-2026-3937,6.5
210189,CVE-2026-3932,6.5
210189,CVE-2026-3934,6.5
210189,CVE-2026-3938,6.5
210189,CVE-2026-3928,4.3
210189,CVE-2026-3927,4.3
210189,CVE-2026-3942,4.3
210189,CVE-2026-3935,4.3
210189,CVE-2026-3940,4.3
210189,CVE-2026-3925,4.3
210189,CVE-2026-3941,4.3
210189,CVE-2026-4453,4.3
210189,CVE-2026-3929,3.1
210190,CVE-2026-5902,9.8
210190,CVE-2026-6296,9.6
210190,CVE-2026-7333,9.6
210190,CVE-2026-5874,9.6
210190,CVE-2026-6919,9.6
210190,CVE-2026-5290,9.6
210190,CVE-2026-6920,9.6
210190,CVE-2026-5288,9.6
210190,CVE-2026-5289,9.6
210190,CVE-2026-6363,8.8
210190,CVE-2026-6301,8.8
210190,CVE-2026-6315,8.8
210190,CVE-2026-6300,8.8
210190,CVE-2026-6307,8.8
210190,CVE-2026-6318,8.8
210190,CVE-2026-6317,8.8
210190,CVE-2026-7344,8.8
210190,CVE-2026-7356,8.8
210190,CVE-2026-7342,8.8
210190,CVE-2026-7336,8.8
210190,CVE-2026-7335,8.8
210190,CVE-2026-7339,8.8
210190,CVE-2026-7354,8.8
210190,CVE-2026-6299,8.8
210190,CVE-2026-5275,8.8
210190,CVE-2026-5879,8.8
210190,CVE-2026-5873,8.8
210190,CVE-2026-5279,8.8
210190,CVE-2026-5859,8.8
210190,CVE-2026-6360,8.8
210190,CVE-2026-6358,8.8
210190,CVE-2026-6306,8.8
210190,CVE-2026-5877,8.8
210190,CVE-2026-5287,8.8
210190,CVE-2026-5281,8.8
210190,CVE-2026-5908,8.8
210190,CVE-2026-5272,8.8
210190,CVE-2026-5860,8.8
210190,CVE-2026-5858,8.8
210190,CVE-2026-5280,8.8
210190,CVE-2026-5884,8.8
210190,CVE-2026-5883,8.8
210190,CVE-2026-5278,8.8
210190,CVE-2026-5292,8.8
210190,CVE-2026-5274,8.8
210190,CVE-2026-6305,8.8
210190,CVE-2026-6316,8.8
210190,CVE-2026-6359,8.8
210190,CVE-2026-5914,8.8
210190,CVE-2026-5861,8.8
210190,CVE-2026-5868,8.8
210190,CVE-2026-5871,8.8
210190,CVE-2026-5912,8.8
210190,CVE-2026-5909,8.8
210190,CVE-2026-5865,8.8
210190,CVE-2026-7358,8.8
210190,CVE-2026-7341,8.8
210190,CVE-2026-7337,8.8
210190,CVE-2026-7359,8.8
210190,CVE-2026-7361,8.8
210190,CVE-2026-7355,8.8
210190,CVE-2026-7348,8.8
210190,CVE-2026-7334,8.8
210190,CVE-2026-7363,8.8
210190,CVE-2026-5285,8.8
210190,CVE-2026-5863,8.8
210190,CVE-2026-5862,8.8
210190,CVE-2026-5872,8.8
210190,CVE-2026-5870,8.8
210190,CVE-2026-5286,8.8
210190,CVE-2026-6303,8.8
210190,CVE-2026-5910,8.8
210190,CVE-2026-5866,8.8
210190,CVE-2026-6302,8.8
210190,CVE-2026-7353,8.3
210190,CVE-2026-7345,8.3
210190,CVE-2026-6921,8.3
210190,CVE-2026-6310,8.3
210190,CVE-2026-6309,8.3
210190,CVE-2026-6304,8.3
210190,CVE-2026-6361,8.3
210190,CVE-2026-6311,8.3
210190,CVE-2026-6314,8.3
210190,CVE-2026-7350,8.3
210190,CVE-2026-6297,8.3
210190,CVE-2026-7352,8.3
210190,CVE-2026-5915,8.1
210190,CVE-2026-5282,8.1
210190,CVE-2026-7347,8.1
210190,CVE-2026-7346,8.1
210190,CVE-2026-5913,8.1
210190,CVE-2026-5907,8.1
210190,CVE-2026-5277,7.5
210190,CVE-2026-6308,7.5
210190,CVE-2026-6319,7.5
210190,CVE-2026-5890,7.5
210190,CVE-2026-5284,7.5
210190,CVE-2026-7343,7.5
210190,CVE-2026-7357,7.5
210190,CVE-2026-7338,7.5
210190,CVE-2026-7349,7.5
210190,CVE-2026-5893,6.8
210190,CVE-2026-5892,6.6
210190,CVE-2026-5901,6.5
210190,CVE-2026-5291,6.5
210190,CVE-2026-5903,6.5
210190,CVE-2026-5888,6.5
210190,CVE-2026-5885,6.5
210190,CVE-2026-5276,6.5
210190,CVE-2026-5919,6.5
210190,CVE-2026-5283,6.5
210190,CVE-2026-6364,6.5
210190,CVE-2026-5881,6.5
210190,CVE-2026-5905,6.5
210190,CVE-2026-5876,6.5
210190,CVE-2026-5273,6.3
210190,CVE-2026-5896,6.1
210190,CVE-2026-5899,6.1
210190,CVE-2026-5895,5.4
210190,CVE-2026-5886,5.3
210190,CVE-2026-6298,4.3
210190,CVE-2026-5891,4.3
210190,CVE-2026-5911,4.3
210190,CVE-2026-6362,4.3
210190,CVE-2026-5918,4.3
210190,CVE-2026-5898,4.3
210190,CVE-2026-5906,4.3
210190,CVE-2026-5864,4.3
210190,CVE-2026-5875,4.3
210190,CVE-2026-5867,4.3
210190,CVE-2026-5880,4.3
210190,CVE-2026-5889,4.3
210190,CVE-2026-5882,4.3
210190,CVE-2026-5894,4.3
210190,CVE-2026-5869,4.3
210190,CVE-2026-5897,4.3
210190,CVE-2026-5887,4.3
210190,CVE-2026-7340,4.3
210190,CVE-2026-5900,4.3
210190,CVE-2026-5878,4.3
210190,CVE-2026-6313,3.1
210190,CVE-2026-6312,3.1
210190,CVE-2026-7360,3.1
210190,CVE-2026-7351,3.1
210191,CVE-2026-7908,9.6
210191,CVE-2026-9872,9.6
210191,CVE-2026-8511,9.6
210191,CVE-2026-9875,9.6
210191,CVE-2026-9886,9.6
210191,CVE-2026-9918,9.6
210191,CVE-2026-9874,9.6
210191,CVE-2026-8580,9.6
210191,CVE-2026-9967,9.6
210191,CVE-2026-9876,9.6
210191,CVE-2026-9881,9.0
210191,CVE-2026-9891,9.0
210191,CVE-2026-8518,8.8
210191,CVE-2026-8577,8.8
210191,CVE-2026-8529,8.8
210191,CVE-2026-7987,8.8
210191,CVE-2026-7902,8.8
210191,CVE-2026-8544,8.8
210191,CVE-2026-8526,8.8
210191,CVE-2026-7984,8.8
210191,CVE-2026-7951,8.8
210191,CVE-2026-7898,8.8
210191,CVE-2026-10002,8.8
210191,CVE-2026-8555,8.8
210191,CVE-2026-8519,8.8
210191,CVE-2026-8549,8.8
210191,CVE-2026-8558,8.8
210191,CVE-2026-8551,8.8
210191,CVE-2026-7901,8.8
210191,CVE-2026-9121,8.8
210191,CVE-2026-7906,8.8
210191,CVE-2026-9962,8.8
210191,CVE-2026-9910,8.8
210191,CVE-2026-9111,8.8
210191,CVE-2026-9878,8.8
210191,CVE-2026-8509,8.8
210191,CVE-2026-9995,8.8
210191,CVE-2026-8002,8.8
210191,CVE-2026-9927,8.8
210191,CVE-2026-9945,8.8
210191,CVE-2026-9984,8.8
210191,CVE-2026-8517,8.8
210191,CVE-2026-9114,8.8
210191,CVE-2026-8587,8.8
210191,CVE-2026-7974,8.8
210191,CVE-2026-7926,8.8
210191,CVE-2026-8527,8.8
210191,CVE-2026-8531,8.8
210191,CVE-2026-8532,8.8
210191,CVE-2026-8000,8.8
210191,CVE-2026-8540,8.8
210191,CVE-2026-8524,8.8
210191,CVE-2026-7896,8.8
210191,CVE-2026-7980,8.8
210191,CVE-2026-10015,8.8
210191,CVE-2026-9965,8.8
210191,CVE-2026-9973,8.8
210191,CVE-2026-9119,8.8
210191,CVE-2026-9879,8.8
210191,CVE-2026-9118,8.8
210191,CVE-2026-9938,8.8
210191,CVE-2026-9928,8.8
210191,CVE-2026-9969,8.8
210191,CVE-2026-7927,8.8
210191,CVE-2026-9958,8.8
210191,CVE-2026-7938,8.8
210191,CVE-2026-10013,8.8
210191,CVE-2026-9112,8.8
210191,CVE-2026-9999,8.8
210191,CVE-2026-9923,8.8
210191,CVE-2026-9983,8.8
210191,CVE-2026-7928,8.8
210191,CVE-2026-7903,8.8
210191,CVE-2026-7957,8.8
210191,CVE-2026-10007,8.8
210191,CVE-2026-10016,8.8
210191,CVE-2026-8581,8.8
210191,CVE-2026-10021,8.8
210191,CVE-2026-8522,8.8
210191,CVE-2026-7973,8.8
210191,CVE-2026-7907,8.8
210191,CVE-2026-8016,8.8
210191,CVE-2026-7992,8.8
210191,CVE-2026-9947,8.8
210191,CVE-2026-9976,8.8
210191,CVE-2026-7988,8.8
210191,CVE-2026-9961,8.8
210191,CVE-2026-9120,8.8
210191,CVE-2026-9939,8.8
210191,CVE-2026-9897,8.8
210191,CVE-2026-9884,8.8
210191,CVE-2026-9952,8.8
210191,CVE-2026-9940,8.8
210191,CVE-2026-9968,8.8
210191,CVE-2026-7921,8.8
210191,CVE-2026-9896,8.8
210191,CVE-2026-9883,8.8
210191,CVE-2026-9126,8.8
210191,CVE-2026-9992,8.8
210191,CVE-2026-9978,8.8
210191,CVE-2026-9957,8.8
210191,CVE-2026-9873,8.8
210191,CVE-2026-9941,8.8
210191,CVE-2026-7899,8.8
210191,CVE-2026-7995,8.8
210191,CVE-2026-7991,8.8
210191,CVE-2026-7940,8.8
210191,CVE-2026-8569,8.3
210191,CVE-2026-9972,8.3
210191,CVE-2026-9877,8.3
210191,CVE-2026-9974,8.3
210191,CVE-2026-9946,8.3
210191,CVE-2026-9893,8.3
210191,CVE-2026-9890,8.3
210191,CVE-2026-8515,8.3
210191,CVE-2026-7917,8.3
210191,CVE-2026-8548,8.3
210191,CVE-2026-8520,8.3
210191,CVE-2026-8533,8.3
210191,CVE-2026-10017,8.3
210191,CVE-2026-8525,8.3
210191,CVE-2026-10000,8.3
210191,CVE-2026-10001,8.3
210191,CVE-2026-9948,8.3
210191,CVE-2026-9936,8.3
210191,CVE-2026-7922,8.3
210191,CVE-2026-7967,8.3
210191,CVE-2026-9894,8.3
210191,CVE-2026-9925,8.3
210191,CVE-2026-9898,8.3
210191,CVE-2026-9914,8.3
210191,CVE-2026-9926,8.3
210191,CVE-2026-9905,8.3
210191,CVE-2026-9906,8.3
210191,CVE-2026-9892,8.3
210191,CVE-2026-9902,8.3
210191,CVE-2026-9988,8.3
210191,CVE-2026-9966,8.3
210191,CVE-2026-9880,8.3
210191,CVE-2026-9997,8.3
210191,CVE-2026-9915,8.3
210191,CVE-2026-9975,8.3
210191,CVE-2026-9998,8.3
210191,CVE-2026-9904,8.3
210191,CVE-2026-9924,8.3
210191,CVE-2026-8573,8.3
210191,CVE-2026-9889,8.3
210191,CVE-2026-8571,8.3
210191,CVE-2026-9994,8.3
210191,CVE-2026-8523,8.3
210191,CVE-2026-8512,8.3
210191,CVE-2026-8001,8.3
210191,CVE-2026-7914,8.3
210191,CVE-2026-7920,8.3
210191,CVE-2026-7975,8.3
210191,CVE-2026-7970,8.3
210191,CVE-2026-7923,8.3
210191,CVE-2026-9931,8.3
210191,CVE-2026-9885,8.3
210191,CVE-2026-7916,8.3
210191,CVE-2026-7918,8.3
210191,CVE-2026-10012,8.3
210191,CVE-2026-10020,8.3
210191,CVE-2026-10014,8.3
210191,CVE-2026-7900,8.3
210191,CVE-2026-7905,8.3
210191,CVE-2026-7963,8.3
210191,CVE-2026-8575,8.3
210191,CVE-2026-8542,8.3
210191,CVE-2026-8530,8.3
210191,CVE-2026-8574,8.3
210191,CVE-2026-8534,8.3
210191,CVE-2026-8514,8.3
210191,CVE-2026-7911,8.3
210191,CVE-2026-9977,8.3
210191,CVE-2026-9916,8.3
210191,CVE-2026-9937,8.3
210191,CVE-2026-9951,8.3
210191,CVE-2026-9993,8.3
210191,CVE-2026-9888,8.3
210191,CVE-2026-9949,8.3
210191,CVE-2026-9900,8.3
210191,CVE-2026-9970,8.3
210191,CVE-2026-7985,8.3
210191,CVE-2026-8513,8.3
210191,CVE-2026-9895,8.3
210191,CVE-2026-9932,8.3
210191,CVE-2026-7919,8.3
210191,CVE-2026-7956,8.3
210191,CVE-2026-9982,8.3
210191,CVE-2026-9899,8.3
210191,CVE-2026-8018,8.1
210191,CVE-2026-7978,8.1
210191,CVE-2026-9964,8.1
210191,CVE-2026-7981,8.1
210191,CVE-2026-7997,7.8
210191,CVE-2026-7913,7.8
210191,CVE-2026-9987,7.8
210191,CVE-2026-9887,7.8
210191,CVE-2026-7990,7.8
210191,CVE-2026-7994,7.8
210191,CVE-2026-7925,7.8
210191,CVE-2026-8557,7.5
210191,CVE-2026-8521,7.5
210191,CVE-2026-7948,7.5
210191,CVE-2026-7897,7.5
210191,CVE-2026-10005,7.5
210191,CVE-2026-8510,7.5
210191,CVE-2026-7976,7.5
210191,CVE-2026-9963,7.5
210191,CVE-2026-9933,7.5
210191,CVE-2026-7929,7.5
210191,CVE-2026-8007,7.5
210191,CVE-2026-9954,7.5
210191,CVE-2026-9117,7.5
210191,CVE-2026-10006,7.5
210191,CVE-2026-10022,7.5
210191,CVE-2026-8547,7.5
210191,CVE-2026-8585,7.5
210191,CVE-2026-10003,7.5
210191,CVE-2026-10009,7.5
210191,CVE-2026-9901,7.5
210191,CVE-2026-9909,7.5
210191,CVE-2026-9990,7.5
210191,CVE-2026-9922,7.5
210191,CVE-2026-9934,7.5
210191,CVE-2026-9123,7.5
210191,CVE-2026-9956,7.5
210191,CVE-2026-9960,7.5
210191,CVE-2026-8570,6.5
210191,CVE-2026-9122,6.5
210191,CVE-2026-10008,6.5
210191,CVE-2026-9908,6.5
210191,CVE-2026-9981,6.5
210191,CVE-2026-9996,6.5
210191,CVE-2026-9917,6.5
210191,CVE-2026-8550,6.5
210191,CVE-2026-9912,6.5
210191,CVE-2026-9953,6.5
210191,CVE-2026-10018,6.5
210191,CVE-2026-7982,6.5
210191,CVE-2026-7924,6.5
210191,CVE-2026-7977,6.3
210191,CVE-2026-8010,6.3
210191,CVE-2026-9989,6.3
210191,CVE-2026-7971,6.3
210191,CVE-2026-7953,6.1
210191,CVE-2026-8586,5.5
210191,CVE-2026-8012,5.4
210191,CVE-2026-8019,5.4
210191,CVE-2026-8539,5.4
210191,CVE-2026-7935,5.4
210191,CVE-2026-8008,5.4
210191,CVE-2026-9971,5.4
210191,CVE-2026-7962,5.4
210191,CVE-2026-7931,5.4
210191,CVE-2026-7998,5.4
210191,CVE-2026-8006,5.4
210191,CVE-2026-7950,5.4
210191,CVE-2026-7939,5.4
210191,CVE-2026-8003,5.4
210191,CVE-2026-8015,5.4
210191,CVE-2026-10004,5.4
210191,CVE-2026-8561,5.4
210191,CVE-2026-7958,5.4
210191,CVE-2026-8535,5.3
210191,CVE-2026-9124,5.3
210191,CVE-2026-8516,5.3
210191,CVE-2026-8538,5.3
210191,CVE-2026-8582,5.3
210191,CVE-2026-7960,5.3
210191,CVE-2026-9985,5.3
210191,CVE-2026-8020,5.3
210191,CVE-2026-8546,5.3
210191,CVE-2026-8541,5.3
210191,CVE-2026-8583,5.3
210191,CVE-2026-7955,5.3
210191,CVE-2026-8543,5.3
210191,CVE-2026-9903,5.0
210191,CVE-2026-9979,5.0
210191,CVE-2026-9980,5.0
210191,CVE-2026-9942,5.0
210191,CVE-2026-8009,5.0
210191,CVE-2026-10010,5.0
210191,CVE-2026-7910,4.7
210191,CVE-2026-8565,4.7
210191,CVE-2026-7941,4.4
210191,CVE-2026-7932,4.4
210191,CVE-2026-9935,4.3
210191,CVE-2026-9921,4.3
210191,CVE-2026-9116,4.3
210191,CVE-2026-9882,4.3
210191,CVE-2026-7915,4.3
210191,CVE-2026-9115,4.3
210191,CVE-2026-8537,4.3
210191,CVE-2026-9113,4.3
210191,CVE-2026-8576,4.3
210191,CVE-2026-8011,4.3
210191,CVE-2026-9943,4.3
210191,CVE-2026-7983,4.3
210191,CVE-2026-7999,4.3
210191,CVE-2026-9955,4.3
210191,CVE-2026-9930,4.3
210191,CVE-2026-9919,4.3
210191,CVE-2026-9911,4.3
210191,CVE-2026-9907,4.3
210191,CVE-2026-7946,4.3
210191,CVE-2026-7904,4.3
210191,CVE-2026-7969,4.3
210191,CVE-2026-7979,4.3
210191,CVE-2026-10019,4.3
210191,CVE-2026-8014,4.3
210191,CVE-2026-8552,4.3
210191,CVE-2026-8528,4.3
210191,CVE-2026-7972,4.3
210191,CVE-2026-7961,4.3
210191,CVE-2026-7986,4.3
210191,CVE-2026-8013,4.3
210191,CVE-2026-8567,4.3
210191,CVE-2026-8566,4.3
210191,CVE-2026-7942,4.3
210191,CVE-2026-8005,4.3
210191,CVE-2026-8560,4.3
210191,CVE-2026-8559,4.3
210191,CVE-2026-8562,4.3
210191,CVE-2026-8004,4.3
210191,CVE-2026-7933,4.3
210191,CVE-2026-9913,4.3
210191,CVE-2026-9929,4.3
210191,CVE-2026-8563,4.3
210191,CVE-2026-7912,4.2
210191,CVE-2026-7934,4.2
210191,CVE-2026-8564,4.2
210191,CVE-2026-8021,4.2
210191,CVE-2026-7993,4.2
210191,CVE-2026-7996,4.2
210191,CVE-2026-9110,4.2
210191,CVE-2026-9986,4.2
210191,CVE-2026-7943,4.2
210191,CVE-2026-7964,4.2
210191,CVE-2026-7989,4.2
210191,CVE-2026-8584,4.2
210191,CVE-2026-7947,4.2
210191,CVE-2026-7952,4.2
210191,CVE-2026-9959,3.1
210191,CVE-2026-8578,3.1
210191,CVE-2026-7954,3.1
210191,CVE-2026-7965,3.1
210191,CVE-2026-8556,3.1
210191,CVE-2026-7937,3.1
210191,CVE-2026-7959,3.1
210191,CVE-2026-9950,3.1
210191,CVE-2026-9944,3.1
210191,CVE-2026-9991,3.1
210191,CVE-2026-7944,3.1
210191,CVE-2026-9920,3.1
210191,CVE-2026-8553,3.1
210191,CVE-2026-8554,3.1
210191,CVE-2026-7966,3.1
210191,CVE-2026-7909,3.1
210191,CVE-2026-8536,3.1
210191,CVE-2026-8022,3.1
210191,CVE-2026-8017,3.1
210191,CVE-2026-8545,3.1
210191,CVE-2026-8572,3.1
210191,CVE-2026-8579,3.1
210191,CVE-2026-7949,3.1
210191,CVE-2026-7968,3.1
210191,CVE-2026-7945,3.1
210191,CVE-2026-10011,3.1
210192,CVE-2026-14121,9.8
210192,CVE-2026-14090,9.8
210192,CVE-2026-13798,9.6
210192,CVE-2026-13843,9.6
210192,CVE-2026-11120,9.6
210192,CVE-2026-11094,9.6
210192,CVE-2026-11671,9.6
210192,CVE-2026-11009,9.6
210192,CVE-2026-11293,9.6
210192,CVE-2026-11066,9.6
210192,CVE-2026-11037,9.6
210192,CVE-2026-11697,9.6
210192,CVE-2026-13880,9.6
210192,CVE-2026-13920,9.6
210192,CVE-2026-10931,9.6
210192,CVE-2026-11114,9.6
210192,CVE-2026-11654,9.6
210192,CVE-2026-13878,9.6
210192,CVE-2026-14097,9.6
210192,CVE-2026-11152,9.6
210192,CVE-2026-13789,9.6
210192,CVE-2026-13883,9.6
210192,CVE-2026-13853,9.6
210192,CVE-2026-14113,9.6
210192,CVE-2026-13792,9.6
210192,CVE-2026-14106,9.6
210192,CVE-2026-11146,9.6
210192,CVE-2026-11213,9.6
210192,CVE-2026-11082,9.6
210192,CVE-2026-13869,9.6
210192,CVE-2026-11165,9.6
210192,CVE-2026-13784,9.6
210192,CVE-2026-14056,9.6
210192,CVE-2026-11095,9.6
210192,CVE-2026-11638,9.6
210192,CVE-2026-11250,9.6
210192,CVE-2026-11131,9.6
210192,CVE-2026-11113,9.6
210192,CVE-2026-11052,9.6
210192,CVE-2026-11056,9.6
210192,CVE-2026-11061,9.6
210192,CVE-2026-11063,9.6
210192,CVE-2026-13796,9.6
210192,CVE-2026-12027,9.6
210192,CVE-2026-13882,9.6
210192,CVE-2026-13782,9.6
210192,CVE-2026-13032,9.6
210192,CVE-2026-11163,9.6
210192,CVE-2026-11634,9.6
210192,CVE-2026-11659,9.6
210192,CVE-2026-13854,9.6
210192,CVE-2026-11112,9.6
210192,CVE-2026-13859,9.6
210192,CVE-2026-11651,9.6
210192,CVE-2026-11119,9.6
210192,CVE-2026-11043,9.6
210192,CVE-2026-13934,9.6
210192,CVE-2026-10881,9.6
210192,CVE-2026-11167,9.6
210192,CVE-2026-10966,9.6
210192,CVE-2026-11198,9.6
210192,CVE-2026-13861,9.6
210192,CVE-2026-13781,9.6
210192,CVE-2026-11207,9.6
210192,CVE-2026-13846,9.6
210192,CVE-2026-11100,9.6
210192,CVE-2026-11282,9.6
210192,CVE-2026-11088,9.6
210192,CVE-2026-13028,9.6
210192,CVE-2026-11021,9.6
210192,CVE-2026-13797,9.6
210192,CVE-2026-14093,9.6
210192,CVE-2026-10983,9.6
210192,CVE-2026-10974,9.6
210192,CVE-2026-10972,9.6
210192,CVE-2026-12440,9.6
210192,CVE-2026-14101,9.6
210192,CVE-2026-13909,9.6
210192,CVE-2026-14044,9.6
210192,CVE-2026-10886,9.6
210192,CVE-2026-14152,9.6
210192,CVE-2026-13785,9.6
210192,CVE-2026-13776,9.6
210192,CVE-2026-14120,9.6
210192,CVE-2026-14043,9.6
210192,CVE-2026-14017,9.6
210192,CVE-2026-14055,9.6
210192,CVE-2026-14095,9.6
210192,CVE-2026-13780,9.6
210192,CVE-2026-14105,9.6
210192,CVE-2026-11065,9.6
210192,CVE-2026-14037,9.6
210192,CVE-2026-11070,9.6
210192,CVE-2026-13901,9.6
210192,CVE-2026-11047,9.6
210192,CVE-2026-13783,9.6
210192,CVE-2026-10892,9.6
210192,CVE-2026-13775,9.6
210192,CVE-2026-14109,9.6
210192,CVE-2026-14038,9.3
210192,CVE-2026-13872,9.1
210192,CVE-2026-13852,9.1
210192,CVE-2026-13851,9.1
210192,CVE-2026-11153,9.1
210192,CVE-2026-11649,8.8
210192,CVE-2026-10897,8.8
210192,CVE-2026-12441,8.8
210192,CVE-2026-12442,8.8
210192,CVE-2026-10904,8.8
210192,CVE-2026-11235,8.8
210192,CVE-2026-10963,8.8
210192,CVE-2026-11118,8.8
210192,CVE-2026-11688,8.8
210192,CVE-2026-13817,8.8
210192,CVE-2026-10926,8.8
210192,CVE-2026-10882,8.8
210192,CVE-2026-11637,8.8
210192,CVE-2026-10922,8.8
210192,CVE-2026-10923,8.8
210192,CVE-2026-10895,8.8
210192,CVE-2026-11179,8.8
210192,CVE-2026-14024,8.8
210192,CVE-2026-11046,8.8
210192,CVE-2026-13026,8.8
210192,CVE-2026-12466,8.8
210192,CVE-2026-12035,8.8
210192,CVE-2026-14084,8.8
210192,CVE-2026-12439,8.8
210192,CVE-2026-11650,8.8
210192,CVE-2026-12447,8.8
210192,CVE-2026-12020,8.8
210192,CVE-2026-10956,8.8
210192,CVE-2026-12448,8.8
210192,CVE-2026-12452,8.8
210192,CVE-2026-11657,8.8
210192,CVE-2026-11024,8.8
210192,CVE-2026-10954,8.8
210192,CVE-2026-10891,8.8
210192,CVE-2026-10913,8.8
210192,CVE-2026-10958,8.8
210192,CVE-2026-10893,8.8
210192,CVE-2026-10883,8.8
210192,CVE-2026-11108,8.8
210192,CVE-2026-10975,8.8
210192,CVE-2026-10943,8.8
210192,CVE-2026-14040,8.8
210192,CVE-2026-10907,8.8
210192,CVE-2026-14108,8.8
210192,CVE-2026-11673,8.8
210192,CVE-2026-11670,8.8
210192,CVE-2026-14009,8.8
210192,CVE-2026-11060,8.8
210192,CVE-2026-11074,8.8
210192,CVE-2026-10965,8.8
210192,CVE-2026-11068,8.8
210192,CVE-2026-11102,8.8
210192,CVE-2026-13897,8.8
210192,CVE-2026-13805,8.8
210192,CVE-2026-14078,8.8
210192,CVE-2026-14006,8.8
210192,CVE-2026-13825,8.8
210192,CVE-2026-13888,8.8
210192,CVE-2026-14091,8.8
210192,CVE-2026-13835,8.8
210192,CVE-2026-11086,8.8
210192,CVE-2026-11172,8.8
210192,CVE-2026-10903,8.8
210192,CVE-2026-10989,8.8
210192,CVE-2026-10902,8.8
210192,CVE-2026-14149,8.8
210192,CVE-2026-10982,8.8
210192,CVE-2026-10978,8.8
210192,CVE-2026-10935,8.8
210192,CVE-2026-10986,8.8
210192,CVE-2026-10955,8.8
210192,CVE-2026-10995,8.8
210192,CVE-2026-10914,8.8
210192,CVE-2026-10936,8.8
210192,CVE-2026-10910,8.8
210192,CVE-2026-10939,8.8
210192,CVE-2026-10991,8.8
210192,CVE-2026-10947,8.8
210192,CVE-2026-10952,8.8
210192,CVE-2026-10962,8.8
210192,CVE-2026-14104,8.8
210192,CVE-2026-10951,8.8
210192,CVE-2026-10948,8.8
210192,CVE-2026-10941,8.8
210192,CVE-2026-10987,8.8
210192,CVE-2026-10957,8.8
210192,CVE-2026-10945,8.8
210192,CVE-2026-14107,8.8
210192,CVE-2026-10890,8.8
210192,CVE-2026-10988,8.8
210192,CVE-2026-10888,8.8
210192,CVE-2026-13870,8.8
210192,CVE-2026-11003,8.8
210192,CVE-2026-11303,8.8
210192,CVE-2026-11092,8.8
210192,CVE-2026-11201,8.8
210192,CVE-2026-13033,8.8
210192,CVE-2026-13884,8.8
210192,CVE-2026-12443,8.8
210192,CVE-2026-11629,8.8
210192,CVE-2026-11279,8.8
210192,CVE-2026-11191,8.8
210192,CVE-2026-11698,8.8
210192,CVE-2026-11054,8.8
210192,CVE-2026-11664,8.8
210192,CVE-2026-11147,8.8
210192,CVE-2026-11304,8.8
210192,CVE-2026-11080,8.8
210192,CVE-2026-11175,8.8
210192,CVE-2026-11041,8.8
210192,CVE-2026-13928,8.8
210192,CVE-2026-13815,8.8
210192,CVE-2026-13898,8.8
210192,CVE-2026-13965,8.8
210192,CVE-2026-14087,8.8
210192,CVE-2026-14027,8.8
210192,CVE-2026-13848,8.8
210192,CVE-2026-13788,8.8
210192,CVE-2026-13035,8.8
210192,CVE-2026-12007,8.8
210192,CVE-2026-11306,8.8
210192,CVE-2026-10959,8.8
210192,CVE-2026-10964,8.8
210192,CVE-2026-14067,8.8
210192,CVE-2026-13036,8.8
210192,CVE-2026-14005,8.8
210192,CVE-2026-13027,8.8
210192,CVE-2026-10896,8.8
210192,CVE-2026-13777,8.8
210192,CVE-2026-13915,8.8
210192,CVE-2026-13938,8.8
210192,CVE-2026-14086,8.8
210192,CVE-2026-14041,8.8
210192,CVE-2026-14036,8.8
210192,CVE-2026-14025,8.8
210192,CVE-2026-14099,8.8
210192,CVE-2026-14102,8.8
210192,CVE-2026-13038,8.8
210192,CVE-2026-13899,8.8
210192,CVE-2026-10932,8.8
210192,CVE-2026-10885,8.8
210192,CVE-2026-10928,8.8
210192,CVE-2026-13885,8.8
210192,CVE-2026-11085,8.8
210192,CVE-2026-11687,8.8
210192,CVE-2026-11055,8.8
210192,CVE-2026-11630,8.8
210192,CVE-2026-11124,8.8
210192,CVE-2026-11030,8.8
210192,CVE-2026-11662,8.8
210192,CVE-2026-11079,8.8
210192,CVE-2026-11091,8.8
210192,CVE-2026-11028,8.8
210192,CVE-2026-11076,8.8
210192,CVE-2026-13786,8.8
210192,CVE-2026-13845,8.8
210192,CVE-2026-11125,8.8
210192,CVE-2026-11050,8.8
210192,CVE-2026-11116,8.8
210192,CVE-2026-11648,8.8
210192,CVE-2026-11059,8.8
210192,CVE-2026-11188,8.8
210192,CVE-2026-11000,8.8
210192,CVE-2026-11171,8.8
210192,CVE-2026-11248,8.8
210192,CVE-2026-11305,8.8
210192,CVE-2026-11042,8.8
210192,CVE-2026-12018,8.8
210192,CVE-2026-13850,8.8
210192,CVE-2026-11295,8.8
210192,CVE-2026-11117,8.8
210192,CVE-2026-13918,8.8
210192,CVE-2026-11680,8.8
210192,CVE-2026-11164,8.8
210192,CVE-2026-13811,8.8
210192,CVE-2026-11230,8.8
210192,CVE-2026-11144,8.8
210192,CVE-2026-11049,8.8
210192,CVE-2026-11202,8.8
210192,CVE-2026-11307,8.8
210192,CVE-2026-11071,8.8
210192,CVE-2026-11681,8.8
210192,CVE-2026-11136,8.8
210192,CVE-2026-11211,8.8
210192,CVE-2026-11674,8.8
210192,CVE-2026-11633,8.8
210192,CVE-2026-11130,8.8
210192,CVE-2026-13830,8.8
210192,CVE-2026-13903,8.8
210192,CVE-2026-11645,8.8
210192,CVE-2026-11646,8.8
210192,CVE-2026-11272,8.8
210192,CVE-2026-11077,8.8
210192,CVE-2026-11177,8.8
210192,CVE-2026-11262,8.8
210192,CVE-2026-13031,8.8
210192,CVE-2026-13821,8.8
210192,CVE-2026-11699,8.8
210192,CVE-2026-11173,8.8
210192,CVE-2026-11301,8.8
210192,CVE-2026-11683,8.8
210192,CVE-2026-13967,8.8
210192,CVE-2026-13849,8.6
210192,CVE-2026-11158,8.6
210192,CVE-2026-11700,8.3
210192,CVE-2026-11655,8.3
210192,CVE-2026-13834,8.3
210192,CVE-2026-10884,8.3
210192,CVE-2026-10967,8.3
210192,CVE-2026-10919,8.3
210192,CVE-2026-10921,8.3
210192,CVE-2026-10929,8.3
210192,CVE-2026-10915,8.3
210192,CVE-2026-10924,8.3
210192,CVE-2026-10961,8.3
210192,CVE-2026-12437,8.3
210192,CVE-2026-12031,8.3
210192,CVE-2026-12028,8.3
210192,CVE-2026-12029,8.3
210192,CVE-2026-10889,8.3
210192,CVE-2026-10927,8.3
210192,CVE-2026-10960,8.3
210192,CVE-2026-10934,8.3
210192,CVE-2026-10905,8.3
210192,CVE-2026-12022,8.3
210192,CVE-2026-10953,8.3
210192,CVE-2026-10925,8.3
210192,CVE-2026-10933,8.3
210192,CVE-2026-10970,8.3
210192,CVE-2026-10920,8.3
210192,CVE-2026-12467,8.3
210192,CVE-2026-10894,8.3
210192,CVE-2026-10898,8.3
210192,CVE-2026-10940,8.3
210192,CVE-2026-12464,8.3
210192,CVE-2026-13951,8.3
210192,CVE-2026-13281,8.3
210192,CVE-2026-12014,8.3
210192,CVE-2026-12011,8.3
210192,CVE-2026-11672,8.3
210192,CVE-2026-11676,8.3
210192,CVE-2026-12030,8.3
210192,CVE-2026-12451,8.3
210192,CVE-2026-12438,8.3
210192,CVE-2026-12016,8.3
210192,CVE-2026-12009,8.3
210192,CVE-2026-10990,8.3
210192,CVE-2026-10909,8.3
210192,CVE-2026-10971,8.3
210192,CVE-2026-11236,8.3
210192,CVE-2026-11010,8.3
210192,CVE-2026-10917,8.3
210192,CVE-2026-10911,8.3
210192,CVE-2026-12465,8.3
210192,CVE-2026-10908,8.3
210192,CVE-2026-11682,8.3
210192,CVE-2026-13829,8.3
210192,CVE-2026-11642,8.3
210192,CVE-2026-11631,8.3
210192,CVE-2026-12454,8.3
210192,CVE-2026-11040,8.3
210192,CVE-2026-12023,8.3
210192,CVE-2026-13804,8.3
210192,CVE-2026-12010,8.3
210192,CVE-2026-11635,8.3
210192,CVE-2026-11656,8.3
210192,CVE-2026-13803,8.3
210192,CVE-2026-12034,8.3
210192,CVE-2026-11647,8.3
210192,CVE-2026-12468,8.3
210192,CVE-2026-11679,8.3
210192,CVE-2026-11256,8.3
210192,CVE-2026-11237,8.3
210192,CVE-2026-11677,8.3
210192,CVE-2026-13025,8.3
210192,CVE-2026-11029,8.3
210192,CVE-2026-14151,8.3
210192,CVE-2026-11661,8.3
210192,CVE-2026-13823,8.3
210192,CVE-2026-11640,8.3
210192,CVE-2026-11652,8.3
210192,CVE-2026-11660,8.3
210192,CVE-2026-13813,8.3
210192,CVE-2026-11002,8.3
210192,CVE-2026-11692,8.3
210192,CVE-2026-12008,8.3
210192,CVE-2026-13832,8.3
210192,CVE-2026-11012,8.3
210192,CVE-2026-10949,8.3
210192,CVE-2026-13801,8.3
210192,CVE-2026-11663,8.3
210192,CVE-2026-13841,8.3
210192,CVE-2026-10918,8.3
210192,CVE-2026-12019,8.3
210192,CVE-2026-13779,8.1
210192,CVE-2026-13864,8.1
210192,CVE-2026-13787,8.1
210192,CVE-2026-13806,8.1
210192,CVE-2026-13791,8.1
210192,CVE-2026-11015,8.1
210192,CVE-2026-10938,8.1
210192,CVE-2026-12012,8.1
210192,CVE-2026-10887,8.1
210192,CVE-2026-10930,8.1
210192,CVE-2026-11693,8.1
210192,CVE-2026-11111,8.1
210192,CVE-2026-11231,8.1
210192,CVE-2026-13974,8.1
210192,CVE-2026-14111,8.1
210192,CVE-2026-10937,8.1
210192,CVE-2026-11185,8.1
210192,CVE-2026-11643,8.1
210192,CVE-2026-11224,8.1
210192,CVE-2026-11011,8.1
210192,CVE-2026-14032,8.1
210192,CVE-2026-11689,8.1
210192,CVE-2026-14122,8.1
210192,CVE-2026-13819,8.1
210192,CVE-2026-11169,8.1
210192,CVE-2026-13774,8.1
210192,CVE-2026-13799,8.1
210192,CVE-2026-11170,8.1
210192,CVE-2026-14011,8.1
210192,CVE-2026-11241,8.0
210192,CVE-2026-13800,7.8
210192,CVE-2026-13827,7.8
210192,CVE-2026-11103,7.8
210192,CVE-2026-11072,7.8
210192,CVE-2026-13037,7.8
210192,CVE-2026-12449,7.8
210192,CVE-2026-10942,7.8
210192,CVE-2026-13863,7.8
210192,CVE-2026-14124,7.8
210192,CVE-2026-13778,7.8
210192,CVE-2026-14018,7.8
210192,CVE-2026-13844,7.8
210192,CVE-2026-14094,7.8
210192,CVE-2026-14060,7.8
210192,CVE-2026-13927,7.8
210192,CVE-2026-11297,7.7
210192,CVE-2026-10901,7.5
210192,CVE-2026-10899,7.5
210192,CVE-2026-11690,7.5
210192,CVE-2026-11644,7.5
210192,CVE-2026-11639,7.5
210192,CVE-2026-10969,7.5
210192,CVE-2026-10946,7.5
210192,CVE-2026-10900,7.5
210192,CVE-2026-10906,7.5
210192,CVE-2026-11667,7.5
210192,CVE-2026-14114,7.5
210192,CVE-2026-13925,7.5
210192,CVE-2026-13807,7.5
210192,CVE-2026-13856,7.5
210192,CVE-2026-13029,7.5
210192,CVE-2026-11296,7.5
210192,CVE-2026-11265,7.5
210192,CVE-2026-11154,7.5
210192,CVE-2026-14064,7.5
210192,CVE-2026-12462,7.5
210192,CVE-2026-13824,7.5
210192,CVE-2026-13814,7.5
210192,CVE-2026-13794,7.5
210192,CVE-2026-11242,7.5
210192,CVE-2026-11239,7.5
210192,CVE-2026-1220,7.5
210192,CVE-2026-11632,7.5
210192,CVE-2026-11149,7.5
210192,CVE-2026-12445,7.5
210192,CVE-2026-12455,7.5
210192,CVE-2026-11151,7.5
210192,CVE-2026-11058,7.5
210192,CVE-2026-11694,7.5
210192,CVE-2026-13968,7.5
210192,CVE-2026-13831,7.5
210192,CVE-2026-11636,7.5
210192,CVE-2026-11641,7.5
210192,CVE-2026-13802,7.5
210192,CVE-2026-11255,7.5
210192,CVE-2026-13891,7.5
210192,CVE-2026-13283,7.5
210192,CVE-2026-14115,7.5
210192,CVE-2026-13855,7.5
210192,CVE-2026-10968,7.4
210192,CVE-2026-10973,7.4
210192,CVE-2026-11035,7.3
210192,CVE-2026-11115,7.3
210192,CVE-2026-11269,7.1
210192,CVE-2026-11218,6.8
210192,CVE-2026-13282,6.8
210192,CVE-2026-11166,6.8
210192,CVE-2026-11628,6.8
210192,CVE-2026-13919,6.5
210192,CVE-2026-14085,6.5
210192,CVE-2026-13962,6.5
210192,CVE-2026-13954,6.5
210192,CVE-2026-14071,6.5
210192,CVE-2026-14021,6.5
210192,CVE-2026-14118,6.5
210192,CVE-2026-13958,6.5
210192,CVE-2026-14074,6.5
210192,CVE-2026-14088,6.5
210192,CVE-2026-14007,6.5
210192,CVE-2026-14023,6.5
210192,CVE-2026-14155,6.5
210192,CVE-2026-14008,6.5
210192,CVE-2026-14022,6.5
210192,CVE-2026-14100,6.5
210192,CVE-2026-11143,6.5
210192,CVE-2026-14014,6.5
210192,CVE-2026-14016,6.5
210192,CVE-2026-14015,6.5
210192,CVE-2026-13840,6.5
210192,CVE-2026-13887,6.5
210192,CVE-2026-13889,6.5
210192,CVE-2026-13996,6.5
210192,CVE-2026-13922,6.5
210192,CVE-2026-13926,6.5
210192,CVE-2026-13892,6.5
210192,CVE-2026-13990,6.5
210192,CVE-2026-14156,6.5
210192,CVE-2026-14048,6.5
210192,CVE-2026-13904,6.5
210192,CVE-2026-13866,6.5
210192,CVE-2026-13833,6.5
210192,CVE-2026-14098,6.5
210192,CVE-2026-13964,6.5
210192,CVE-2026-14059,6.5
210192,CVE-2026-14125,6.5
210192,CVE-2026-14148,6.5
210192,CVE-2026-14119,6.5
210192,CVE-2026-13910,6.5
210192,CVE-2026-11014,6.5
210192,CVE-2026-14081,6.5
210192,CVE-2026-13847,6.5
210192,CVE-2026-14019,6.5
210192,CVE-2026-14033,6.5
210192,CVE-2026-14082,6.5
210192,CVE-2026-14065,6.5
210192,CVE-2026-11013,6.5
210192,CVE-2026-11051,6.5
210192,CVE-2026-11196,6.5
210192,CVE-2026-14002,6.5
210192,CVE-2026-11019,6.5
210192,CVE-2026-11189,6.5
210192,CVE-2026-13921,6.5
210192,CVE-2026-11193,6.5
210192,CVE-2026-13871,6.5
210192,CVE-2026-13790,6.5
210192,CVE-2026-11109,6.5
210192,CVE-2026-13822,6.5
210192,CVE-2026-11129,6.5
210192,CVE-2026-11190,6.5
210192,CVE-2026-11215,6.5
210192,CVE-2026-11217,6.5
210192,CVE-2026-11089,6.5
210192,CVE-2026-11110,6.5
210192,CVE-2026-14004,6.5
210192,CVE-2026-11023,6.5
210192,CVE-2026-11044,6.5
210192,CVE-2026-11045,6.5
210192,CVE-2026-11083,6.5
210192,CVE-2026-11137,6.5
210192,CVE-2026-11036,6.5
210192,CVE-2026-11258,6.5
210192,CVE-2026-11197,6.5
210192,CVE-2026-11283,6.5
210192,CVE-2026-13935,6.5
210192,CVE-2026-11081,6.5
210192,CVE-2026-11101,6.5
210192,CVE-2026-13937,6.5
210192,CVE-2026-13913,6.5
210192,CVE-2026-13985,6.5
210192,CVE-2026-11142,6.5
210192,CVE-2026-11299,6.5
210192,CVE-2026-11017,6.5
210192,CVE-2026-11073,6.5
210192,CVE-2026-11032,6.5
210192,CVE-2026-11289,6.5
210192,CVE-2026-11141,6.5
210192,CVE-2026-11288,6.5
210192,CVE-2026-11226,6.5
210192,CVE-2026-11067,6.5
210192,CVE-2026-11195,6.5
210192,CVE-2026-11200,6.5
210192,CVE-2026-11090,6.5
210192,CVE-2026-14050,6.5
210192,CVE-2026-13943,6.5
210192,CVE-2026-13886,6.5
210192,CVE-2026-14146,6.5
210192,CVE-2026-13839,6.5
210192,CVE-2026-11139,6.5
210192,CVE-2026-11018,6.5
210192,CVE-2026-11106,6.5
210192,CVE-2026-11104,6.5
210192,CVE-2026-13949,6.5
210192,CVE-2026-13908,6.5
210192,CVE-2026-11168,6.5
210192,CVE-2026-13923,6.5
210192,CVE-2026-13879,6.5
210192,CVE-2026-13917,6.5
210192,CVE-2026-14010,6.5
210192,CVE-2026-11225,6.5
210192,CVE-2026-11284,6.5
210192,CVE-2026-13876,6.5
210192,CVE-2026-14070,6.5
210192,CVE-2026-14061,6.5
210192,CVE-2026-13900,6.5
210192,CVE-2026-11160,6.5
210192,CVE-2026-11182,6.5
210192,CVE-2026-11138,6.5
210192,CVE-2026-13820,6.5
210192,CVE-2026-13924,6.5
210192,CVE-2026-13810,6.5
210192,CVE-2026-13818,6.5
210192,CVE-2026-11270,6.5
210192,CVE-2026-11078,6.5
210192,CVE-2026-11064,6.5
210192,CVE-2026-11093,6.5
210192,CVE-2026-11263,6.5
210192,CVE-2026-11006,6.5
210192,CVE-2026-13862,6.5
210192,CVE-2026-13858,6.5
210192,CVE-2026-13828,6.5
210192,CVE-2026-13931,6.5
210192,CVE-2026-11206,6.5
210192,CVE-2026-11176,6.5
210192,CVE-2026-11025,6.5
210192,CVE-2026-11214,6.5
210192,CVE-2026-13894,6.5
210192,CVE-2026-11140,6.5
210192,CVE-2026-11222,6.5
210192,CVE-2026-11134,6.5
210192,CVE-2026-11128,6.5
210192,CVE-2026-11209,6.5
210192,CVE-2026-11183,6.5
210192,CVE-2026-11127,6.5
210192,CVE-2026-11658,6.5
210192,CVE-2026-11026,6.5
210192,CVE-2026-11203,6.5
210192,CVE-2026-11268,6.5
210192,CVE-2026-11194,6.5
210192,CVE-2026-11008,6.5
210192,CVE-2026-12461,6.5
210192,CVE-2026-12024,6.5
210192,CVE-2026-14103,6.5
210192,CVE-2026-14051,6.5
210192,CVE-2026-14096,6.5
210192,CVE-2026-14035,6.5
210192,CVE-2026-14069,6.5
210192,CVE-2026-13826,6.5
210192,CVE-2026-13881,6.5
210192,CVE-2026-11223,6.5
210192,CVE-2026-13793,6.5
210192,CVE-2026-13868,6.5
210192,CVE-2026-13906,6.5
210192,CVE-2026-13930,6.5
210192,CVE-2026-13816,6.5
210192,CVE-2026-13988,6.5
210192,CVE-2026-11287,6.5
210192,CVE-2026-11220,6.5
210192,CVE-2026-11204,6.5
210192,CVE-2026-11069,6.5
210192,CVE-2026-11271,6.5
210192,CVE-2026-11148,6.5
210192,CVE-2026-11208,6.5
210192,CVE-2026-11020,6.5
210192,CVE-2026-11132,6.5
210192,CVE-2026-11057,6.5
210192,CVE-2026-11084,6.5
210192,CVE-2026-11007,6.5
210192,CVE-2026-11096,6.5
210192,CVE-2026-13932,6.5
210192,CVE-2026-13809,6.5
210192,CVE-2026-13989,6.5
210192,CVE-2026-13953,6.5
210192,CVE-2026-13893,6.5
210192,CVE-2026-11016,6.5
210192,CVE-2026-13873,6.5
210192,CVE-2026-11033,6.5
210192,CVE-2026-13838,6.5
210192,CVE-2026-10985,6.5
210192,CVE-2026-10993,6.5
210192,CVE-2026-10996,6.5
210192,CVE-2026-10976,6.5
210192,CVE-2026-10981,6.5
210192,CVE-2026-11097,6.5
210192,CVE-2026-10997,6.5
210192,CVE-2026-10994,6.5
210192,CVE-2026-10950,6.5
210192,CVE-2026-10980,6.5
210192,CVE-2026-10977,6.5
210192,CVE-2026-10992,6.5
210192,CVE-2026-10912,6.5
210192,CVE-2026-10979,6.5
210192,CVE-2026-10944,6.5
210192,CVE-2026-12450,6.5
210192,CVE-2026-11027,6.5
210192,CVE-2026-11123,6.5
210192,CVE-2026-11275,6.5
210192,CVE-2026-11048,6.5
210192,CVE-2026-11121,6.5
210192,CVE-2026-11135,6.5
210192,CVE-2026-11022,6.5
210192,CVE-2026-11180,6.5
210192,CVE-2026-11039,6.5
210192,CVE-2026-11075,6.5
210192,CVE-2026-11038,6.5
210192,CVE-2026-11227,6.5
210192,CVE-2026-11087,6.5
210192,CVE-2026-11278,6.5
210192,CVE-2026-11133,6.5
210192,CVE-2026-11210,6.5
210192,CVE-2026-11653,6.5
210192,CVE-2026-11105,6.5
210192,CVE-2026-13936,6.5
210192,CVE-2026-13795,6.5
210192,CVE-2026-13896,6.5
210192,CVE-2026-13940,6.5
210192,CVE-2026-11184,6.3
210192,CVE-2026-11181,6.3
210192,CVE-2026-11308,6.3
210192,CVE-2026-11187,6.3
210192,CVE-2026-11122,6.1
210192,CVE-2026-11150,6.1
210192,CVE-2026-14001,6.1
210192,CVE-2026-10916,6.1
210192,CVE-2026-14145,6.1
210192,CVE-2026-11186,6.1
210192,CVE-2026-11273,6.1
210192,CVE-2026-14000,6.1
210192,CVE-2026-11229,6.1
210192,CVE-2026-14083,6.1
210192,CVE-2026-11205,6.1
210192,CVE-2026-11034,6.1
210192,CVE-2026-13836,6.1
210192,CVE-2026-14147,6.1
210192,CVE-2026-14068,6.1
210192,CVE-2026-12459,6.1
210192,CVE-2026-11199,5.9
210192,CVE-2026-14062,5.9
210192,CVE-2026-11238,5.9
210192,CVE-2026-13976,5.8
210192,CVE-2026-14063,5.7
210192,CVE-2026-12444,5.5
210192,CVE-2026-13929,5.5
210192,CVE-2026-13914,5.5
210192,CVE-2026-10984,5.4
210192,CVE-2026-11701,5.4
210192,CVE-2026-11157,5.4
210192,CVE-2026-13977,5.4
210192,CVE-2026-11243,5.4
210192,CVE-2026-11666,5.4
210192,CVE-2026-11232,5.4
210192,CVE-2026-11174,5.3
210192,CVE-2026-11678,5.3
210192,CVE-2026-13911,5.3
210192,CVE-2026-13975,5.3
210192,CVE-2026-13877,5.3
210192,CVE-2026-11246,5.3
210192,CVE-2026-13023,5.3
210192,CVE-2026-13890,5.3
210192,CVE-2026-11098,5.3
210192,CVE-2026-14117,5.3
210192,CVE-2026-11145,5.3
210192,CVE-2026-13961,5.3
210192,CVE-2026-13947,5.3
210192,CVE-2026-13030,5.3
210192,CVE-2026-11669,5.3
210192,CVE-2026-11004,5.3
210192,CVE-2026-12033,5.3
210192,CVE-2026-14049,5.3
210192,CVE-2026-13950,5.3
210192,CVE-2026-11696,5.3
210192,CVE-2026-13875,5.3
210192,CVE-2026-14153,5.3
210192,CVE-2026-14012,5.3
210192,CVE-2026-13971,5.3
210192,CVE-2026-11005,5.3
210192,CVE-2026-13969,5.3
210192,CVE-2026-12015,5.3
210192,CVE-2026-14112,5.3
210192,CVE-2026-12025,5.3
210192,CVE-2026-13970,5.3
210192,CVE-2026-13933,5.3
210192,CVE-2026-13874,5.3
210192,CVE-2026-10999,5.3
210192,CVE-2026-12026,5.3
210192,CVE-2026-11276,5.1
210192,CVE-2026-11281,5.0
210192,CVE-2026-11290,5.0
210192,CVE-2026-14154,4.8
210192,CVE-2026-12463,4.7
210192,CVE-2026-11249,4.7
210192,CVE-2026-13812,4.7
210192,CVE-2026-13034,4.7
210192,CVE-2026-11233,4.7
210192,CVE-2026-13808,4.6
210192,CVE-2026-11260,4.3
210192,CVE-2026-11159,4.3
210192,CVE-2026-11126,4.3
210192,CVE-2026-11280,4.3
210192,CVE-2026-11107,4.3
210192,CVE-2026-13966,4.3
210192,CVE-2026-13987,4.3
210192,CVE-2026-11212,4.3
210192,CVE-2026-11219,4.3
210192,CVE-2026-11294,4.3
210192,CVE-2026-11259,4.3
210192,CVE-2026-11266,4.3
210192,CVE-2026-13995,4.3
210192,CVE-2026-11274,4.3
210192,CVE-2026-14053,4.3
210192,CVE-2026-14080,4.3
210192,CVE-2026-14034,4.3
210192,CVE-2026-13912,4.3
210192,CVE-2026-13902,4.3
210192,CVE-2026-11216,4.3
210192,CVE-2026-11161,4.3
210192,CVE-2026-14020,4.3
210192,CVE-2026-14073,4.3
210192,CVE-2026-14150,4.3
210192,CVE-2026-14132,4.3
210192,CVE-2026-14123,4.3
210192,CVE-2026-13960,4.3
210192,CVE-2026-14072,4.3
210192,CVE-2026-14140,4.3
210192,CVE-2026-14135,4.3
210192,CVE-2026-14141,4.3
210192,CVE-2026-14127,4.3
210192,CVE-2026-14131,4.3
210192,CVE-2026-14076,4.3
210192,CVE-2026-14054,4.3
210192,CVE-2026-14143,4.3
210192,CVE-2026-14134,4.3
210192,CVE-2026-14092,4.3
210192,CVE-2026-14013,4.3
210192,CVE-2026-13979,4.3
210192,CVE-2026-12446,4.3
210192,CVE-2026-14126,4.3
210192,CVE-2026-14089,4.3
210192,CVE-2026-13980,4.3
210192,CVE-2026-13991,4.3
210192,CVE-2026-14066,4.3
210192,CVE-2026-11298,4.3
210192,CVE-2026-13994,4.3
210192,CVE-2026-11292,4.3
210192,CVE-2026-13941,4.3
210192,CVE-2026-11031,4.3
210192,CVE-2026-11253,4.3
210192,CVE-2026-11252,4.3
210192,CVE-2026-11228,4.3
210192,CVE-2026-14042,4.3
210192,CVE-2026-11155,4.3
210192,CVE-2026-11302,4.3
210192,CVE-2026-11062,4.3
210192,CVE-2026-11192,4.3
210192,CVE-2026-13981,4.3
210192,CVE-2026-11257,4.3
210192,CVE-2026-13946,4.3
210192,CVE-2026-13984,4.3
210192,CVE-2026-11277,4.3
210192,CVE-2026-13959,4.3
210192,CVE-2026-11285,4.3
210192,CVE-2026-13972,4.3
210192,CVE-2026-13867,4.3
210192,CVE-2026-13837,4.3
210192,CVE-2026-11221,4.3
210192,CVE-2026-11254,4.3
210192,CVE-2026-11267,4.3
210192,CVE-2026-11162,4.3
210192,CVE-2026-11178,4.3
210192,CVE-2026-11300,4.3
210192,CVE-2026-11309,4.3
210192,CVE-2026-11264,4.3
210192,CVE-2026-11156,4.3
210192,CVE-2026-11234,4.3
210192,CVE-2026-14046,4.3
210192,CVE-2026-14110,4.3
210192,CVE-2026-14058,4.3
210192,CVE-2026-14057,4.3
210192,CVE-2026-11668,4.3
210192,CVE-2026-11665,4.3
210192,CVE-2026-13865,4.3
210192,CVE-2026-14047,4.3
210192,CVE-2026-13999,4.3
210192,CVE-2026-13978,4.3
210192,CVE-2026-14039,4.3
210192,CVE-2026-14116,4.3
210192,CVE-2026-11286,4.3
210192,CVE-2026-14031,4.3
210192,CVE-2026-11685,4.3
210192,CVE-2026-11261,4.3
210192,CVE-2026-11245,4.3
210192,CVE-2026-11291,4.3
210192,CVE-2026-14128,4.3
210192,CVE-2026-11695,4.3
210192,CVE-2026-13842,4.3
210192,CVE-2026-14003,4.3
210192,CVE-2026-14075,4.3
210192,CVE-2026-14052,4.3
210192,CVE-2026-14045,4.3
210192,CVE-2026-14136,4.3
210192,CVE-2026-13916,4.3
210192,CVE-2026-14077,4.3
210192,CVE-2026-12469,4.3
210192,CVE-2026-14079,4.3
210192,CVE-2026-14130,4.3
210192,CVE-2026-14133,4.3
210192,CVE-2026-14142,4.3
210192,CVE-2026-13021,4.3
210192,CVE-2026-13952,4.3
210192,CVE-2026-13895,4.2
210192,CVE-2026-13997,4.2
210192,CVE-2026-13973,4.2
210192,CVE-2026-14026,4.2
210192,CVE-2026-13986,4.2
210192,CVE-2026-13983,4.2
210192,CVE-2026-13860,4.2
210192,CVE-2026-14129,4.2
210192,CVE-2026-13993,4.2
210192,CVE-2026-13957,4.2
210192,CVE-2026-13998,4.2
210192,CVE-2026-13024,4.2
210192,CVE-2026-12460,4.2
210192,CVE-2026-13907,4.2
210192,CVE-2026-13956,4.2
210192,CVE-2026-13857,4.2
210192,CVE-2026-13905,4.2
210192,CVE-2026-14030,4.2
210192,CVE-2026-12456,4.2
210192,CVE-2026-12453,4.2
210192,CVE-2026-12457,4.2
210192,CVE-2026-14137,4.2
210192,CVE-2026-14028,4.2
210192,CVE-2026-14138,4.2
210192,CVE-2026-13992,4.2
210192,CVE-2026-14139,4.2
210192,CVE-2026-11001,4.2
210192,CVE-2026-14144,4.2
210192,CVE-2026-10998,4.0
210192,CVE-2026-13942,3.3
210192,CVE-2026-13955,3.3
210192,CVE-2026-13022,3.1
210192,CVE-2026-11240,3.1
210192,CVE-2026-11691,3.1
210192,CVE-2026-13982,3.1
210192,CVE-2026-13939,3.1
210192,CVE-2026-11247,3.1
210192,CVE-2026-11686,3.1
210192,CVE-2026-13963,3.1
210192,CVE-2026-11251,3.1
210192,CVE-2026-13944,3.1
210192,CVE-2026-11684,3.1
210192,CVE-2026-12458,3.1
210192,CVE-2026-11675,3.1
210192,CVE-2026-13945,3.1
210192,CVE-2026-11244,3.1
210192,CVE-2026-13948,3.1
210192,CVE-2026-12017,3.1
210192,CVE-2026-12032,3.1
210193,CVE-2026-14387,9.6
210193,CVE-2026-14411,9.6
210193,CVE-2026-15899,9.6
210193,CVE-2026-15773,9.6
210193,CVE-2026-14419,9.6
210193,CVE-2026-14425,9.6
210193,CVE-2026-15901,9.6
210193,CVE-2026-17711,9.6
210193,CVE-2026-15900,9.6
210193,CVE-2026-17651,9.6
210193,CVE-2026-17708,9.6
210193,CVE-2026-17713,9.6
210193,CVE-2026-17676,9.6
210193,CVE-2026-17697,9.6
210193,CVE-2026-17801,9.6
210193,CVE-2026-17738,9.6
210193,CVE-2026-17701,9.6
210193,CVE-2026-17687,9.6
210193,CVE-2026-17652,9.6
210193,CVE-2026-17924,9.6
210193,CVE-2026-17727,9.6
210193,CVE-2026-18002,9.6
210193,CVE-2026-18015,9.6
210193,CVE-2026-17749,9.6
210193,CVE-2026-17832,9.6
210193,CVE-2026-17704,9.6
210193,CVE-2026-17991,9.6
210193,CVE-2026-17669,9.6
210193,CVE-2026-15113,9.6
210193,CVE-2026-17692,9.6
210193,CVE-2026-16419,9.6
210193,CVE-2026-17717,9.6
210193,CVE-2026-14398,9.6
210193,CVE-2026-14392,9.6
210193,CVE-2026-14424,9.6
210193,CVE-2026-14416,9.6
210193,CVE-2026-14420,9.6
210193,CVE-2026-14390,9.6
210193,CVE-2026-14423,9.6
210193,CVE-2026-17656,9.6
210193,CVE-2026-14382,9.6
210193,CVE-2026-17684,9.6
210193,CVE-2026-17726,9.6
210193,CVE-2026-17804,9.6
210193,CVE-2026-17671,9.6
210193,CVE-2026-17837,9.6
210193,CVE-2026-17673,9.6
210193,CVE-2026-17848,9.6
210193,CVE-2026-17680,9.6
210193,CVE-2026-17758,9.6
210193,CVE-2026-17855,9.6
210193,CVE-2026-17709,9.6
210193,CVE-2026-17718,9.6
210193,CVE-2026-17681,9.6
210193,CVE-2026-17803,9.6
210193,CVE-2026-17655,9.6
210193,CVE-2026-17865,9.6
210193,CVE-2026-17691,9.6
210193,CVE-2026-17695,9.6
210193,CVE-2026-17856,9.6
210193,CVE-2026-16424,9.6
210193,CVE-2026-14417,9.6
210193,CVE-2026-14397,9.6
210193,CVE-2026-14405,9.6
210193,CVE-2026-17847,9.6
210193,CVE-2026-17688,9.6
210193,CVE-2026-17834,9.6
210193,CVE-2026-17675,9.6
210193,CVE-2026-17721,9.6
210193,CVE-2026-17987,9.6
210193,CVE-2026-17710,9.6
210193,CVE-2026-17768,9.6
210193,CVE-2026-17940,9.6
210193,CVE-2026-17670,9.6
210193,CVE-2026-17682,9.6
210193,CVE-2026-17672,9.6
210193,CVE-2026-17947,9.6
210193,CVE-2026-17990,9.6
210193,CVE-2026-16416,9.3
210193,CVE-2026-16414,9.3
210193,CVE-2026-17666,9.1
210193,CVE-2026-14395,8.8
210193,CVE-2026-14383,8.8
210193,CVE-2026-15129,8.8
210193,CVE-2026-17969,8.8
210193,CVE-2026-15126,8.8
210193,CVE-2026-15107,8.8
210193,CVE-2026-15132,8.8
210193,CVE-2026-16805,8.8
210193,CVE-2026-14432,8.8
210193,CVE-2026-14403,8.8
210193,CVE-2026-14422,8.8
210193,CVE-2026-14393,8.8
210193,CVE-2026-15767,8.8
210193,CVE-2026-15776,8.8
210193,CVE-2026-15902,8.8
210193,CVE-2026-15123,8.8
210193,CVE-2026-17967,8.8
210193,CVE-2026-15114,8.8
210193,CVE-2026-17886,8.8
210193,CVE-2026-17971,8.8
210193,CVE-2026-17920,8.8
210193,CVE-2026-17725,8.8
210193,CVE-2026-17881,8.8
210193,CVE-2026-17658,8.8
210193,CVE-2026-15116,8.8
210193,CVE-2026-15125,8.8
210193,CVE-2026-15133,8.8
210193,CVE-2026-15118,8.8
210193,CVE-2026-17989,8.8
210193,CVE-2026-17950,8.8
210193,CVE-2026-15112,8.8
210193,CVE-2026-17922,8.8
210193,CVE-2026-15904,8.8
210193,CVE-2026-18012,8.8
210193,CVE-2026-15110,8.8
210193,CVE-2026-17678,8.8
210193,CVE-2026-17719,8.8
210193,CVE-2026-18017,8.8
210193,CVE-2026-17751,8.8
210193,CVE-2026-17875,8.8
210193,CVE-2026-17836,8.8
210193,CVE-2026-17884,8.8
210193,CVE-2026-17778,8.8
210193,CVE-2026-17705,8.8
210193,CVE-2026-15903,8.8
210193,CVE-2026-15121,8.8
210193,CVE-2026-17784,8.8
210193,CVE-2026-17752,8.8
210193,CVE-2026-17729,8.8
210193,CVE-2026-17807,8.8
210193,CVE-2026-17935,8.8
210193,CVE-2026-17694,8.8
210193,CVE-2026-17786,8.8
210193,CVE-2026-17677,8.8
210193,CVE-2026-17899,8.8
210193,CVE-2026-17685,8.8
210193,CVE-2026-17665,8.8
210193,CVE-2026-17894,8.8
210193,CVE-2026-17712,8.8
210193,CVE-2026-17956,8.8
210193,CVE-2026-17868,8.8
210193,CVE-2026-17918,8.8
210193,CVE-2026-14394,8.8
210193,CVE-2026-14430,8.8
210193,CVE-2026-14415,8.8
210193,CVE-2026-14385,8.8
210193,CVE-2026-14431,8.8
210193,CVE-2026-14407,8.8
210193,CVE-2026-16807,8.8
210193,CVE-2026-16806,8.8
210193,CVE-2026-17951,8.8
210193,CVE-2026-17661,8.8
210193,CVE-2026-16423,8.8
210193,CVE-2026-16421,8.8
210193,CVE-2026-16420,8.8
210193,CVE-2026-16418,8.8
210193,CVE-2026-17735,8.7
210193,CVE-2026-17699,8.6
210193,CVE-2026-17716,8.4
210193,CVE-2026-17877,8.4
210193,CVE-2026-17653,8.3
210193,CVE-2026-14389,8.3
210193,CVE-2026-15774,8.3
210193,CVE-2026-15122,8.3
210193,CVE-2026-15119,8.3
210193,CVE-2026-14428,8.3
210193,CVE-2026-17663,8.3
210193,CVE-2026-15120,8.3
210193,CVE-2026-17722,8.3
210193,CVE-2026-15772,8.3
210193,CVE-2026-17657,8.3
210193,CVE-2026-15769,8.3
210193,CVE-2026-16804,8.3
210193,CVE-2026-16413,8.3
210193,CVE-2026-14427,8.3
210193,CVE-2026-14429,8.3
210193,CVE-2026-14401,8.3
210193,CVE-2026-14400,8.3
210193,CVE-2026-14412,8.3
210193,CVE-2026-17650,8.3
210193,CVE-2026-17660,8.3
210193,CVE-2026-17723,8.3
210193,CVE-2026-14413,8.3
210193,CVE-2026-17995,8.1
210193,CVE-2026-17686,8.1
210193,CVE-2026-17869,8.1
210193,CVE-2026-17864,7.8
210193,CVE-2026-17862,7.8
210193,CVE-2026-17654,7.8
210193,CVE-2026-17863,7.8
210193,CVE-2026-17861,7.8
210193,CVE-2026-15905,7.8
210193,CVE-2026-17952,7.5
210193,CVE-2026-14409,7.5
210193,CVE-2026-17930,7.5
210193,CVE-2026-15764,7.5
210193,CVE-2026-17774,7.5
210193,CVE-2026-17816,7.5
210193,CVE-2026-17948,7.5
210193,CVE-2026-15111,7.5
210193,CVE-2026-15765,7.5
210193,CVE-2026-16422,7.5
210193,CVE-2026-14426,7.5
210193,CVE-2026-17698,7.5
210193,CVE-2026-17898,7.5
210193,CVE-2026-15777,7.5
210193,CVE-2026-17896,7.5
210193,CVE-2026-17979,7.5
210193,CVE-2026-17916,7.5
210193,CVE-2026-17887,7.5
210193,CVE-2026-15117,7.5
210193,CVE-2026-17811,7.1
210193,CVE-2026-17888,7.1
210193,CVE-2026-17744,7.1
210193,CVE-2026-17741,7.1
210193,CVE-2026-17867,7.1
210193,CVE-2026-17750,7.1
210193,CVE-2026-17993,7.0
210193,CVE-2026-17919,6.8
210193,CVE-2026-17988,6.5
210193,CVE-2026-17873,6.5
210193,CVE-2026-17756,6.5
210193,CVE-2026-15109,6.5
210193,CVE-2026-15770,6.5
210193,CVE-2026-15775,6.5
210193,CVE-2026-17953,6.5
210193,CVE-2026-17852,6.5
210193,CVE-2026-17883,6.5
210193,CVE-2026-17929,6.5
210193,CVE-2026-17828,6.5
210193,CVE-2026-17664,6.5
210193,CVE-2026-17975,6.5
210193,CVE-2026-17992,6.5
210193,CVE-2026-17787,6.5
210193,CVE-2026-17840,6.5
210193,CVE-2026-17882,6.5
210193,CVE-2026-17923,6.5
210193,CVE-2026-15766,6.5
210193,CVE-2026-17926,6.5
210193,CVE-2026-17985,6.5
210193,CVE-2026-17842,6.5
210193,CVE-2026-17986,6.5
210193,CVE-2026-17921,6.5
210193,CVE-2026-17946,6.5
210193,CVE-2026-17931,6.5
210193,CVE-2026-17823,6.5
210193,CVE-2026-17679,6.5
210193,CVE-2026-17707,6.5
210193,CVE-2026-17936,6.5
210193,CVE-2026-17743,6.5
210193,CVE-2026-17754,6.5
210193,CVE-2026-17789,6.5
210193,CVE-2026-17841,6.5
210193,CVE-2026-17974,6.5
210193,CVE-2026-17999,6.5
210193,CVE-2026-17968,6.5
210193,CVE-2026-17814,6.5
210193,CVE-2026-17764,6.5
210193,CVE-2026-17791,6.5
210193,CVE-2026-17796,6.5
210193,CVE-2026-17800,6.5
210193,CVE-2026-17805,6.5
210193,CVE-2026-17668,6.5
210193,CVE-2026-18014,6.5
210193,CVE-2026-17825,6.5
210193,CVE-2026-18001,6.5
210193,CVE-2026-18005,6.5
210193,CVE-2026-17759,6.5
210193,CVE-2026-17748,6.5
210193,CVE-2026-17714,6.5
210193,CVE-2026-17838,6.5
210193,CVE-2026-17846,6.5
210193,CVE-2026-17674,6.5
210193,CVE-2026-17892,6.5
210193,CVE-2026-17821,6.5
210193,CVE-2026-17822,6.5
210193,CVE-2026-17830,6.5
210193,CVE-2026-17850,6.5
210193,CVE-2026-17839,6.5
210193,CVE-2026-17667,6.5
210193,CVE-2026-17793,6.5
210193,CVE-2026-17813,6.5
210193,CVE-2026-17690,6.5
210193,CVE-2026-17824,6.5
210193,CVE-2026-17831,6.5
210193,CVE-2026-17683,6.5
210193,CVE-2026-17835,6.5
210193,CVE-2026-17854,6.5
210193,CVE-2026-14402,6.5
210193,CVE-2026-14404,6.5
210193,CVE-2026-17917,6.5
210193,CVE-2026-15768,6.5
210193,CVE-2026-14396,6.5
210193,CVE-2026-15778,6.5
210193,CVE-2026-14421,6.5
210193,CVE-2026-17819,6.5
210193,CVE-2026-14408,6.5
210193,CVE-2026-14388,6.5
210193,CVE-2026-14399,6.5
210193,CVE-2026-14386,6.5
210193,CVE-2026-14384,6.5
210193,CVE-2026-17792,6.5
210193,CVE-2026-17703,6.5
210193,CVE-2026-17780,6.3
210193,CVE-2026-17996,6.2
210193,CVE-2026-17966,6.2
210193,CVE-2026-17845,6.1
210193,CVE-2026-17853,6.1
210193,CVE-2026-15128,6.1
210193,CVE-2026-17797,6.1
210193,CVE-2026-17962,6.1
210193,CVE-2026-17818,6.1
210193,CVE-2026-17872,6.1
210193,CVE-2026-17878,6.1
210193,CVE-2026-15127,6.1
210193,CVE-2026-17827,6.1
210193,CVE-2026-14406,5.9
210193,CVE-2026-17890,5.8
210193,CVE-2026-17906,5.8
210193,CVE-2026-17776,5.8
210193,CVE-2026-17746,5.8
210193,CVE-2026-17745,5.8
210193,CVE-2026-17866,5.8
210193,CVE-2026-17891,5.8
210193,CVE-2026-17806,5.8
210193,CVE-2026-17770,5.8
210193,CVE-2026-17908,5.8
210193,CVE-2026-17736,5.8
210193,CVE-2026-17809,5.8
210193,CVE-2026-17893,5.8
210193,CVE-2026-17973,5.5
210193,CVE-2026-17932,5.5
210193,CVE-2026-17799,5.4
210193,CVE-2026-17903,5.4
210193,CVE-2026-16415,5.4
210193,CVE-2026-17874,5.4
210193,CVE-2026-17734,5.4
210193,CVE-2026-17913,5.4
210193,CVE-2026-17728,5.4
210193,CVE-2026-17915,5.4
210193,CVE-2026-17779,5.4
210193,CVE-2026-17812,5.4
210193,CVE-2026-17761,5.4
210193,CVE-2026-15771,5.3
210193,CVE-2026-17978,5.3
210193,CVE-2026-17914,5.3
210193,CVE-2026-14414,5.3
210193,CVE-2026-14391,5.3
210193,CVE-2026-17909,5.3
210193,CVE-2026-17737,5.0
210193,CVE-2026-14418,4.3
210193,CVE-2026-17972,4.3
210193,CVE-2026-17798,4.3
210193,CVE-2026-17730,4.3
210193,CVE-2026-17905,4.3
210193,CVE-2026-17696,4.3
210193,CVE-2026-17740,4.3
210193,CVE-2026-17977,4.3
210193,CVE-2026-17781,4.3
210193,CVE-2026-17859,4.3
210193,CVE-2026-17965,4.3
210193,CVE-2026-17976,4.3
210193,CVE-2026-17733,4.3
210193,CVE-2026-17885,4.3
210193,CVE-2026-17910,4.3
210193,CVE-2026-17907,4.3
210193,CVE-2026-17693,4.3
210193,CVE-2026-17942,4.3
210193,CVE-2026-17775,4.3
210193,CVE-2026-17933,4.3
210193,CVE-2026-17934,4.3
210193,CVE-2026-17755,4.3
210193,CVE-2026-17941,4.3
210193,CVE-2026-17955,4.3
210193,CVE-2026-17785,4.3
210193,CVE-2026-15124,4.3
210193,CVE-2026-14410,4.3
210193,CVE-2026-17829,4.3
210193,CVE-2026-17763,4.3
210193,CVE-2026-14381,4.3
210193,CVE-2026-17889,4.3
210193,CVE-2026-17795,4.3
210193,CVE-2026-17943,4.3
210193,CVE-2026-17994,4.3
210193,CVE-2026-17880,4.3
210193,CVE-2026-17815,4.3
210193,CVE-2026-17788,4.3
210193,CVE-2026-17983,4.3
210193,CVE-2026-17843,4.3
210193,CVE-2026-17904,4.3
210193,CVE-2026-18003,4.3
210193,CVE-2026-18013,4.3
210193,CVE-2026-18010,4.3
210193,CVE-2026-17970,4.3
210193,CVE-2026-17960,4.3
210193,CVE-2026-17895,4.3
210193,CVE-2026-17760,4.3
210193,CVE-2026-17777,4.3
210193,CVE-2026-17802,4.3
210193,CVE-2026-17954,4.3
210193,CVE-2026-17900,4.3
210193,CVE-2026-17844,4.3
210193,CVE-2026-17961,4.3
210193,CVE-2026-17731,4.3
210193,CVE-2026-17662,4.3
210193,CVE-2026-17901,4.3
210193,CVE-2026-17753,4.3
210193,CVE-2026-17912,4.3
210193,CVE-2026-17782,4.3
210193,CVE-2026-17820,4.3
210193,CVE-2026-17771,4.3
210193,CVE-2026-17858,4.3
210193,CVE-2026-17981,4.3
210193,CVE-2026-17982,4.3
210193,CVE-2026-17958,4.3
210193,CVE-2026-17857,4.3
210193,CVE-2026-17706,4.3
210193,CVE-2026-17897,4.3
210193,CVE-2026-17928,4.3
210193,CVE-2026-17849,4.3
210193,CVE-2026-17851,4.3
210193,CVE-2026-17689,4.3
210193,CVE-2026-17700,4.3
210193,CVE-2026-17938,4.3
210193,CVE-2026-17939,4.3
210193,CVE-2026-17817,4.3
210193,CVE-2026-15131,4.3
210193,CVE-2026-17767,4.3
210193,CVE-2026-17765,4.3
210193,CVE-2026-17963,4.3
210193,CVE-2026-17769,4.3
210193,CVE-2026-17742,4.3
210193,CVE-2026-18007,4.3
210193,CVE-2026-17808,4.3
210193,CVE-2026-18004,4.3
210193,CVE-2026-17876,4.3
210193,CVE-2026-17998,4.3
210193,CVE-2026-17783,4.3
210193,CVE-2026-17794,4.3
210193,CVE-2026-17772,4.3
210193,CVE-2026-17964,4.3
210193,CVE-2026-17944,4.3
210193,CVE-2026-18008,4.3
210193,CVE-2026-17879,4.3
210193,CVE-2026-17790,4.3
210193,CVE-2026-17870,4.3
210193,CVE-2026-17925,4.3
210193,CVE-2026-17773,4.3
210193,CVE-2026-18006,4.3
210193,CVE-2026-17810,4.3
210193,CVE-2026-18009,4.3
210193,CVE-2026-18016,4.3
210193,CVE-2026-17871,4.3
210193,CVE-2026-18019,4.3
210193,CVE-2026-17949,4.3
210193,CVE-2026-15130,4.3
210193,CVE-2026-17911,4.3
210193,CVE-2026-15108,4.3
210193,CVE-2026-17927,4.3
210193,CVE-2026-17833,4.3
210193,CVE-2026-17959,4.3
210193,CVE-2026-17937,4.3
210193,CVE-2026-17757,4.3
210193,CVE-2026-17945,4.3
210193,CVE-2026-17762,4.3
210193,CVE-2026-17747,4.2
210193,CVE-2026-17659,4.2
210193,CVE-2026-17724,4.2
210193,CVE-2026-17739,4.2
210193,CVE-2026-18018,4.0
210193,CVE-2026-17902,3.5
210193,CVE-2026-17860,3.3
210193,CVE-2026-17766,3.3
210193,CVE-2026-17984,3.3
210193,CVE-2026-15115,3.3
210193,CVE-2026-17997,3.1
210193,CVE-2026-17826,3.1
210193,CVE-2026-17957,3.1
210193,CVE-2026-17732,3.1
210193,CVE-2026-17702,3.1
210193,CVE-2026-18000,3.1
210193,CVE-2026-17715,3.1
210193,CVE-2026-17980,3.1
210193,CVE-2026-17720,3.1
210193,CVE-2026-16417,3.1
210193,CVE-2026-18011,2.4
210194,CVE-2026-79152,9.8
210194,CVE-2026-79090,9.8
210194,CVE-2026-76035,9.6
210194,CVE-2026-79149,9.6
210194,CVE-2026-79200,9.6
210194,CVE-2026-79078,9.6
210194,CVE-2026-79150,9.6
210194,CVE-2026-79275,9.6
210194,CVE-2026-79257,9.6
210194,CVE-2026-79056,9.6
210194,CVE-2026-78964,9.6
210194,CVE-2026-78951,9.6
210194,CVE-2026-78935,9.6
210194,CVE-2026-19170,9.6
210194,CVE-2026-19149,9.6
210194,CVE-2026-79140,9.6
210194,CVE-2026-79019,9.6
210194,CVE-2026-76036,9.6
210194,CVE-2026-79138,9.6
210194,CVE-2026-79026,9.6
210194,CVE-2026-79188,9.6
210194,CVE-2026-79111,9.6
210194,CVE-2026-79290,9.6
210194,CVE-2026-79189,9.6
210194,CVE-2026-79012,9.6
210194,CVE-2026-79064,9.6
210194,CVE-2026-79232,9.6
210194,CVE-2026-79282,9.6
210194,CVE-2026-79091,9.6
210194,CVE-2026-79131,9.6
210194,CVE-2026-79129,9.6
210194,CVE-2026-79128,9.6
210194,CVE-2026-79052,9.6
210194,CVE-2026-79130,9.6
210194,CVE-2026-79043,9.6
210194,CVE-2026-79235,9.6
210194,CVE-2026-79047,9.6
210194,CVE-2026-78945,9.6
210194,CVE-2026-78937,9.6
210194,CVE-2026-78939,9.6
210194,CVE-2026-78909,9.6
210194,CVE-2026-78900,9.6
210194,CVE-2026-78989,9.6
210194,CVE-2026-78985,9.6
210194,CVE-2026-78948,9.6
210194,CVE-2026-78904,9.6
210194,CVE-2026-19164,9.6
210194,CVE-2026-19171,9.6
210194,CVE-2026-19166,9.6
210194,CVE-2026-19157,9.6
210194,CVE-2026-19175,9.6
210194,CVE-2026-79058,9.1
210194,CVE-2026-79148,9.1
210194,CVE-2026-19168,8.8
210194,CVE-2026-19174,8.8
210194,CVE-2026-19144,8.8
210194,CVE-2026-19560,8.8
210194,CVE-2026-19151,8.8
210194,CVE-2026-78978,8.8
210194,CVE-2026-78956,8.8
210194,CVE-2026-78963,8.8
210194,CVE-2026-78905,8.8
210194,CVE-2026-19556,8.8
210194,CVE-2026-19150,8.8
210194,CVE-2026-76017,8.8
210194,CVE-2026-78891,8.8
210194,CVE-2026-78899,8.8
210194,CVE-2026-78950,8.8
210194,CVE-2026-76021,8.8
210194,CVE-2026-76040,8.8
210194,CVE-2026-76018,8.8
210194,CVE-2026-19145,8.8
210194,CVE-2026-76034,8.8
210194,CVE-2026-82072,8.8
210194,CVE-2026-79187,8.8
210194,CVE-2026-79033,8.8
210194,CVE-2026-79197,8.8
210194,CVE-2026-79073,8.8
210194,CVE-2026-76023,8.8
210194,CVE-2026-78990,8.8
210194,CVE-2026-19162,8.8
210194,CVE-2026-79215,8.8
210194,CVE-2026-79198,8.8
210194,CVE-2026-79231,8.8
210194,CVE-2026-79226,8.8
210194,CVE-2026-76022,8.8
210194,CVE-2026-76045,8.8
210194,CVE-2026-76038,8.8
210194,CVE-2026-79209,8.8
210194,CVE-2026-79236,8.8
210194,CVE-2026-79142,8.8
210194,CVE-2026-79244,8.8
210194,CVE-2026-76043,8.8
210194,CVE-2026-76047,8.8
210194,CVE-2026-79097,8.8
210194,CVE-2026-79219,8.8
210194,CVE-2026-79266,8.8
210194,CVE-2026-79223,8.8
210194,CVE-2026-79227,8.8
210194,CVE-2026-79045,8.8
210194,CVE-2026-79240,8.8
210194,CVE-2026-79183,8.8
210194,CVE-2026-79182,8.8
210194,CVE-2026-79119,8.8
210194,CVE-2026-79127,8.8
210194,CVE-2026-78944,8.8
210194,CVE-2026-79230,8.8
210194,CVE-2026-79048,8.8
210194,CVE-2026-79069,8.8
210194,CVE-2026-78938,8.8
210194,CVE-2026-79195,8.8
210194,CVE-2026-78910,8.8
210194,CVE-2026-79202,8.8
210194,CVE-2026-19559,8.8
210194,CVE-2026-19169,8.8
210194,CVE-2026-19143,8.6
210194,CVE-2026-76037,8.4
210194,CVE-2026-19154,8.3
210194,CVE-2026-19152,8.3
210194,CVE-2026-19155,8.3
210194,CVE-2026-19138,8.3
210194,CVE-2026-19173,8.3
210194,CVE-2026-19172,8.3
210194,CVE-2026-19177,8.3
210194,CVE-2026-79054,8.3
210194,CVE-2026-79155,8.3
210194,CVE-2026-79132,8.3
210194,CVE-2026-76044,8.3
210194,CVE-2026-79175,8.3
210194,CVE-2026-79292,8.3
210194,CVE-2026-79210,8.3
210194,CVE-2026-79071,8.3
210194,CVE-2026-79224,8.3
210194,CVE-2026-79121,8.3
210194,CVE-2026-79218,8.3
210194,CVE-2026-19557,8.3
210194,CVE-2026-19140,8.3
210194,CVE-2026-78934,8.3
210194,CVE-2026-79247,8.3
210194,CVE-2026-19137,8.3
210194,CVE-2026-19163,8.3
210194,CVE-2026-19148,8.3
210194,CVE-2026-78999,8.3
210194,CVE-2026-19141,8.3
210194,CVE-2026-78911,8.3
210194,CVE-2026-79256,8.3
210194,CVE-2026-78983,8.3
210194,CVE-2026-79008,8.3
210194,CVE-2026-19147,8.3
210194,CVE-2026-76046,8.3
210194,CVE-2026-78952,8.3
210194,CVE-2026-79109,8.3
210194,CVE-2026-79027,8.1
210194,CVE-2026-79057,8.1
210194,CVE-2026-19153,8.1
210194,CVE-2026-79194,8.1
210194,CVE-2026-79011,8.1
210194,CVE-2026-79072,8.1
210194,CVE-2026-79039,8.1
210194,CVE-2026-79263,8.1
210194,CVE-2026-78913,8.1
210194,CVE-2026-79020,8.1
210194,CVE-2026-76019,8.1
210194,CVE-2026-79245,7.7
210194,CVE-2026-19142,7.5
210194,CVE-2026-19558,7.5
210194,CVE-2026-19158,7.5
210194,CVE-2026-19156,7.5
210194,CVE-2026-78915,7.5
210194,CVE-2026-79139,7.5
210194,CVE-2026-19159,7.5
210194,CVE-2026-19165,7.5
210194,CVE-2026-78901,7.5
210194,CVE-2026-79216,7.5
210194,CVE-2026-76020,7.5
210194,CVE-2026-78906,7.5
210194,CVE-2026-19176,7.5
210194,CVE-2026-79083,7.5
210194,CVE-2026-19139,7.4
210194,CVE-2026-79286,7.4
210194,CVE-2026-78892,7.1
210194,CVE-2026-79032,6.8
210194,CVE-2026-78967,6.5
210194,CVE-2026-78981,6.5
210194,CVE-2026-78968,6.5
210194,CVE-2026-79239,6.5
210194,CVE-2026-79134,6.5
210194,CVE-2026-79099,6.5
210194,CVE-2026-78893,6.5
210194,CVE-2026-78960,6.5
210194,CVE-2026-78955,6.5
210194,CVE-2026-79107,6.5
210194,CVE-2026-79133,6.5
210194,CVE-2026-78897,6.5
210194,CVE-2026-78975,6.5
210194,CVE-2026-78969,6.5
210194,CVE-2026-78914,6.5
210194,CVE-2026-78907,6.5
210194,CVE-2026-78947,6.5
210194,CVE-2026-79023,6.5
210194,CVE-2026-78959,6.5
210194,CVE-2026-79260,6.5
210194,CVE-2026-79125,6.5
210194,CVE-2026-78977,6.5
210194,CVE-2026-79124,6.5
210194,CVE-2026-79021,6.5
210194,CVE-2026-79177,6.5
210194,CVE-2026-79234,6.5
210194,CVE-2026-79270,6.5
210194,CVE-2026-79176,6.5
210194,CVE-2026-79291,6.5
210194,CVE-2026-79120,6.5
210194,CVE-2026-79293,6.5
210194,CVE-2026-79112,6.5
210194,CVE-2026-79253,6.5
210194,CVE-2026-79075,6.5
210194,CVE-2026-79271,6.5
210194,CVE-2026-79243,6.5
210194,CVE-2026-79154,6.5
210194,CVE-2026-79017,6.5
210194,CVE-2026-79249,6.5
210194,CVE-2026-79206,6.5
210194,CVE-2026-79005,6.5
210194,CVE-2026-79221,6.5
210194,CVE-2026-79241,6.5
210194,CVE-2026-79207,6.5
210194,CVE-2026-79038,6.5
210194,CVE-2026-79258,6.5
210194,CVE-2026-79094,6.5
210194,CVE-2026-79024,6.5
210194,CVE-2026-79246,6.5
210194,CVE-2026-79060,6.5
210194,CVE-2026-79229,6.5
210194,CVE-2026-79018,6.5
210194,CVE-2026-76039,6.5
210194,CVE-2026-79285,6.5
210194,CVE-2026-79179,6.5
210194,CVE-2026-79076,6.5
210194,CVE-2026-79108,6.5
210194,CVE-2026-79123,6.5
210194,CVE-2026-79288,6.5
210194,CVE-2026-79208,5.9
210194,CVE-2026-79013,5.9
210194,CVE-2026-79126,5.9
210194,CVE-2026-79122,5.9
210194,CVE-2026-79146,5.5
210194,CVE-2026-78957,5.5
210194,CVE-2026-79250,5.4
210194,CVE-2026-79088,5.4
210194,CVE-2026-79204,5.4
210194,CVE-2026-78912,5.4
210194,CVE-2026-79173,5.4
210194,CVE-2026-79180,5.4
210194,CVE-2026-78898,5.4
210194,CVE-2026-78974,5.4
210194,CVE-2026-79283,5.4
210194,CVE-2026-79030,5.3
210194,CVE-2026-79220,5.3
210194,CVE-2026-79104,5.3
210194,CVE-2026-79028,5.3
210194,CVE-2026-79074,5.3
210194,CVE-2026-79181,5.3
210194,CVE-2026-79044,5.3
210194,CVE-2026-79001,5.3
210194,CVE-2026-79089,5.3
210194,CVE-2026-79287,5.3
210194,CVE-2026-78991,5.3
210194,CVE-2026-79196,5.3
210194,CVE-2026-79147,5.3
210194,CVE-2026-79265,5.3
210194,CVE-2026-79242,5.3
210194,CVE-2026-19146,5.3
210194,CVE-2026-79086,5.1
210194,CVE-2026-79055,5.1
210194,CVE-2026-79192,4.3
210194,CVE-2026-78946,4.3
210194,CVE-2026-78954,4.3
210194,CVE-2026-78961,4.3
210194,CVE-2026-78908,4.3
210194,CVE-2026-79144,4.3
210194,CVE-2026-79082,4.3
210194,CVE-2026-79067,4.3
210194,CVE-2026-79237,4.3
210194,CVE-2026-79014,4.3
210194,CVE-2026-79065,4.3
210194,CVE-2026-79262,4.3
210194,CVE-2026-79238,4.3
210194,CVE-2026-79267,4.3
210194,CVE-2026-79118,4.3
210194,CVE-2026-78942,4.3
210194,CVE-2026-79085,4.3
210194,CVE-2026-79274,4.3
210194,CVE-2026-79009,4.3
210194,CVE-2026-79185,4.3
210194,CVE-2026-79214,4.3
210194,CVE-2026-79116,4.3
210194,CVE-2026-79248,4.3
210194,CVE-2026-79225,4.3
210194,CVE-2026-79049,4.3
210194,CVE-2026-79010,4.3
210194,CVE-2026-79000,4.3
210194,CVE-2026-79178,4.3
210194,CVE-2026-79212,4.3
210194,CVE-2026-79205,4.3
210194,CVE-2026-79143,4.3
210194,CVE-2026-79201,4.3
210194,CVE-2026-79233,4.3
210194,CVE-2026-79261,4.3
210194,CVE-2026-79259,4.3
210194,CVE-2026-79105,4.3
210194,CVE-2026-79087,4.3
210194,CVE-2026-79040,4.3
210194,CVE-2026-79070,4.3
210194,CVE-2026-79136,4.3
210194,CVE-2026-79276,4.3
210194,CVE-2026-79174,4.3
210194,CVE-2026-79098,4.3
210194,CVE-2026-79273,4.3
210194,CVE-2026-79137,4.3
210194,CVE-2026-79217,4.3
210194,CVE-2026-79041,4.3
210194,CVE-2026-79095,4.3
210194,CVE-2026-79110,4.3
210194,CVE-2026-79006,4.3
210194,CVE-2026-79050,4.3
210194,CVE-2026-79254,4.3
210194,CVE-2026-79084,4.3
210194,CVE-2026-79068,4.3
210194,CVE-2026-79213,4.3
210194,CVE-2026-79015,4.3
210194,CVE-2026-79046,4.3
210194,CVE-2026-79252,4.3
210194,CVE-2026-79022,4.3
210194,CVE-2026-78966,4.3
210194,CVE-2026-79222,4.3
210194,CVE-2026-79151,4.3
210194,CVE-2026-78976,4.3
210194,CVE-2026-76041,4.3
210194,CVE-2026-78987,4.3
210194,CVE-2026-78980,4.3
210194,CVE-2026-79042,4.3
210194,CVE-2026-78965,4.3
210194,CVE-2026-78940,4.3
210194,CVE-2026-79141,4.3
210194,CVE-2026-79211,4.3
210194,CVE-2026-79269,4.3
210194,CVE-2026-79016,4.3
210194,CVE-2026-79264,4.3
210194,CVE-2026-78962,4.3
210194,CVE-2026-78979,4.3
210194,CVE-2026-78896,4.3
210194,CVE-2026-79284,4.3
210194,CVE-2026-79106,4.3
210194,CVE-2026-79117,4.3
210194,CVE-2026-79184,4.3
210194,CVE-2026-79003,4.3
210194,CVE-2026-78895,4.3
210194,CVE-2026-79190,4.3
210194,CVE-2026-79199,4.3
210194,CVE-2026-79193,4.3
210194,CVE-2026-79093,4.3
210194,CVE-2026-79251,4.3
210194,CVE-2026-79051,4.3
210194,CVE-2026-79077,4.3
210194,CVE-2026-79025,4.2
210194,CVE-2026-76033,4.2
210194,CVE-2026-79004,3.4
210194,CVE-2026-78984,3.4
210194,CVE-2026-79103,3.1
210194,CVE-2026-79203,3.1
210194,CVE-2026-76042,3.1
210194,CVE-2026-78941,3.1
210194,CVE-2026-79053,3.1
210194,CVE-2026-79007,3.1
210194,CVE-2026-79255,3.1
210194,CVE-2026-79272,3.1
210194,CVE-2026-79228,3.1
210194,CVE-2026-79191,3.1
210194,CVE-2026-79066,3.1
210194,CVE-2026-79289,3.1
210194,CVE-2026-79002,3.1
210194,CVE-2026-79031,3.1
210194,CVE-2026-78903,3.1
210194,CVE-2026-79034,3.1
210194,CVE-2026-79186,3.1
210194,CVE-2026-78986,3.1
210194,CVE-2026-79059,3.1
210194,CVE-2026-78943,3.1
210194,CVE-2026-19167,3.1
210194,CVE-2026-78953,3.1
210194,CVE-2026-78958,3.1
210194,CVE-2026-78894,3.1
210194,CVE-2026-19161,3.1
210194,CVE-2026-19160,3.1
210194,CVE-2026-78949,2.9
210194,CVE-2026-78936,2.9
210195,CVE-2026-84325,9.8
210195,CVE-2026-87595,9.8
210195,CVE-2026-87494,9.6
210195,CVE-2026-87528,9.6
210195,CVE-2026-87529,9.6
210195,CVE-2026-87621,9.6
210195,CVE-2026-87643,9.6
210195,CVE-2026-87527,9.6
210195,CVE-2026-91718,9.6
210195,CVE-2026-91749,9.6
210195,CVE-2026-91738,9.6
210195,CVE-2026-87581,9.6
210195,CVE-2026-87512,9.6
210195,CVE-2026-91728,9.6
210195,CVE-2026-84333,9.6
210195,CVE-2026-84352,9.6
210195,CVE-2026-84353,9.6
210195,CVE-2026-87504,9.6
210195,CVE-2026-87607,9.6
210195,CVE-2026-87547,9.6
210195,CVE-2026-87500,9.6
210195,CVE-2026-87474,9.6
210195,CVE-2026-87609,9.6
210195,CVE-2026-87558,9.6
210195,CVE-2026-87637,9.6
210195,CVE-2026-87646,9.6
210195,CVE-2026-87492,9.6
210195,CVE-2026-87470,9.6
210195,CVE-2026-91710,9.6
210195,CVE-2026-91729,9.6
210195,CVE-2026-85042,9.6
210195,CVE-2026-84354,9.6
210195,CVE-2026-87520,9.6
210195,CVE-2026-91716,9.6
210195,CVE-2026-85047,9.6
210195,CVE-2026-85050,9.6
210195,CVE-2026-93373,9.6
210195,CVE-2026-87650,9.6
210195,CVE-2026-87488,9.6
210195,CVE-2026-93374,9.6
210195,CVE-2026-87638,9.6
210195,CVE-2026-93372,9.6
210195,CVE-2026-87526,9.6
210195,CVE-2026-87464,9.6
210195,CVE-2026-87455,9.6
210195,CVE-2026-87654,9.6
210195,CVE-2026-87634,9.6
210195,CVE-2026-87438,9.6
210195,CVE-2026-87448,9.6
210195,CVE-2026-85043,9.1
210195,CVE-2026-87613,9.0
210195,CVE-2026-84324,9.0
210195,CVE-2026-87491,8.8
210195,CVE-2026-87585,8.8
210195,CVE-2026-93377,8.8
210195,CVE-2026-87460,8.8
210195,CVE-2026-87612,8.8
210195,CVE-2026-84350,8.8
210195,CVE-2026-91715,8.8
210195,CVE-2026-87489,8.8
210195,CVE-2026-87570,8.8
210195,CVE-2026-87444,8.8
210195,CVE-2026-87440,8.8
210195,CVE-2026-87544,8.8
210195,CVE-2026-84347,8.8
210195,CVE-2026-91737,8.8
210195,CVE-2026-87536,8.8
210195,CVE-2026-87542,8.8
210195,CVE-2026-87588,8.8
210195,CVE-2026-87617,8.8
210195,CVE-2026-87579,8.8
210195,CVE-2026-84326,8.8
210195,CVE-2026-87636,8.8
210195,CVE-2026-87430,8.8
210195,CVE-2026-87569,8.8
210195,CVE-2026-93382,8.8
210195,CVE-2026-91741,8.8
210195,CVE-2026-91711,8.8
210195,CVE-2026-91722,8.8
210195,CVE-2026-87433,8.8
210195,CVE-2026-93381,8.8
210195,CVE-2026-87625,8.8
210195,CVE-2026-87587,8.8
210195,CVE-2026-91721,8.8
210195,CVE-2026-91736,8.8
210195,CVE-2026-91731,8.8
210195,CVE-2026-91709,8.8
210195,CVE-2026-91745,8.8
210195,CVE-2026-85046,8.8
210195,CVE-2026-85049,8.8
210195,CVE-2026-85051,8.8
210195,CVE-2026-85053,8.8
210195,CVE-2026-87633,8.6
210195,CVE-2026-85048,8.3
210195,CVE-2026-87578,8.3
210195,CVE-2026-87524,8.3
210195,CVE-2026-91712,8.3
210195,CVE-2026-87618,8.3
210195,CVE-2026-91735,8.3
210195,CVE-2026-87481,8.3
210195,CVE-2026-87648,8.3
210195,CVE-2026-91748,8.3
210195,CVE-2026-87616,8.3
210195,CVE-2026-87639,8.3
210195,CVE-2026-87628,8.3
210195,CVE-2026-84351,8.3
210195,CVE-2026-87572,8.3
210195,CVE-2026-87582,8.3
210195,CVE-2026-87510,8.3
210195,CVE-2026-84335,8.3
210195,CVE-2026-91733,8.3
210195,CVE-2026-84349,8.3
210195,CVE-2026-91743,8.3
210195,CVE-2026-87553,8.3
210195,CVE-2026-87480,8.3
210195,CVE-2026-87604,8.3
210195,CVE-2026-87487,8.3
210195,CVE-2026-87479,8.3
210195,CVE-2026-87506,8.3
210195,CVE-2026-87644,8.3
210195,CVE-2026-91724,8.3
210195,CVE-2026-87533,8.1
210195,CVE-2026-87514,8.1
210195,CVE-2026-87467,8.1
210195,CVE-2026-87509,8.1
210195,CVE-2026-84334,8.1
210195,CVE-2026-87457,8.1
210195,CVE-2026-87499,8.1
210195,CVE-2026-93375,8.1
210195,CVE-2026-87537,8.1
210195,CVE-2026-87530,8.1
210195,CVE-2026-87606,8.1
210195,CVE-2026-87471,8.1
210195,CVE-2026-87554,8.1
210195,CVE-2026-87505,8.1
210195,CVE-2026-91727,8.1
210195,CVE-2026-87601,7.5
210195,CVE-2026-87450,7.5
210195,CVE-2026-87431,7.5
210195,CVE-2026-85045,7.5
210195,CVE-2026-87608,7.5
210195,CVE-2026-91734,7.4
210195,CVE-2026-87429,6.5
210195,CVE-2026-87522,6.5
210195,CVE-2026-87532,6.5
210195,CVE-2026-87515,6.5
210195,CVE-2026-87623,6.5
210195,CVE-2026-87490,6.5
210195,CVE-2026-87565,6.5
210195,CVE-2026-87584,6.5
210195,CVE-2026-87603,6.5
210195,CVE-2026-87589,6.5
210195,CVE-2026-87443,6.5
210195,CVE-2026-87549,6.5
210195,CVE-2026-87493,6.5
210195,CVE-2026-87513,6.5
210195,CVE-2026-87620,6.5
210195,CVE-2026-87473,6.5
210195,CVE-2026-87441,6.5
210195,CVE-2026-87627,6.5
210195,CVE-2026-87478,6.5
210195,CVE-2026-87631,6.5
210195,CVE-2026-87483,6.5
210195,CVE-2026-87534,6.5
210195,CVE-2026-87523,6.5
210195,CVE-2026-87468,6.5
210195,CVE-2026-87545,6.5
210195,CVE-2026-87454,6.5
210195,CVE-2026-87591,6.5
210195,CVE-2026-87629,6.5
210195,CVE-2026-87475,6.5
210195,CVE-2026-87610,6.5
210195,CVE-2026-85044,6.5
210195,CVE-2026-87535,6.5
210195,CVE-2026-84348,6.5
210195,CVE-2026-84332,6.5
210195,CVE-2026-87447,6.5
210195,CVE-2026-87476,6.5
210195,CVE-2026-87503,6.5
210195,CVE-2026-87580,6.5
210195,CVE-2026-87600,6.5
210195,CVE-2026-93385,6.5
210195,CVE-2026-87477,6.5
210195,CVE-2026-87459,6.5
210195,CVE-2026-87519,6.5
210195,CVE-2026-87446,6.5
210195,CVE-2026-87593,6.5
210195,CVE-2026-87436,6.5
210195,CVE-2026-87626,6.5
210195,CVE-2026-87437,6.5
210195,CVE-2026-87541,6.5
210195,CVE-2026-84357,6.5
210195,CVE-2026-84327,6.5
210195,CVE-2026-93376,6.3
210195,CVE-2026-87640,6.1
210195,CVE-2026-87590,5.9
210195,CVE-2026-87482,5.9
210195,CVE-2026-87552,5.5
210195,CVE-2026-87615,5.4
210195,CVE-2026-87583,5.4
210195,CVE-2026-87501,5.4
210195,CVE-2026-93386,5.4
210195,CVE-2026-87649,5.4
210195,CVE-2026-87655,5.4
210195,CVE-2026-87635,5.4
210195,CVE-2026-87562,5.4
210195,CVE-2026-87496,5.4
210195,CVE-2026-87656,5.4
210195,CVE-2026-87571,5.4
210195,CVE-2026-87540,5.4
210195,CVE-2026-87567,5.4
210195,CVE-2026-84330,5.4
210195,CVE-2026-87575,5.4
210195,CVE-2026-87645,5.4
210195,CVE-2026-87458,5.4
210195,CVE-2026-87599,5.4
210195,CVE-2026-87484,5.4
210195,CVE-2026-87445,5.4
210195,CVE-2026-87507,5.4
210195,CVE-2026-87653,5.4
210195,CVE-2026-87462,5.4
210195,CVE-2026-87641,5.3
210195,CVE-2026-87605,5.3
210195,CVE-2026-87594,5.3
210195,CVE-2026-87566,5.3
210195,CVE-2026-87439,5.3
210195,CVE-2026-91744,5.3
210195,CVE-2026-87518,5.3
210195,CVE-2026-91714,5.3
210195,CVE-2026-84329,5.3
210195,CVE-2026-84323,5.3
210195,CVE-2026-91725,5.3
210195,CVE-2026-87453,5.3
210195,CVE-2026-87435,5.3
210195,CVE-2026-91717,5.1
210195,CVE-2026-87568,4.8
210195,CVE-2026-87597,4.8
210195,CVE-2026-87463,4.8
210195,CVE-2026-91742,4.8
210195,CVE-2026-87555,4.7
210195,CVE-2026-91720,4.7
210195,CVE-2026-91726,4.7
210195,CVE-2026-87602,4.7
210195,CVE-2026-93383,4.3
210195,CVE-2026-93387,4.3
210195,CVE-2026-91746,4.3
210195,CVE-2026-87651,4.3
210195,CVE-2026-87550,4.3
210195,CVE-2026-87495,4.3
210195,CVE-2026-87564,4.3
210195,CVE-2026-87546,4.3
210195,CVE-2026-93379,4.3
210195,CVE-2026-87574,4.3
210195,CVE-2026-87630,4.3
210195,CVE-2026-87557,4.3
210195,CVE-2026-87563,4.3
210195,CVE-2026-87598,4.3
210195,CVE-2026-87577,4.3
210195,CVE-2026-87469,4.3
210195,CVE-2026-87466,4.3
210195,CVE-2026-87556,4.3
210195,CVE-2026-84356,4.3
210195,CVE-2026-87560,4.3
210195,CVE-2026-87596,4.3
210195,CVE-2026-91740,4.3
210195,CVE-2026-87461,4.3
210195,CVE-2026-87592,4.3
210195,CVE-2026-87632,4.3
210195,CVE-2026-87543,4.3
210195,CVE-2026-91719,4.3
210195,CVE-2026-87573,4.3
210195,CVE-2026-87561,4.3
210195,CVE-2026-87622,4.3
210195,CVE-2026-87642,4.3
210195,CVE-2026-87449,4.3
210195,CVE-2026-87516,4.3
210195,CVE-2026-87551,4.3
210195,CVE-2026-87658,4.3
210195,CVE-2026-87511,4.3
210195,CVE-2026-87619,4.3
210195,CVE-2026-87586,4.3
210195,CVE-2026-87548,4.3
210195,CVE-2026-87508,4.3
210195,CVE-2026-87497,4.3
210195,CVE-2026-91723,4.2
210195,CVE-2026-87432,4.2
210195,CVE-2026-87472,4.2
210195,CVE-2026-87559,4.2
210195,CVE-2026-87538,4.2
210195,CVE-2026-87465,4.2
210195,CVE-2026-91713,4.2
210195,CVE-2026-84358,4.2
210195,CVE-2026-87624,4.2
210195,CVE-2026-91739,4.2
210195,CVE-2026-87502,4.2
210195,CVE-2026-87486,4.0
210195,CVE-2026-93384,3.7
210195,CVE-2026-87576,3.4
210195,CVE-2026-87647,3.4
210195,CVE-2026-87456,3.4
210195,CVE-2026-87485,3.1
210195,CVE-2026-87657,3.1
210195,CVE-2026-87451,3.1
210195,CVE-2026-91708,3.1
210195,CVE-2026-93378,3.1
210195,CVE-2026-87531,3.1
210195,CVE-2026-91730,3.1
210195,CVE-2026-87539,3.1
210195,CVE-2026-87498,3.1
210195,CVE-2026-87434,3.1
210195,CVE-2026-84359,3.1
210195,CVE-2026-87652,3.1
210195,CVE-2026-84355,3.1
210195,CVE-2026-87611,3.1
210195,CVE-2026-87442,3.1
210195,CVE-2026-87452,3.1
210195,CVE-2026-87521,3.1
210195,CVE-2026-87614,3.1
210195,CVE-2026-84331,3.1
210195,CVE-2026-91747,3.1
210195,CVE-2026-91732,3.1
210195,CVE-2026-87517,3.1
210195,CVE-2026-93380,3.1
210195,CVE-2026-84328,3.1
210195,CVE-2026-85052,3.1
210195,CVE-2026-87525,2.7
210196,CVE-2024-41879,7.8
210196,CVE-2024-41830,7.8
210196,CVE-2024-41831,7.8
210196,CVE-2024-39426,7.8
210196,CVE-2024-39423,7.8
210196,CVE-2024-39383,7.8
210196,CVE-2024-39422,7.8
210196,CVE-2024-39424,7.8
210196,CVE-2024-39425,7.0
210196,CVE-2024-39420,7.0
210196,CVE-2024-41834,5.5
210196,CVE-2024-41835,5.5
210196,CVE-2024-41832,5.5
210196,CVE-2024-41833,5.5
210197,CVE-2024-45112,7.8
210197,CVE-2024-41869,7.8
210197,CVE-2024-45107,5.5
210198,CVE-2022-44520,7.8
210198,CVE-2022-44518,7.8
210198,CVE-2022-44513,7.8
210198,CVE-2022-44514,7.8
210198,CVE-2022-44512,7.8
210198,CVE-2024-49530,7.8
210198,CVE-2024-49535,6.3
210198,CVE-2022-44519,5.5
210198,CVE-2022-44516,5.5
210198,CVE-2022-44515,5.5
210198,CVE-2023-21586,5.5
210198,CVE-2022-44517,5.5
210198,CVE-2024-49532,5.5
210198,CVE-2024-49534,5.5
210198,CVE-2024-49533,5.5
210198,CVE-2024-49531,5.5
210199,CVE-2025-27158,7.8
210199,CVE-2025-27174,7.8
210199,CVE-2025-27162,7.8
210199,CVE-2025-27161,7.8
210199,CVE-2025-27160,7.8
210199,CVE-2025-27159,7.8
210199,CVE-2025-24431,5.5
210199,CVE-2025-27164,5.5
210199,CVE-2025-27163,5.5
210200,CVE-2025-43575,7.8
210200,CVE-2025-43550,7.8
210200,CVE-2025-43576,7.8
210200,CVE-2025-43573,7.8
210200,CVE-2025-43577,7.8
210200,CVE-2025-43574,7.8
210200,CVE-2025-47112,5.5
210200,CVE-2025-47111,5.5
210200,CVE-2025-43579,5.5
210200,CVE-2025-43578,5.5
210201,CVE-2025-54257,7.8
210201,CVE-2025-54255,4.0
210202,CVE-2025-64899,7.8
210202,CVE-2025-64785,7.8
210202,CVE-2025-64787,3.3
210202,CVE-2025-64786,3.3
210203,CVE-2026-27220,7.8
210203,CVE-2026-27278,7.8
210203,CVE-2026-27221,5.5
210204,CVE-2026-34621,8.6
210204,CVE-2026-34622,8.6
210204,CVE-2026-34626,6.3
210205,CVE-2026-47918,7.8
210205,CVE-2026-47952,7.8
210205,CVE-2026-47959,7.8
210205,CVE-2026-47955,7.8
210205,CVE-2026-47912,7.8
210205,CVE-2026-47917,7.8
210205,CVE-2026-47911,7.8
210205,CVE-2026-47965,7.8
210205,CVE-2020-9695,7.8
210205,CVE-2026-47919,7.8
210205,CVE-2026-47920,7.8
210205,CVE-2026-47914,7.8
210205,CVE-2026-47915,7.8
210205,CVE-2026-47921,7.8
210205,CVE-2026-47913,7.8
210205,CVE-2026-47916,7.8
210205,CVE-2026-47937,7.7
210205,CVE-2026-47961,5.5
210205,CVE-2026-47924,5.5
210205,CVE-2026-47923,5.5
210205,CVE-2026-47926,5.5
210205,CVE-2026-47925,5.5
210205,CVE-2020-9711,5.5
210205,CVE-2020-9713,5.5
210206,CVE-2026-48373,7.8
210207,CVE-2026-81996,8.8
210207,CVE-2026-81994,8.2
210207,CVE-2026-81992,7.8
210207,CVE-2026-81981,7.8
210207,CVE-2026-81988,7.8
210207,CVE-2026-81976,7.8
210207,CVE-2026-81987,7.8
210207,CVE-2026-81980,7.8
210207,CVE-2026-81973,7.8
210207,CVE-2026-81989,7.8
210207,CVE-2026-81985,7.8
210207,CVE-2026-81975,7.8
210207,CVE-2026-81983,7.8
210207,CVE-2026-81979,7.8
210207,CVE-2026-81986,7.8
210207,CVE-2026-81990,7.8
210207,CVE-2026-80161,7.8
210207,CVE-2026-79909,7.8
210207,CVE-2026-79908,7.8
210207,CVE-2026-79907,7.8
210207,CVE-2026-81997,6.3
210207,CVE-2026-81993,5.5
210207,CVE-2026-81991,5.5
210207,CVE-2026-81982,5.5
210207,CVE-2026-81984,5.5
210207,CVE-2026-81977,5.5
210207,CVE-2026-81978,5.5
210207,CVE-2026-79910,5.5
210207,CVE-2026-80162,5.5
210207,CVE-2026-80160,5.5
210207,CVE-2026-82001,5.5
210207,CVE-2026-80159,4.0
210208,CVE-2024-21147,7.4
210208,CVE-2024-21140,4.8
210208,CVE-2024-21145,4.8
210208,CVE-2024-21131,3.7
210208,CVE-2024-21138,3.7
210208,CVE-2024-21144,3.7
210209,CVE-2024-21235,4.8
210209,CVE-2024-21210,3.7
210209,CVE-2024-21208,3.7
210209,CVE-2024-21211,3.7
210209,CVE-2024-21217,3.7
210210,CVE-2025-21502,4.8
210211,CVE-2025-21587,7.4
210211,CVE-2025-30698,5.6
210211,CVE-2025-30691,4.8
210212,CVE-2025-50059,8.6
210212,CVE-2025-50106,8.1
210212,CVE-2025-30749,8.1
210212,CVE-2025-50063,7.3
210212,CVE-2025-30761,5.9
210212,CVE-2025-30754,4.8
210212,CVE-2025-30752,3.7
210213,CVE-2025-53066,7.5
210213,CVE-2025-53057,5.9
210213,CVE-2025-61748,3.7
210214,CVE-2026-21945,7.5
210214,CVE-2026-21932,7.4
210214,CVE-2026-21933,6.1
210214,CVE-2026-21925,4.8
210214,CVE-2026-21947,3.1
210215,CVE-2026-22016,7.5
210215,CVE-2026-34282,7.5
210215,CVE-2026-22003,6.0
210215,CVE-2026-22013,5.3
210215,CVE-2026-22021,5.3
210215,CVE-2026-22008,3.7
210215,CVE-2026-22018,3.7
210215,CVE-2026-22007,2.9
210215,CVE-2026-34268,2.9
210216,CVE-2026-62574,7.8
210216,CVE-2026-47063,7.5
210216,CVE-2026-47057,7.5
210216,CVE-2026-47058,7.4
210216,CVE-2026-60526,6.7
210216,CVE-2026-60147,6.5
210216,CVE-2026-46968,5.9
210216,CVE-2026-46917,5.3
210216,CVE-2026-47027,5.3
210216,CVE-2026-47013,5.3
210216,CVE-2026-47021,5.3
210216,CVE-2026-47059,3.7
210216,CVE-2026-47010,3.7
210216,CVE-2026-60164,3.1
210216,CVE-2026-47030,3.1
210216,CVE-2026-60166,3.1
210216,CVE-2026-47035,3.1
210216,CVE-2026-47034,3.1
210217,CVE-2026-70906,7.5
210217,CVE-2026-61308,6.8
210217,CVE-2026-71054,6.5
210217,CVE-2026-70907,5.3
210217,CVE-2026-60589,3.7
210218,CVE-2024-11477,7.8
210218,CVE-2024-11612,6.5
210219,CVE-2025-0411,7.0
210220,CVE-2022-47112,2.5
210220,CVE-2022-47111,2.5
210221,CVE-2025-55188,3.6
210222,CVE-2025-11001,7.0
210223,CVE-2025-11002,7.0
210224,CVE-2026-48095,8.8
210224,CVE-2026-48101,6.5
210224,CVE-2026-48112,6.5
210224,CVE-2026-48092,4.3
210224,CVE-2026-48103,4.3
210224,CVE-2026-48111,4.3
210224,CVE-2026-48104,4.2
210224,CVE-2026-58052,3.3
210224,CVE-2026-48102,3.1
210225,CVE-2026-14266,7.0
210226,CVE-2026-3008,6.6
210226,CVE-2026-5525,6.0
210226,CVE-2026-6539,4.4
210227,CVE-2024-5535,9.1
210228,CVE-2024-6119,7.5
210229,CVE-2024-9143,4.3
210230,CVE-2024-4741,7.5
210231,CVE-2024-13176,4.1
210233,CVE-2025-4575,6.5
210234,CVE-2025-9230,7.5
210234,CVE-2025-9231,6.5
210234,CVE-2025-9232,5.9
210235,CVE-2025-15467,8.8
210235,CVE-2025-69420,7.5
210235,CVE-2025-69421,7.5
210235,CVE-2025-69419,7.4
210235,CVE-2025-11187,6.1
210235,CVE-2025-66199,5.9
210235,CVE-2025-15468,5.9
210235,CVE-2026-22795,5.5
210235,CVE-2025-15469,5.5
210235,CVE-2026-22796,5.3
210235,CVE-2025-68160,4.7
210235,CVE-2025-69418,4.0
210236,CVE-2026-2673,6.5
210237,CVE-2026-28386,9.1
210237,CVE-2026-28387,8.1
210237,CVE-2026-28390,7.5
210237,CVE-2026-28388,7.5
210237,CVE-2026-28389,7.5
210237,CVE-2026-31790,7.5
210237,CVE-2026-31789,5.8
210238,CVE-2026-34182,9.1
210238,CVE-2026-45447,8.8
210238,CVE-2026-7383,8.1
210238,CVE-2026-45445,7.5
210238,CVE-2026-34183,7.5
210238,CVE-2026-9076,7.5
210238,CVE-2026-42765,7.5
210238,CVE-2026-34180,7.5
210238,CVE-2026-42764,7.5
210238,CVE-2026-34181,7.4
210238,CVE-2026-42771,6.2
210238,CVE-2026-42766,5.9
210238,CVE-2026-42767,5.9
210238,CVE-2026-42769,5.3
210238,CVE-2026-35188,5.0
210238,CVE-2026-45446,4.8
210238,CVE-2026-42768,3.7
210238,CVE-2026-42770,3.7
210239,CVE-2026-63073,9.8
210239,CVE-2026-75803,9.1
210239,CVE-2026-63075,7.5
210239,CVE-2026-63072,7.5
210239,CVE-2026-63076,7.5
210239,CVE-2026-18798,7.5
210239,CVE-2026-54876,7.5
210239,CVE-2026-14457,7.5
210239,CVE-2026-54874,7.5
210239,CVE-2026-14456,7.5
210239,CVE-2026-63074,5.9
210240,CVE-2025-32728,4.3
210241,CVE-2025-61985,3.6
210241,CVE-2025-61984,3.6
210242,CVE-2026-35385,7.5
210242,CVE-2026-35414,4.2
210242,CVE-2026-35386,3.6
210242,CVE-2026-35387,3.1
210242,CVE-2026-35388,2.5
210243,CVE-2026-60002,7.7
210243,CVE-2026-60001,6.5
210243,CVE-2026-59999,5.9
210243,CVE-2026-59998,4.8
210243,CVE-2026-59997,4.2
210243,CVE-2026-59996,4.2
210243,CVE-2026-59995,4.2
210243,CVE-2026-60000,3.7
210244,CVE-2026-73282,4.8
210244,CVE-2026-73281,3.5
210244,CVE-2026-73283,2.5
210256,CVE-2026-3805,7.5
210256,CVE-2026-1965,6.5
210256,CVE-2026-3784,6.5
210256,CVE-2026-3783,5.3
210257,CVE-2026-6276,7.5
210257,CVE-2026-5773,7.5
210257,CVE-2026-5545,6.5
210257,CVE-2026-6253,5.9
210257,CVE-2026-4873,5.9
210257,CVE-2026-6429,5.3
210257,CVE-2026-7168,5.3
210257,CVE-2026-7009,5.3
210258,CVE-2026-10536,9.8
210258,CVE-2026-8925,9.8
210258,CVE-2026-9079,9.8
210258,CVE-2026-11856,9.8
210258,CVE-2026-8927,9.1
210258,CVE-2026-8926,9.1
210258,CVE-2026-8924,9.1
210258,CVE-2026-11564,9.1
210258,CVE-2026-8286,8.1
210258,CVE-2026-12064,7.5
210258,CVE-2026-9546,7.5
210258,CVE-2026-11586,7.5
210258,CVE-2026-8932,7.5
210258,CVE-2026-11352,7.5
210258,CVE-2026-9545,7.5
210258,CVE-2026-9547,7.4
210258,CVE-2026-9080,7.3
210258,CVE-2026-8458,6.5
210259,CVE-2026-19931,9.8
210259,CVE-2026-18924,9.1
210259,CVE-2026-82209,8.2
210259,CVE-2026-80230,7.5
210259,CVE-2026-80231,7.5
210259,CVE-2026-80229,7.5
210259,CVE-2026-80255,7.5
210259,CVE-2026-82208,7.5
210259,CVE-2026-13608,7.4
210263,CVE-2024-45024,7.8
210263,CVE-2024-46762,7.8
210263,CVE-2024-46866,7.8
210263,CVE-2024-46736,9.8
210263,CVE-2024-45000,7.8
210263,CVE-2024-46750,7.8
210263,CVE-2024-46812,7.8
210263,CVE-2024-46705,7.8
210263,CVE-2024-44950,7.1
210263,CVE-2024-46780,7.8
210263,CVE-2024-46678,7.8
210263,CVE-2024-44973,8.1
210263,CVE-2024-46788,7.8
210263,CVE-2024-46816,7.8
210263,CVE-2024-46751,7.8
210263,CVE-2024-46787,7.8
210263,CVE-2024-46697,9.8
210263,CVE-2024-44978,7.8
210263,CVE-2024-45017,7.8
210263,CVE-2024-45022,7.8
210263,CVE-2024-46674,7.8
210263,CVE-2024-46852,7.8
210263,CVE-2024-45026,7.0
210263,CVE-2024-45021,7.1
210263,CVE-2024-46830,7.8
210264,CVE-2022-49025,7.8
210264,CVE-2024-49950,8.8
210264,CVE-2022-49014,7.8
210264,CVE-2024-47741,7.8
210264,CVE-2024-50079,5.5
210264,CVE-2022-49030,7.8
210264,CVE-2024-49932,7.0
210264,CVE-2024-47703,7.8
210264,CVE-2024-47679,7.8
210264,CVE-2024-49902,7.8
210264,CVE-2024-49894,7.1
210264,CVE-2022-48967,8.8
210264,CVE-2024-47748,7.8
210264,CVE-2024-50085,9.8
210264,CVE-2024-47690,7.8
210264,CVE-2022-48960,8.8
210264,CVE-2024-50071,7.8
210264,CVE-2024-49960,7.8
210264,CVE-2024-50047,9.8
210264,CVE-2024-50045,7.5
210264,CVE-2024-47665,5.5
210264,CVE-2022-48990,7.8
210264,CVE-2024-50078,7.8
210264,CVE-2024-49952,7.8
210264,CVE-2024-49965,7.8
210265,CVE-2024-50210,5.5
210265,CVE-2024-53049,5.5
210265,CVE-2024-50211,7.8
210265,CVE-2024-50102,5.5
210265,CVE-2024-50224,5.5
210265,CVE-2024-53044,7.8
210265,CVE-2024-53060,5.5
210265,CVE-2024-50092,3.3
210265,CVE-2024-50204,5.5
210265,CVE-2024-50117,7.3
210265,CVE-2024-50127,7.8
210265,CVE-2024-50238,5.5
210265,CVE-2024-50301,7.8
210265,CVE-2024-50164,7.8
210265,CVE-2024-50232,5.5
210265,CVE-2023-52922,7.8
210265,CVE-2024-50214,5.5
210265,CVE-2024-53088,7.8
210265,CVE-2024-53066,9.8
210265,CVE-2023-52920,7.8
210265,CVE-2024-50225,7.8
210265,CVE-2024-50221,7.8
210265,CVE-2024-50283,9.8
210265,CVE-2024-50246,7.8
210265,CVE-2024-53076,7.8
210266,CVE-2024-56662,7.8
210266,CVE-2024-56632,7.5
210266,CVE-2024-56613,5.5
210266,CVE-2024-56729,4.7
210266,CVE-2024-53115,5.5
210266,CVE-2024-56658,7.8
210266,CVE-2024-56669,8.8
210266,CVE-2024-56641,7.5
210266,CVE-2024-53163,5.5
210266,CVE-2024-56672,7.8
210266,CVE-2024-53231,5.5
210266,CVE-2024-53219,5.5
210266,CVE-2024-56750,5.5
210266,CVE-2024-56677,7.8
210266,CVE-2024-53213,7.8
210266,CVE-2024-56651,8.8
210266,CVE-2024-56724,5.5
210266,CVE-2024-53158,5.5
210266,CVE-2024-56573,7.0
210266,CVE-2024-56712,3.3
210266,CVE-2024-56582,7.8
210266,CVE-2024-53122,7.5
210266,CVE-2024-53103,7.8
210266,CVE-2024-53215,5.5
210266,CVE-2024-53147,7.8
210269,CVE-2022-49760,7.8
210269,CVE-2025-21889,7.8
210269,CVE-2021-4454,7.5
210269,CVE-2025-21826,7.8
210269,CVE-2025-21843,5.5
210269,CVE-2023-53011,5.5
210269,CVE-2022-49753,7.8
210269,CVE-2025-21846,5.5
210269,CVE-2022-49752,5.5
210269,CVE-2024-58084,5.5
210269,CVE-2022-49740,7.1
210269,CVE-2023-52937,5.5
210269,CVE-2024-58075,7.8
210269,CVE-2025-21832,7.8
210269,CVE-2024-58066,5.5
210269,CVE-2023-52981,7.8
210269,CVE-2025-21862,5.5
210269,CVE-2025-21842,7.8
210269,CVE-2024-58067,5.5
210269,CVE-2024-58064,5.5
210269,CVE-2023-52938,5.5
210269,CVE-2025-21830,7.3
210269,CVE-2023-52930,7.8
210269,CVE-2022-49739,7.1
210269,CVE-2025-21893,7.8
210270,CVE-2025-21941,5.5
210270,CVE-2025-21990,5.5
210270,CVE-2025-21953,5.5
210270,CVE-2025-21917,5.5
210270,CVE-2024-58096,8.8
210270,CVE-2025-22117,8.7
210270,CVE-2025-21967,8.8
210270,CVE-2025-21980,5.5
210270,CVE-2025-22066,5.5
210270,CVE-2025-21943,4.7
210270,CVE-2025-22108,8.6
210270,CVE-2025-22027,4.7
210270,CVE-2025-22056,7.8
210270,CVE-2025-22067,7.8
210270,CVE-2025-21924,7.8
210270,CVE-2025-21971,7.8
210270,CVE-2025-22034,7.8
210270,CVE-2025-39930,8.4
210270,CVE-2025-21970,7.8
210270,CVE-2025-21945,8.8
210270,CVE-2025-22035,7.8
210270,CVE-2025-22006,5.5
210270,CVE-2025-21946,8.8
210270,CVE-2025-23134,5.5
210270,CVE-2025-22004,8.6
210271,CVE-2025-37755,7.5
210271,CVE-2025-37757,7.5
210271,CVE-2025-23155,7.1
210271,CVE-2022-49839,5.5
210271,CVE-2025-37790,8.8
210271,CVE-2023-53072,7.8
210271,CVE-2023-53083,9.8
210271,CVE-2022-49861,5.5
210271,CVE-2025-37871,7.5
210271,CVE-2022-49876,5.5
210271,CVE-2022-49881,5.5
210271,CVE-2022-49873,5.5
210271,CVE-2025-37879,9.8
210271,CVE-2023-53102,7.8
210271,CVE-2025-37899,8.8
210271,CVE-2022-49923,5.5
210271,CVE-2025-37988,7.8
210271,CVE-2025-23141,7.8
210271,CVE-2022-49863,5.5
210271,CVE-2023-53046,7.8
210271,CVE-2022-49857,5.5
210271,CVE-2025-37890,7.8
210271,CVE-2022-49904,5.5
210271,CVE-2020-36791,7.8
210271,CVE-2022-49896,5.5
210272,CVE-2022-49950,7.8
210272,CVE-2022-49935,7.8
210272,CVE-2025-38001,7.8
210272,CVE-2022-50215,7.8
210272,CVE-2022-50167,7.8
210272,CVE-2022-50227,7.8
210272,CVE-2022-50221,7.8
210272,CVE-2022-49979,7.8
210272,CVE-2022-49963,7.8
210272,CVE-2022-49995,7.8
210272,CVE-2025-38085,7.8
210272,CVE-2022-50072,7.8
210272,CVE-2025-38022,7.8
210272,CVE-2022-49985,7.8
210272,CVE-2025-38024,7.8
210272,CVE-2022-50059,7.5
210272,CVE-2022-50219,7.8
210272,CVE-2022-49974,8.8
210272,CVE-2022-50070,7.8
210272,CVE-2025-38012,7.8
210272,CVE-2022-49998,7.8
210272,CVE-2025-38060,7.8
210272,CVE-2025-38004,7.3
210272,CVE-2025-38082,7.8
210272,CVE-2022-50213,7.8
210274,CVE-2025-38659,7.8
210274,CVE-2023-32249,9.1
210274,CVE-2025-38627,7.8
210274,CVE-2025-38617,7.8
210274,CVE-2025-38568,7.8
210274,CVE-2025-38577,7.8
210274,CVE-2025-38560,9.3
210274,CVE-2025-38511,8.8
210274,CVE-2025-38658,8.8
210274,CVE-2025-38501,7.5
210274,CVE-2025-38536,7.8
210274,CVE-2025-38615,7.8
210274,CVE-2023-4515,9.1
210274,CVE-2025-38539,7.8
210274,CVE-2025-38545,7.5
210274,CVE-2025-38561,9.8
210274,CVE-2025-38573,7.3
210274,CVE-2025-38552,9.4
210274,CVE-2025-38643,8.8
210274,CVE-2023-4130,8.1
210274,CVE-2025-38616,7.8
210274,CVE-2025-38640,7.8
210274,CVE-2025-38542,7.8
210274,CVE-2025-38571,8.2
210274,CVE-2025-38578,7.8
210275,CVE-2023-53343,5.5
210275,CVE-2023-53244,5.5
210275,CVE-2025-38685,7.8
210275,CVE-2025-39889,8.1
210275,CVE-2023-53435,5.5
210275,CVE-2025-38715,7.8
210275,CVE-2023-53324,5.5
210275,CVE-2022-50243,7.8
210275,CVE-2023-53194,8.4
210275,CVE-2025-39726,9.8
210275,CVE-2025-39717,7.8
210275,CVE-2023-53341,5.5
210275,CVE-2023-53420,7.1
210275,CVE-2023-53390,5.5
210275,CVE-2025-39732,7.8
210275,CVE-2023-53248,5.5
210275,CVE-2023-53222,7.8
210275,CVE-2023-53311,7.8
210275,CVE-2022-50419,8.8
210275,CVE-2022-50407,5.5
210275,CVE-2023-53382,9.8
210275,CVE-2023-53313,5.5
210275,CVE-2022-50404,5.5
210275,CVE-2025-38718,7.8
210275,CVE-2023-53436,5.5
210276,CVE-2025-39929,7.5
210276,CVE-2025-39966,7.8
210276,CVE-2022-50569,7.8
210276,CVE-2025-40024,7.8
210276,CVE-2023-53597,7.5
210276,CVE-2023-53616,7.8
210276,CVE-2023-53587,7.8
210276,CVE-2025-40038,7.1
210276,CVE-2023-53683,7.8
210276,CVE-2023-53733,7.8
210276,CVE-2025-39957,7.1
210276,CVE-2025-39894,7.5
210276,CVE-2023-53520,7.8
210276,CVE-2022-50492,7.8
210276,CVE-2022-50507,7.8
210276,CVE-2025-39970,8.8
210276,CVE-2025-39998,7.1
210276,CVE-2023-53537,7.8
210276,CVE-2025-40025,7.8
210276,CVE-2025-39932,9.8
210276,CVE-2025-40028,7.8
210276,CVE-2023-53600,9.1
210276,CVE-2022-50423,7.8
210276,CVE-2023-53536,7.8
210276,CVE-2025-40046,8.6
210277,CVE-2025-40203,7.8
210277,CVE-2025-40176,9.8
210277,CVE-2025-40118,7.8
210277,CVE-2025-40171,7.5
210277,CVE-2025-40169,7.8
210277,CVE-2025-40155,7.3
210277,CVE-2025-40206,7.8
210277,CVE-2025-40202,7.8
210277,CVE-2025-40117,7.8
210277,CVE-2025-40198,7.8
210277,CVE-2025-40111,7.8
210277,CVE-2025-40149,7.8
210277,CVE-2025-40199,7.8
210277,CVE-2025-40183,7.5
210277,CVE-2025-40158,8.1
210277,CVE-2025-40186,8.1
210277,CVE-2025-40167,7.8
210277,CVE-2025-40213,7.8
210277,CVE-2025-40135,8.1
210277,CVE-2025-40170,7.8
210277,CVE-2025-40133,8.1
210277,CVE-2025-40212,9.8
210277,CVE-2025-40168,8.1
210277,CVE-2025-40187,7.5
210277,CVE-2025-40205,7.8
210278,CVE-2025-68314,8.8
210278,CVE-2023-54168,7.8
210278,CVE-2022-50785,7.8
210278,CVE-2022-50885,7.5
210278,CVE-2025-40244,7.8
210278,CVE-2022-50666,9.8
210278,CVE-2023-54090,9.8
210278,CVE-2023-53752,7.8
210278,CVE-2025-40297,7.8
210278,CVE-2025-40269,7.8
210278,CVE-2023-53794,9.8
210278,CVE-2023-53810,7.8
210278,CVE-2023-54042,7.8
210278,CVE-2025-40317,7.8
210278,CVE-2023-53790,7.8
210278,CVE-2025-40274,7.8
210278,CVE-2023-54019,7.8
210278,CVE-2025-40270,7.8
210278,CVE-2023-54165,7.8
210278,CVE-2025-68746,7.8
210278,CVE-2025-40303,7.8
210278,CVE-2023-53824,7.8
210278,CVE-2025-40336,8.8
210278,CVE-2022-50732,8.8
210278,CVE-2023-54012,7.8
210279,CVE-2026-22990,7.5
210279,CVE-2025-71070,7.8
210279,CVE-2025-68817,9.8
210279,CVE-2026-23001,7.8
210279,CVE-2025-68792,7.8
210279,CVE-2026-23010,7.8
210279,CVE-2025-68818,8.8
210279,CVE-2025-68806,7.5
210279,CVE-2025-71161,7.5
210279,CVE-2026-22991,7.5
210279,CVE-2025-68794,9.8
210279,CVE-2025-71100,7.6
210279,CVE-2025-71130,7.8
210279,CVE-2025-71126,7.5
210279,CVE-2025-71080,7.5
210279,CVE-2025-71109,7.1
210279,CVE-2025-68799,8.1
210279,CVE-2025-71162,7.8
210279,CVE-2025-71183,9.1
210279,CVE-2025-71095,9.1
210279,CVE-2025-71116,9.1
210279,CVE-2025-68808,7.8
210279,CVE-2025-68809,9.1
210279,CVE-2025-68774,7.5
210279,CVE-2025-71146,7.5
210280,CVE-2026-23136,7.5
210280,CVE-2026-23226,8.8
210280,CVE-2026-23175,7.0
210280,CVE-2026-23139,7.5
210280,CVE-2026-23191,7.8
210280,CVE-2026-23169,7.8
210280,CVE-2025-71192,7.0
210280,CVE-2026-23178,7.8
210280,CVE-2026-23204,7.1
210280,CVE-2026-23095,7.5
210280,CVE-2025-71202,8.8
210280,CVE-2025-71236,7.5
210280,CVE-2025-71201,7.1
210280,CVE-2026-23103,7.8
210280,CVE-2026-23105,7.8
210280,CVE-2026-23180,7.0
210280,CVE-2025-71234,8.8
210280,CVE-2026-23222,7.8
210280,CVE-2026-23224,7.8
210280,CVE-2026-23111,7.8
210280,CVE-2026-23172,8.4
210280,CVE-2026-23148,7.5
210280,CVE-2026-23209,7.8
210280,CVE-2025-71221,7.8
210280,CVE-2026-23225,7.8
210281,CVE-2026-23231,7.8
210281,CVE-2026-23340,7.8
210281,CVE-2026-23391,7.8
210281,CVE-2026-23274,7.8
210281,CVE-2025-71268,7.5
210281,CVE-2026-23275,7.8
210281,CVE-2026-23270,7.8
210281,CVE-2026-23271,7.8
210281,CVE-2026-23273,7.8
210281,CVE-2026-23240,9.8
210281,CVE-2026-23236,7.3
210281,CVE-2026-23248,7.8
210281,CVE-2026-23278,7.8
210281,CVE-2026-23239,7.8
210281,CVE-2026-23280,7.8
210281,CVE-2026-23351,7.8
210281,CVE-2026-23378,7.8
210281,CVE-2026-23317,7.8
210281,CVE-2026-23245,7.8
210281,CVE-2026-23393,7.8
210281,CVE-2026-23336,7.8
210281,CVE-2026-23243,7.8
210281,CVE-2026-23269,7.1
210281,CVE-2026-23253,7.8
210281,CVE-2025-71269,7.5
210282,CVE-2026-31436,9.8
210282,CVE-2026-31450,8.8
210282,CVE-2026-31507,7.8
210282,CVE-2026-23406,7.8
210282,CVE-2026-31607,9.8
210282,CVE-2026-31474,7.8
210282,CVE-2026-31589,9.8
210282,CVE-2026-31669,9.8
210282,CVE-2026-23450,9.8
210282,CVE-2026-31505,7.8
210282,CVE-2026-31665,7.8
210282,CVE-2026-23461,8.8
210282,CVE-2026-31622,8.8
210282,CVE-2026-31552,7.5
210282,CVE-2026-31636,9.1
210282,CVE-2026-31609,9.8
210282,CVE-2026-31476,8.2
210282,CVE-2026-31532,7.8
210282,CVE-2026-31649,9.8
210282,CVE-2026-31557,7.5
210282,CVE-2026-31662,7.5
210282,CVE-2026-31484,7.1
210282,CVE-2026-23424,7.1
210282,CVE-2026-31435,8.8
210282,CVE-2026-31406,7.8
210283,CVE-2026-31731,7.8
210283,CVE-2025-71300,7.8
210283,CVE-2026-43128,7.8
210283,CVE-2026-45998,7.0
210283,CVE-2026-46125,8.8
210283,CVE-2026-43226,7.5
210283,CVE-2026-43070,7.8
210283,CVE-2026-46010,8.1
210283,CVE-2026-45843,8.2
210283,CVE-2026-43481,7.8
210283,CVE-2026-43380,7.8
210283,CVE-2026-43023,7.8
210283,CVE-2026-31780,7.8
210283,CVE-2026-46157,7.8
210283,CVE-2026-46031,7.5
210283,CVE-2026-43078,7.8
210283,CVE-2026-43433,7.8
210283,CVE-2026-43274,8.4
210283,CVE-2025-71292,7.5
210283,CVE-2026-45909,7.8
210283,CVE-2026-43405,7.5
210283,CVE-2026-43490,8.8
210283,CVE-2026-43495,8.8
210283,CVE-2026-43438,7.8
210283,CVE-2026-46155,9.1
210284,CVE-2026-46271,7.8
210284,CVE-2026-53228,9.8
210284,CVE-2026-53254,8.1
210284,CVE-2026-53191,7.8
210284,CVE-2026-53224,9.1
210284,CVE-2026-52914,9.8
210284,CVE-2026-52935,7.8
210284,CVE-2026-53085,7.8
210284,CVE-2026-53183,7.5
210284,CVE-2026-52958,9.1
210284,CVE-2026-53159,8.8
210284,CVE-2026-53175,9.8
210284,CVE-2026-53016,7.8
210284,CVE-2026-46270,8.4
210284,CVE-2026-53132,7.1
210284,CVE-2026-53081,7.8
210284,CVE-2026-53094,7.8
210284,CVE-2026-53205,7.1
210284,CVE-2026-46320,7.4
210284,CVE-2026-53290,7.8
210284,CVE-2026-46266,9.1
210284,CVE-2026-52915,7.1
210284,CVE-2026-52975,7.8
210284,CVE-2026-52918,8.8
210284,CVE-2026-53248,8.8
210285,CVE-2026-63827,7.8
210285,CVE-2026-63843,7.8
210285,CVE-2026-64134,7.8
210285,CVE-2026-64162,9.8
210285,CVE-2026-64074,7.8
210285,CVE-2026-63805,7.8
210285,CVE-2026-64232,9.8
210285,CVE-2026-64124,8.8
210285,CVE-2026-64400,8.6
210285,CVE-2026-64444,8.1
210285,CVE-2026-64050,7.8
210285,CVE-2026-64543,7.8
210285,CVE-2026-63849,7.8
210285,CVE-2026-63824,7.8
210285,CVE-2026-53401,7.8
210285,CVE-2026-64031,7.8
210285,CVE-2026-64096,8.8
210285,CVE-2026-63946,8.8
210285,CVE-2026-64002,7.8
210285,CVE-2026-64317,7.1
210285,CVE-2026-64319,9.1
210285,CVE-2026-64045,8.4
210285,CVE-2026-63888,9.8
210285,CVE-2026-64024,9.4
210285,CVE-2026-64445,8.8
210286,CVE-2026-74503,7.8
210286,CVE-2026-72423,8.8
210286,CVE-2026-72235,8.8
210286,CVE-2026-74549,7.8
210286,CVE-2026-80537,7.8
210286,CVE-2026-80672,8.8
210286,CVE-2026-74277,8.8
210286,CVE-2026-74295,7.1
210286,CVE-2026-72357,7.8
210286,CVE-2026-68445,7.8
210286,CVE-2026-72248,9.8
210286,CVE-2026-74403,7.8
210286,CVE-2026-64583,7.8
210286,CVE-2026-74750,7.5
210286,CVE-2026-74332,8.4
210286,CVE-2026-68453,7.1
210286,CVE-2026-74383,8.4
210286,CVE-2026-74662,9.8
210286,CVE-2026-68179,8.4
210286,CVE-2026-68329,8.8
210286,CVE-2026-74731,7.8
210286,CVE-2026-80569,7.8
210286,CVE-2026-80520,7.5
210286,CVE-2026-74521,9.1
210286,CVE-2026-80521,7.8
210287,CVE-2026-89563,7.8
210287,CVE-2026-80935,8.8
210287,CVE-2026-80943,7.6
210287,CVE-2026-89744,8.4
210287,CVE-2026-89883,7.8
210287,CVE-2026-90407,7.7
210287,CVE-2026-89750,7.8
210287,CVE-2026-89687,7.5
210287,CVE-2026-89640,7.1
210287,CVE-2026-93046,7.0
210287,CVE-2026-89758,7.8
210287,CVE-2026-89630,9.1
210287,CVE-2026-89696,7.5
210287,CVE-2026-90161,7.1
210287,CVE-2026-89684,7.5
210287,CVE-2026-89652,9.8
210287,CVE-2026-80979,7.8
210287,CVE-2026-80959,7.8
210287,CVE-2026-89456,7.0
210287,CVE-2026-89908,8.8
210287,CVE-2026-89440,7.8
210287,CVE-2026-90244,7.8
210287,CVE-2026-80753,8.4
210287,CVE-2026-93165,7.7
210287,CVE-2026-80954,7.8
210288,CVE-2024-2698,8.8
210288,CVE-2024-5154,8.1
210288,CVE-2024-3183,8.1
210288,CVE-2023-4727,7.5
210288,CVE-2024-6239,7.5
210288,CVE-2024-5742,6.7
210288,CVE-2024-3049,5.9
210288,CVE-2024-5953,5.7
210290,CVE-2024-3056,7.7
210290,CVE-2024-7006,7.5
210290,CVE-2024-7409,7.5
210290,CVE-2024-7383,7.4
210290,CVE-2024-8235,6.2
210290,CVE-2024-43168,4.8
210290,CVE-2024-43167,2.8
210291,CVE-2024-8418,7.5
210291,CVE-2024-5148,7.5
210291,CVE-2024-8445,5.7
210291,CVE-2024-8354,5.5
210291,CVE-2024-8775,5.5
210291,CVE-2024-45769,5.5
210291,CVE-2024-45770,4.4
210291,CVE-2024-45619,4.3
210291,CVE-2024-45617,3.9
210291,CVE-2024-45620,3.9
210291,CVE-2024-45618,3.9
210291,CVE-2024-45615,3.9
210291,CVE-2024-45616,3.9
210291,CVE-2024-8612,3.8
210291,CVE-2024-8443,2.9
210292,CVE-2024-9050,7.8
210292,CVE-2024-9675,7.8
210292,CVE-2024-9632,7.8
210292,CVE-2024-10573,6.7
210292,CVE-2024-9676,6.5
210292,CVE-2024-9355,6.5
210292,CVE-2024-9341,5.4
210292,CVE-2024-9979,5.3
210292,CVE-2024-10041,4.7
210292,CVE-2024-9407,4.7
210293,CVE-2024-52336,7.8
210293,CVE-2020-25720,7.5
210293,CVE-2024-8676,7.4
210293,CVE-2024-10963,7.4
210293,CVE-2024-49393,6.5
210293,CVE-2024-52337,5.5
210293,CVE-2024-52615,5.3
210293,CVE-2024-52616,5.3
210293,CVE-2024-49394,5.3
210293,CVE-2024-49395,5.3
210294,CVE-2024-11614,7.4
210295,CVE-2024-12084,9.8
210295,CVE-2024-11218,8.6
210295,CVE-2025-0650,8.1
210295,CVE-2024-12085,7.5
210295,CVE-2025-0306,7.4
210295,CVE-2024-12087,6.5
210295,CVE-2024-12088,6.5
210295,CVE-2024-12086,6.1
210295,CVE-2024-12747,5.6
210295,CVE-2024-56827,5.6
210295,CVE-2024-56826,5.6
210295,CVE-2024-11029,5.5
210296,CVE-2025-1244,8.8
210296,CVE-2025-26599,7.8
210296,CVE-2025-26600,7.8
210296,CVE-2025-26594,7.8
210296,CVE-2025-26598,7.8
210296,CVE-2025-26596,7.8
210296,CVE-2025-26601,7.8
210296,CVE-2025-26597,7.8
210296,CVE-2025-26595,7.8
210296,CVE-2025-0624,7.6
210296,CVE-2025-26465,6.8
210296,CVE-2024-45776,6.7
210296,CVE-2024-45774,6.7
210296,CVE-2024-45781,6.7
210296,CVE-2024-45777,6.7
210296,CVE-2025-0622,6.4
210296,CVE-2025-0677,6.4
210296,CVE-2025-0690,6.1
210296,CVE-2025-26466,5.9
210296,CVE-2024-11831,5.4
210296,CVE-2024-12243,5.3
210296,CVE-2024-12133,5.3
210296,CVE-2024-45775,5.2
210296,CVE-2024-45783,4.4
210296,CVE-2025-1118,4.4
210297,CVE-2024-45782,7.8
210297,CVE-2025-0678,7.8
210297,CVE-2025-0689,7.8
210297,CVE-2025-1125,7.8
210297,CVE-2024-8176,7.5
210297,CVE-2024-45780,6.7
210297,CVE-2025-0684,6.4
210297,CVE-2025-0685,6.4
210297,CVE-2025-0686,6.4
210297,CVE-2024-45779,6.0
210297,CVE-2025-2487,4.9
210297,CVE-2025-1057,4.3
210297,CVE-2024-45778,4.1
210298,CVE-2025-32049,7.5
210298,CVE-2025-32910,6.5
210298,CVE-2025-2784,7.0
210298,CVE-2025-3891,7.5
210298,CVE-2025-32906,7.5
210298,CVE-2025-3416,3.7
210298,CVE-2025-32909,5.3
210298,CVE-2025-32051,5.9
210298,CVE-2025-32050,5.9
210298,CVE-2025-3155,7.4
210298,CVE-2025-46421,6.8
210298,CVE-2025-32914,7.4
210298,CVE-2025-46397,7.8
210298,CVE-2025-32912,6.5
210298,CVE-2025-32911,9.0
210298,CVE-2025-46420,6.5
210298,CVE-2025-32053,6.5
210298,CVE-2025-32907,5.3
210298,CVE-2025-46399,5.5
210298,CVE-2025-32913,7.5
210298,CVE-2025-3360,3.7
210298,CVE-2025-3576,5.9
210298,CVE-2025-4035,4.3
210298,CVE-2025-32908,7.5
210298,CVE-2025-32052,6.5
210301,CVE-2025-5987,8.1
210301,CVE-2025-6018,7.8
210301,CVE-2025-7425,7.8
210301,CVE-2025-7345,7.5
210301,CVE-2025-4056,7.5
210301,CVE-2025-7424,7.5
210301,CVE-2025-7519,6.7
210301,CVE-2025-32990,6.5
210301,CVE-2025-5449,6.5
210301,CVE-2025-5351,6.5
210301,CVE-2025-32988,6.5
210301,CVE-2025-6395,6.5
210301,CVE-2023-2593,5.9
210301,CVE-2025-32989,5.3
210301,CVE-2025-5372,5.0
210301,CVE-2025-8114,4.7
210301,CVE-2023-32251,3.7
210301,CVE-2025-8283,3.7
210301,CVE-2025-4878,3.6
210303,CVE-2025-7493,9.1
210303,CVE-2025-9900,8.8
210303,CVE-2025-9566,8.1
210303,CVE-2025-5962,7.7
210303,CVE-2025-11021,7.5
210303,CVE-2025-9784,7.5
210303,CVE-2025-4953,7.4
210303,CVE-2025-9901,5.9
210303,CVE-2025-10911,5.5
210303,CVE-2025-60018,4.8
210303,CVE-2025-60019,3.7
210303,CVE-2025-7039,3.7
210303,CVE-2025-8277,3.1
210304,CVE-2025-11561,8.8
210304,CVE-2025-12105,7.5
210304,CVE-2025-11234,7.5
210304,CVE-2025-62230,7.3
210304,CVE-2025-62231,7.3
210304,CVE-2025-62229,7.3
210304,CVE-2025-12464,6.2
210304,CVE-2025-11568,4.4
210304,CVE-2025-9640,4.3
210304,CVE-2025-11731,3.1
210305,CVE-2025-10230,10.0
210305,CVE-2025-59088,8.6
210305,CVE-2025-13609,8.2
210305,CVE-2025-61662,7.8
210305,CVE-2025-13601,7.7
210305,CVE-2025-13502,7.5
210305,CVE-2025-59089,5.9
210305,CVE-2025-13193,5.5
210305,CVE-2025-12748,5.5
210305,CVE-2025-61664,4.9
210305,CVE-2025-54771,4.9
210305,CVE-2025-61663,4.9
210305,CVE-2025-54770,4.9
210305,CVE-2025-61661,4.8
210306,CVE-2025-66287,8.8
210306,CVE-2025-14523,8.2
210306,CVE-2025-13947,7.4
210306,CVE-2025-14512,6.5
210306,CVE-2025-14104,6.1
210306,CVE-2025-14087,5.6
210306,CVE-2025-14946,4.8
210307,CVE-2025-12543,9.6
210307,CVE-2026-0719,8.6
210307,CVE-2026-0810,7.1
210307,CVE-2025-14242,6.5
210307,CVE-2026-0990,5.9
210307,CVE-2026-1467,5.8
210307,CVE-2026-1539,5.8
210307,CVE-2026-1536,5.8
210307,CVE-2026-1489,5.4
210307,CVE-2025-11065,5.3
210307,CVE-2026-0716,4.8
210307,CVE-2026-1484,4.2
210307,CVE-2025-9820,4.0
210307,CVE-2026-0988,3.7
210307,CVE-2026-0989,3.7
210307,CVE-2025-9615,3.3
210307,CVE-2026-0992,2.9
210307,CVE-2026-1485,2.8
210308,CVE-2026-1709,9.4
210308,CVE-2026-1761,8.6
210308,CVE-2025-14905,7.2
210308,CVE-2026-26103,7.1
210308,CVE-2026-1757,6.2
210308,CVE-2026-26104,5.5
210308,CVE-2026-1801,5.3
210308,CVE-2026-2443,5.3
210308,CVE-2026-1760,5.3
210308,CVE-2025-14831,5.3
210308,CVE-2026-2243,5.1
210308,CVE-2026-28295,4.3
210308,CVE-2026-28296,4.3
210309,CVE-2026-5164,6.7
210309,CVE-2026-3634,3.9
210309,CVE-2026-2369,6.5
210309,CVE-2026-1940,5.1
210309,CVE-2026-3234,4.3
210309,CVE-2026-5165,6.7
210309,CVE-2026-28368,8.7
210309,CVE-2026-3633,3.9
210309,CVE-2026-4887,6.1
210309,CVE-2026-4111,7.5
210309,CVE-2026-5119,5.9
210309,CVE-2025-12801,6.5
210309,CVE-2026-3099,5.8
210309,CVE-2026-4105,6.7
210309,CVE-2026-4426,6.5
210309,CVE-2026-0968,3.1
210309,CVE-2026-2436,6.5
210309,CVE-2026-4271,5.3
210309,CVE-2026-4424,7.5
210309,CVE-2026-0966,6.5
210309,CVE-2026-3441,6.1
210309,CVE-2026-2239,2.8
210309,CVE-2026-2100,5.3
210309,CVE-2026-3632,3.9
210309,CVE-2026-5201,7.5
210310,CVE-2026-6845,5.0
210310,CVE-2025-14821,7.8
210310,CVE-2026-6384,7.3
210310,CVE-2026-3184,3.7
210310,CVE-2025-13763,5.7
210310,CVE-2026-5673,5.6
210310,CVE-2026-1584,7.5
210310,CVE-2026-6862,5.5
210310,CVE-2026-6245,5.5
210310,CVE-2026-6732,6.5
210310,CVE-2026-40915,5.5
210310,CVE-2026-4878,6.7
210310,CVE-2026-5745,5.5
210310,CVE-2026-6842,2.5
210310,CVE-2025-66286,4.7
210310,CVE-2026-6846,7.8
210310,CVE-2026-2708,3.7
210310,CVE-2026-3833,6.5
210310,CVE-2026-6844,5.5
210310,CVE-2026-6861,6.1
210310,CVE-2026-35094,3.3
210310,CVE-2026-6843,5.5
210310,CVE-2026-4631,9.8
210310,CVE-2026-33845,7.5
210310,CVE-2026-35091,8.2
210311,CVE-2026-4408,9.0
210311,CVE-2026-4480,9.0
210311,CVE-2026-42013,8.2
210311,CVE-2026-5260,8.2
210311,CVE-2026-4802,8.0
210311,CVE-2026-3012,8.0
210311,CVE-2026-48864,7.8
210311,CVE-2026-33846,7.5
210311,CVE-2026-42009,7.5
210311,CVE-2026-9064,7.5
210311,CVE-2026-42011,7.4
210311,CVE-2026-42012,7.1
210311,CVE-2026-42010,7.1
210311,CVE-2026-1933,7.1
210311,CVE-2026-44604,7.0
210311,CVE-2026-2340,6.5
210311,CVE-2026-9150,6.5
210311,CVE-2026-9149,6.5
210311,CVE-2026-6420,6.3
210311,CVE-2026-34000,6.1
210311,CVE-2026-34002,6.1
210311,CVE-2026-42015,5.3
210311,CVE-2026-6324,4.8
210311,CVE-2026-10028,4.3
210312,CVE-2026-50260,7.8
210312,CVE-2026-58016,7.5
210312,CVE-2026-53705,7.6
210312,CVE-2026-55654,3.7
210312,CVE-2026-53703,7.1
210312,CVE-2026-6893,7.5
210312,CVE-2026-50258,7.8
210312,CVE-2026-10805,6.7
210312,CVE-2026-4367,5.5
210312,CVE-2026-57966,4.4
210312,CVE-2026-12528,5.4
210312,CVE-2026-11850,5.0
210312,CVE-2026-11790,4.9
210312,CVE-2026-56208,7.6
210312,CVE-2026-58014,7.3
210312,CVE-2026-56211,7.1
210312,CVE-2026-52718,6.5
210312,CVE-2026-52722,7.1
210312,CVE-2026-42014,6.6
210312,CVE-2026-55653,4.3
210312,CVE-2026-50259,7.8
210312,CVE-2026-52720,8.8
210312,CVE-2026-50263,5.5
210312,CVE-2026-52721,5.3
210312,CVE-2026-10118,7.8
210313,CVE-2026-15714,6.5
210313,CVE-2026-5674,8.8
210313,CVE-2026-68562,6.2
210313,CVE-2026-64611,7.5
210313,CVE-2026-58222,8.8
210313,CVE-2026-15588,5.3
210313,CVE-2026-16461,6.5
210313,CVE-2026-16530,6.5
210313,CVE-2026-59692,7.5
210313,CVE-2026-58380,7.3
210313,CVE-2026-58384,7.3
210313,CVE-2026-15813,6.5
210313,CVE-2026-16473,4.3
210313,CVE-2026-59851,8.8
210313,CVE-2026-14969,4.4
210313,CVE-2026-16118,7.1
210313,CVE-2026-59845,5.3
210313,CVE-2026-14324,6.5
210313,CVE-2026-16560,5.3
210313,CVE-2026-66337,6.5
210313,CVE-2026-16531,5.3
210313,CVE-2026-66757,5.5
210313,CVE-2026-15722,7.5
210313,CVE-2026-15003,5.6
210313,CVE-2026-16493,7.8
210314,CVE-2026-71218,5.3
210314,CVE-2026-6426,4.4
210314,CVE-2026-6695,5.5
210314,CVE-2026-18103,4.9
210314,CVE-2026-71225,6.5
210314,CVE-2026-75900,6.1
210314,CVE-2026-68743,5.5
210314,CVE-2026-73197,7.5
210314,CVE-2026-15816,7.5
210314,CVE-2026-68744,3.3
210314,CVE-2026-73198,7.5
210314,CVE-2026-61477,2.3
210314,CVE-2026-80185,5.7
210314,CVE-2026-70367,5.4
210314,CVE-2026-18728,6.5
210314,CVE-2026-19546,8.8
210314,CVE-2026-19387,7.6
210314,CVE-2026-19404,6.5
210314,CVE-2026-19389,7.1
210314,CVE-2026-70368,6.5
210314,CVE-2026-81893,4.7
210314,CVE-2026-82327,5.5
210314,CVE-2026-83596,8.8
210314,CVE-2026-6694,5.5
210314,CVE-2026-44605,5.5
210315,CVE-2026-18743,2.5
210315,CVE-2026-79705,4.5
210315,CVE-2026-76781,5.5
210315,CVE-2026-87853,7.5
210315,CVE-2026-86320,7.8
210315,CVE-2026-91786,6.1
210315,CVE-2026-89058,7.4
210315,CVE-2026-53683,4.3
210315,CVE-2026-71219,4.7
210315,CVE-2026-92768,5.5
210315,CVE-2026-19843,8.4
210315,CVE-2026-90949,7.8
210315,CVE-2026-78409,7.0
210315,CVE-2026-18453,7.5
210315,CVE-2026-71224,4.7
210315,CVE-2026-53682,5.3
210315,CVE-2026-91147,5.9
210315,CVE-2026-92248,7.8
210315,CVE-2026-18147,8.1
210315,CVE-2026-84269,6.5
210315,CVE-2026-76560,7.5
210315,CVE-2026-91205,6.0
210315,CVE-2026-88265,5.6
210315,CVE-2026-71222,5.3
210315,CVE-2026-88264,5.6
210316,CVE-2024-2698,8.8
210316,CVE-2024-5154,8.1
210316,CVE-2024-3183,8.1
210316,CVE-2023-4727,7.5
210316,CVE-2024-6239,7.5
210316,CVE-2024-5742,6.7
210316,CVE-2024-3049,5.9
210316,CVE-2024-5953,5.7
210317,CVE-2024-6387,8.1
210317,CVE-2024-4467,7.8
210317,CVE-2024-6655,7.0
210317,CVE-2024-6409,7.0
210317,CVE-2024-6505,6.8
210317,CVE-2023-39329,6.5
210317,CVE-2024-6237,6.5
210317,CVE-2023-39328,5.5
210317,CVE-2023-39327,4.3
210317,CVE-2024-6126,3.2
210317,CVE-2024-6501,3.1
210321,CVE-2024-52336,7.8
210321,CVE-2020-25720,7.5
210321,CVE-2024-8676,7.4
210321,CVE-2024-10963,7.4
210321,CVE-2024-49393,6.5
210321,CVE-2024-52337,5.5
210321,CVE-2024-52615,5.3
210321,CVE-2024-52616,5.3
210321,CVE-2024-49394,5.3
210321,CVE-2024-49395,5.3
210322,CVE-2024-11614,7.4
210324,CVE-2025-1244,8.8
210324,CVE-2025-26599,7.8
210324,CVE-2025-26600,7.8
210324,CVE-2025-26594,7.8
210324,CVE-2025-26598,7.8
210324,CVE-2025-26596,7.8
210324,CVE-2025-26601,7.8
210324,CVE-2025-26597,7.8
210324,CVE-2025-26595,7.8
210324,CVE-2025-0624,7.6
210324,CVE-2025-26465,6.8
210324,CVE-2024-45776,6.7
210324,CVE-2024-45774,6.7
210324,CVE-2024-45781,6.7
210324,CVE-2024-45777,6.7
210324,CVE-2025-0622,6.4
210324,CVE-2025-0677,6.4
210324,CVE-2025-0690,6.1
210324,CVE-2025-26466,5.9
210324,CVE-2024-11831,5.4
210324,CVE-2024-12243,5.3
210324,CVE-2024-12133,5.3
210324,CVE-2024-45775,5.2
210324,CVE-2024-45783,4.4
210324,CVE-2025-1118,4.4
210326,CVE-2025-32913,7.5
210326,CVE-2025-32053,6.5
210326,CVE-2025-2784,7.0
210326,CVE-2025-3891,7.5
210326,CVE-2025-32049,7.5
210326,CVE-2025-3416,3.7
210326,CVE-2025-32909,5.3
210326,CVE-2025-3359,6.2
210326,CVE-2025-32050,5.9
210326,CVE-2025-3155,7.4
210326,CVE-2025-46421,6.8
210326,CVE-2025-32914,7.4
210326,CVE-2025-46397,7.8
210326,CVE-2025-32912,6.5
210326,CVE-2025-32911,9.0
210326,CVE-2025-46420,6.5
210326,CVE-2025-32910,6.5
210326,CVE-2025-32907,5.3
210326,CVE-2025-46400,5.5
210326,CVE-2025-32906,7.5
210326,CVE-2025-3360,3.7
210326,CVE-2025-3576,5.9
210326,CVE-2025-4035,4.3
210326,CVE-2025-32908,7.5
210326,CVE-2025-32052,6.5
210329,CVE-2025-5987,8.1
210329,CVE-2025-6018,7.8
210329,CVE-2025-7425,7.8
210329,CVE-2025-7345,7.5
210329,CVE-2025-4056,7.5
210329,CVE-2025-7424,7.5
210329,CVE-2025-7519,6.7
210329,CVE-2025-32990,6.5
210329,CVE-2025-5449,6.5
210329,CVE-2025-5351,6.5
210329,CVE-2025-32988,6.5
210329,CVE-2025-6395,6.5
210329,CVE-2023-2593,5.9
210329,CVE-2025-32989,5.3
210329,CVE-2025-5372,5.0
210329,CVE-2025-8114,4.7
210329,CVE-2023-32251,3.7
210329,CVE-2025-8283,3.7
210329,CVE-2025-4878,3.6
210330,CVE-2025-8067,8.5
210330,CVE-2025-8941,7.8
210330,CVE-2023-32256,7.5
210330,CVE-2023-32253,5.9
210330,CVE-2023-32255,5.3
210330,CVE-2025-4877,4.5
210331,CVE-2025-7493,9.1
210331,CVE-2025-9900,8.8
210331,CVE-2025-9566,8.1
210331,CVE-2025-11021,7.5
210331,CVE-2025-9784,7.5
210331,CVE-2025-4953,7.4
210331,CVE-2025-9901,5.9
210331,CVE-2025-10911,5.5
210331,CVE-2025-60018,4.8
210331,CVE-2025-60019,3.7
210331,CVE-2025-7039,3.7
210331,CVE-2025-8277,3.1
210332,CVE-2025-11561,8.8
210332,CVE-2025-12105,7.5
210332,CVE-2025-11234,7.5
210332,CVE-2025-62230,7.3
210332,CVE-2025-62231,7.3
210332,CVE-2025-62229,7.3
210332,CVE-2025-12464,6.2
210332,CVE-2025-11568,4.4
210332,CVE-2025-9640,4.3
210332,CVE-2025-11731,3.1
210333,CVE-2025-10230,10.0
210333,CVE-2025-59088,8.6
210333,CVE-2025-61662,7.8
210333,CVE-2025-13601,7.7
210333,CVE-2025-13502,7.5
210333,CVE-2025-59089,5.9
210333,CVE-2025-13193,5.5
210333,CVE-2025-12748,5.5
210333,CVE-2025-61664,4.9
210333,CVE-2025-54771,4.9
210333,CVE-2025-61663,4.9
210333,CVE-2025-54770,4.9
210333,CVE-2025-61661,4.8
210334,CVE-2025-66287,8.8
210334,CVE-2025-14523,8.2
210334,CVE-2025-13947,7.4
210334,CVE-2025-14512,6.5
210334,CVE-2025-14104,6.1
210334,CVE-2025-14087,5.6
210334,CVE-2025-14946,4.8
210335,CVE-2025-12543,9.6
210335,CVE-2026-0719,8.6
210335,CVE-2026-0810,7.1
210335,CVE-2025-14242,6.5
210335,CVE-2026-0990,5.9
210335,CVE-2026-1467,5.8
210335,CVE-2026-1539,5.8
210335,CVE-2026-1536,5.8
210335,CVE-2026-1489,5.4
210335,CVE-2025-11065,5.3
210335,CVE-2026-0716,4.8
210335,CVE-2026-1484,4.2
210335,CVE-2025-9820,4.0
210335,CVE-2026-0988,3.7
210335,CVE-2026-0989,3.7
210335,CVE-2025-9615,3.3
210335,CVE-2026-0992,2.9
210335,CVE-2026-1485,2.8
210336,CVE-2026-1761,8.6
210336,CVE-2025-14905,7.2
210336,CVE-2026-26103,7.1
210336,CVE-2026-1757,6.2
210336,CVE-2026-26104,5.5
210336,CVE-2026-1801,5.3
210336,CVE-2026-2443,5.3
210336,CVE-2026-1760,5.3
210336,CVE-2025-14831,5.3
210336,CVE-2026-2243,5.1
210336,CVE-2026-28295,4.3
210336,CVE-2026-28296,4.3
210337,CVE-2026-5164,6.7
210337,CVE-2026-3099,5.8
210337,CVE-2026-4426,6.5
210337,CVE-2026-4271,5.3
210337,CVE-2026-3632,3.9
210337,CVE-2026-5165,6.7
210337,CVE-2026-28368,8.7
210337,CVE-2026-0968,3.1
210337,CVE-2026-3633,3.9
210337,CVE-2026-5201,7.5
210337,CVE-2026-3442,6.1
210337,CVE-2026-2436,6.5
210337,CVE-2026-5119,5.9
210337,CVE-2026-4105,6.7
210337,CVE-2026-0966,6.5
210337,CVE-2026-2369,6.5
210337,CVE-2026-3634,3.9
210337,CVE-2026-4111,7.5
210337,CVE-2025-12801,6.5
210337,CVE-2026-3441,6.1
210337,CVE-2026-2239,2.8
210337,CVE-2026-2100,5.3
210337,CVE-2026-1940,5.1
210337,CVE-2026-4424,7.5
210337,CVE-2026-4775,7.8
210338,CVE-2026-5704,5.0
210338,CVE-2026-34001,7.8
210338,CVE-2026-6384,7.3
210338,CVE-2026-3184,3.7
210338,CVE-2025-13763,5.7
210338,CVE-2026-5673,5.6
210338,CVE-2026-35092,7.5
210338,CVE-2026-6862,5.5
210338,CVE-2026-40915,5.5
210338,CVE-2026-5265,6.5
210338,CVE-2026-6245,5.5
210338,CVE-2026-4878,6.7
210338,CVE-2026-5745,5.5
210338,CVE-2026-6842,2.5
210338,CVE-2026-40916,5.0
210338,CVE-2026-6846,7.8
210338,CVE-2026-2708,3.7
210338,CVE-2026-6732,6.5
210338,CVE-2026-40917,5.0
210338,CVE-2026-40919,6.1
210338,CVE-2026-3832,3.7
210338,CVE-2026-6843,5.5
210338,CVE-2026-4631,9.8
210338,CVE-2026-6507,7.5
210338,CVE-2026-35091,8.2
210339,CVE-2026-4480,9.0
210339,CVE-2026-4408,9.0
210339,CVE-2026-5260,8.2
210339,CVE-2026-42013,8.2
210339,CVE-2026-3012,8.0
210339,CVE-2026-4802,8.0
210339,CVE-2026-48864,7.8
210339,CVE-2026-42009,7.5
210339,CVE-2026-33846,7.5
210339,CVE-2026-9064,7.5
210339,CVE-2026-42011,7.4
210339,CVE-2026-1933,7.1
210339,CVE-2026-42012,7.1
210339,CVE-2026-42010,7.1
210339,CVE-2026-44604,7.0
210339,CVE-2026-9150,6.5
210339,CVE-2026-9149,6.5
210339,CVE-2026-2340,6.5
210339,CVE-2026-34000,6.1
210339,CVE-2026-34002,6.1
210339,CVE-2026-42015,5.3
210339,CVE-2026-6324,4.8
210339,CVE-2026-10028,4.3
210340,CVE-2026-58016,7.5
210340,CVE-2026-58011,6.5
210340,CVE-2026-53703,7.1
210340,CVE-2026-11791,5.0
210340,CVE-2026-54231,5.5
210340,CVE-2026-12892,4.4
210340,CVE-2026-11789,4.9
210340,CVE-2026-11837,7.3
210340,CVE-2026-54228,7.8
210340,CVE-2026-50256,7.8
210340,CVE-2026-11793,4.9
210340,CVE-2026-54229,7.0
210340,CVE-2026-11819,5.5
210340,CVE-2026-56208,7.6
210340,CVE-2026-4367,5.5
210340,CVE-2026-6893,7.5
210340,CVE-2026-50260,7.8
210340,CVE-2026-11850,5.0
210340,CVE-2026-50264,7.8
210340,CVE-2026-50258,7.8
210340,CVE-2026-52720,8.8
210340,CVE-2026-53701,6.5
210340,CVE-2026-53702,6.5
210340,CVE-2026-11611,6.5
210340,CVE-2026-55653,4.3
210341,CVE-2026-64611,7.5
210341,CVE-2026-16461,6.5
210341,CVE-2026-17039,3.1
210341,CVE-2026-5674,8.8
210341,CVE-2026-11610,8.8
210341,CVE-2026-12478,4.8
210341,CVE-2026-14474,8.8
210341,CVE-2026-16530,6.5
210341,CVE-2026-59845,5.3
210341,CVE-2026-58384,7.3
210341,CVE-2026-14324,6.5
210341,CVE-2026-15588,5.3
210341,CVE-2026-58381,6.1
210341,CVE-2026-64612,7.5
210341,CVE-2026-66337,6.5
210341,CVE-2026-15714,6.5
210341,CVE-2026-18358,7.5
210341,CVE-2026-14330,5.5
210341,CVE-2026-18107,7.8
210341,CVE-2026-59691,7.1
210341,CVE-2026-16524,7.8
210341,CVE-2026-66339,6.5
210341,CVE-2026-15028,3.9
210341,CVE-2026-48863,7.5
210341,CVE-2026-16526,8.8
210342,CVE-2026-6695,5.5
210342,CVE-2026-58224,6.5
210342,CVE-2026-19879,5.3
210342,CVE-2026-5680,7.5
210342,CVE-2026-44605,5.5
210342,CVE-2026-19546,8.8
210342,CVE-2026-19617,5.5
210342,CVE-2026-78367,7.0
210342,CVE-2026-78002,7.5
210342,CVE-2026-61477,2.3
210342,CVE-2026-73585,6.3
210342,CVE-2026-13002,4.4
210342,CVE-2026-80186,7.6
210342,CVE-2026-83596,8.8
210342,CVE-2026-79902,5.5
210342,CVE-2026-82327,5.5
210342,CVE-2026-68744,3.3
210342,CVE-2026-75032,6.3
210342,CVE-2026-68742,5.5
210342,CVE-2026-73197,7.5
210342,CVE-2026-82324,6.1
210342,CVE-2026-70367,5.4
210342,CVE-2026-59088,5.5
210342,CVE-2026-73196,4.3
210342,CVE-2026-73199,6.5
210343,CVE-2026-93653,5.5
210343,CVE-2026-11873,6.5
210343,CVE-2026-76560,7.5
210343,CVE-2026-89059,7.5
210343,CVE-2026-19843,8.4
210343,CVE-2026-79705,4.5
210343,CVE-2026-79699,4.4
210343,CVE-2026-78410,7.8
210343,CVE-2026-88914,4.4
210343,CVE-2026-86469,5.3
210343,CVE-2026-90463,4.0
210343,CVE-2026-76781,5.5
210343,CVE-2026-88859,6.3
210343,CVE-2026-91786,6.1
210343,CVE-2026-18147,8.1
210343,CVE-2026-90948,7.8
210343,CVE-2026-87875,4.3
210343,CVE-2026-88264,5.6
210343,CVE-2026-85150,7.5
210343,CVE-2026-85769,6.5
210343,CVE-2026-18743,2.5
210343,CVE-2026-87766,8.8
210343,CVE-2026-88924,7.0
210343,CVE-2026-88265,5.6
210343,CVE-2026-90949,7.8
210355,CVE-2025-46701,7.3
210357,CVE-2025-53506,7.5
210357,CVE-2025-52434,7.5
210357,CVE-2025-52520,7.5
210358,CVE-2025-48989,7.5
210358,CVE-2025-55668,6.5
210359,CVE-2025-55754,9.6
210359,CVE-2025-55752,7.5
210359,CVE-2025-61795,5.3
210360,CVE-2025-66614,7.6
210360,CVE-2026-24734,7.4
210360,CVE-2026-24733,6.5
210361,CVE-2026-29145,9.1
210361,CVE-2026-24880,7.5
210361,CVE-2026-29129,7.5
210361,CVE-2026-29146,7.5
210361,CVE-2026-34483,7.5
210361,CVE-2026-34487,7.5
210361,CVE-2026-34486,7.5
210361,CVE-2026-34500,6.5
210361,CVE-2026-25854,6.1
210361,CVE-2026-32990,5.3
210362,CVE-2026-41293,9.8
210362,CVE-2026-43512,9.8
210362,CVE-2026-43515,9.1
210362,CVE-2026-41284,7.5
210362,CVE-2026-43513,7.5
210362,CVE-2026-42498,7.3
210362,CVE-2026-43514,3.7
210363,CVE-2026-53434,9.1
210363,CVE-2026-55276,9.1
210363,CVE-2026-53404,7.3
210363,CVE-2026-55957,7.3
210363,CVE-2026-55955,6.5
210363,CVE-2026-55956,6.5
210363,CVE-2026-50229,6.1
210364,CVE-2026-59084,9.1
210364,CVE-2026-59083,9.1
210364,CVE-2026-66299,7.5
210365,CVE-2026-65905,9.8
210365,CVE-2026-65637,9.8
210365,CVE-2026-68525,9.1
210365,CVE-2026-65182,9.1
210365,CVE-2026-66422,8.1
210365,CVE-2026-68569,8.1
210365,CVE-2026-65183,8.1
210365,CVE-2026-68763,7.5
210365,CVE-2026-65927,7.5
210365,CVE-2026-73180,6.8
210381,CVE-2025-59718,9.1
210381,CVE-2024-47570,6.3
210381,CVE-2024-40593,5.9
210381,CVE-2025-62631,5.3
210382,CVE-2026-24858,9.4
210382,CVE-2025-25249,7.4
210383,CVE-2026-22153,7.5
210383,CVE-2025-64157,6.7
210383,CVE-2025-68686,5.3
210383,CVE-2025-55018,5.2
210383,CVE-2025-62439,3.8
210383,CVE-2026-25815,3.2
210384,CVE-2025-53847,6.2
210384,CVE-2025-61624,5.4
210385,CVE-2025-53844,8.3
210386,CVE-2025-67862,6.0
210387,CVE-2026-23573,6.1
210387,CVE-2026-59837,5.9
210387,CVE-2026-59839,5.0
210387,CVE-2026-59840,4.1
210387,CVE-2025-43892,4.1
210387,CVE-2025-62675,3.4
210387,CVE-2025-62826,3.1
210388,CVE-2026-71407,5.1
210388,CVE-2026-71408,5.0
210388,CVE-2026-70466,4.8
210389,CVE-2026-84393,7.3
210389,CVE-2026-84392,2.5
210394,CVE-2025-20239,8.6
210394,CVE-2025-20225,5.8
210395,CVE-2025-20363,9.0
210395,CVE-2025-20334,8.8
210395,CVE-2025-20315,8.6
210395,CVE-2025-20160,8.1
210395,CVE-2025-20312,7.7
210395,CVE-2025-20352,7.7
210395,CVE-2025-20311,7.4
210395,CVE-2025-20313,6.7
210395,CVE-2025-20314,6.7
210395,CVE-2025-20149,6.5
210395,CVE-2025-20240,6.1
210395,CVE-2025-20338,6.0
210395,CVE-2025-20316,5.3
210395,CVE-2025-20293,5.3
210395,CVE-2025-20365,4.3
210395,CVE-2025-20364,4.3
210396,CVE-2026-20012,8.6
210396,CVE-2026-20084,8.6
210396,CVE-2026-20086,8.6
210396,CVE-2026-20125,7.7
210396,CVE-2026-20004,7.4
210396,CVE-2026-20083,6.5
210396,CVE-2026-20110,6.5
210396,CVE-2026-20115,6.1
210396,CVE-2026-20104,6.1
210396,CVE-2026-20114,5.4
210396,CVE-2026-20113,5.3
210396,CVE-2026-20112,4.8
210397,CVE-2026-20272,9.8
210397,CVE-2026-20267,9.0
210397,CVE-2026-20268,8.6
210397,CVE-2026-20269,8.6
210397,CVE-2026-20263,8.6
210397,CVE-2026-20271,8.6
210397,CVE-2026-20270,8.6
210397,CVE-2026-20273,8.6
210397,CVE-2026-20301,8.6
210397,CVE-2026-20124,7.7
210397,CVE-2026-20311,6.3
210397,CVE-2026-20308,4.3
210398,CVE-2024-37085,6.8
210398,CVE-2024-37086,6.8
210399,CVE-2025-22224,9.3
210399,CVE-2025-22225,8.2
210399,CVE-2025-22226,7.1
210400,CVE-2025-41226,6.8
210400,CVE-2025-41227,5.5
210400,CVE-2025-41228,4.3
210401,CVE-2025-41236,9.3
210401,CVE-2025-41237,9.3
210401,CVE-2025-41238,9.3
210401,CVE-2025-41239,7.1
210408,CVE-2026-59310,9.8
210408,CVE-2026-59309,9.8
910001,CVE-2024-38476,9.8
910001,CVE-2024-38475,9.1
910001,CVE-2024-40898,9.1
910001,CVE-2024-38473,8.1
910001,CVE-2024-38474,8.1
910001,CVE-2024-38477,7.5
910001,CVE-2024-38472,7.5
910001,CVE-2024-39573,7.5
910001,CVE-2024-39884,6.2
910001,CVE-2024-36387,5.4
910001,CVE-2024-40725,5.3
910001,CVE-2025-23048,9.1
910001,CVE-2024-47252,7.5
910001,CVE-2024-43394,7.5
910001,CVE-2024-42516,7.5
910001,CVE-2024-43204,7.5
910001,CVE-2025-53020,7.5
910001,CVE-2025-49630,7.5
910001,CVE-2025-49812,7.4
910001,CVE-2025-54090,6.3
910001,CVE-2025-58098,8.3
910001,CVE-2025-55753,7.5
910001,CVE-2025-59775,7.5
910001,CVE-2025-65082,6.5
910001,CVE-2025-66200,5.4
910001,CVE-2026-28780,9.8
910001,CVE-2026-23918,8.8
910001,CVE-2026-24072,8.8
910001,CVE-2026-34059,7.5
910001,CVE-2026-29169,7.5
910001,CVE-2026-29168,7.3
910001,CVE-2026-33523,6.5
910001,CVE-2026-33007,5.3
910001,CVE-2026-33857,5.3
910001,CVE-2026-34032,5.3
910001,CVE-2026-33006,4.8
910001,CVE-2026-44631,9.8
910001,CVE-2026-29167,9.8
910001,CVE-2026-42535,9.1
910001,CVE-2026-49975,7.5
910001,CVE-2026-34355,7.5
910001,CVE-2026-42536,7.5
910001,CVE-2026-34356,7.5
910001,CVE-2026-44186,7.3
910001,CVE-2026-44185,7.3
910001,CVE-2026-48913,7.3
910001,CVE-2026-43951,6.5
910001,CVE-2026-29170,6.1
910001,CVE-2026-44119,5.5
910002,CVE-2025-32728,4.3
910002,CVE-2025-61985,3.6
910002,CVE-2025-61984,3.6
910002,CVE-2026-35385,7.5
910002,CVE-2026-35414,4.2
910002,CVE-2026-35386,3.6
910002,CVE-2026-35387,3.1
910002,CVE-2026-35388,2.5
910002,CVE-2026-60002,7.7
910002,CVE-2026-60001,6.5
910002,CVE-2026-59999,5.9
910002,CVE-2026-59998,4.8
910002,CVE-2026-59997,4.2
910002,CVE-2026-59996,4.2
910002,CVE-2026-59995,4.2
910002,CVE-2026-60000,3.7
910002,CVE-2026-73282,4.8
910002,CVE-2026-73281,3.5
910002,CVE-2026-73283,2.5
